s_m,x_m,y_m,z_m,heading_rad,curvature_radpm,slope_pct
0.0,-256.9085934392296,1060.0190554100993,0.0,2.141943896381332,0.0009499993982329892,0.0
1.0,-257.44981242709684,1060.86130320991,0.0,2.14255458135514,0.000940962211318722,0.0
2.0,-257.9920330313381,1061.7028478956759,0.0,2.143764952931067,0.0009715282999294773,0.0
3.0,-258.53523677894765,1062.5437017842928,0.0,2.144953262048471,0.0010424543737545772,0.0
4.0,-259.07940519692033,1063.3838771926567,0.0,2.1461195011212006,0.0011107764012840335,0.0
5.0,-259.6245198122505,1064.223386437663,0.0,2.1472636629699475,0.0011331066225517905,0.0
6.0,-260.1705621519328,1065.0622418362086,0.0,2.1483857408062192,0.0011110201341775522,0.0
7.0,-260.71751374296184,1065.9004557051887,0.0,2.1494857282152013,0.0010889273773650374,0.0
8.0,-261.26535611233214,1066.7380403614995,0.0,2.1505636191392474,0.0010668287022345916,0.0
9.0,-261.81407078703813,1067.575008122037,0.0,2.1516194078626847,0.0010447244430966673,0.0
10.0,-262.36363929407463,1068.4113713036966,0.0,2.152653088995339,0.0010226149186900774,0.0
11.0,-262.9140431604361,1069.2471422233748,0.0,2.153664657457443,0.0010005004325648007,0.0
12.0,-263.465263913117,1070.0823331979673,0.0,2.1546541084649893,0.000978381273386532,0.0
13.0,-264.017283079112,1070.9169565443701,0.0,2.155621437514531,0.0009562577151960928,0.0
14.0,-264.5700821854157,1071.7510245794788,0.0,2.156566640368551,0.0009341300177684467,0.0
15.0,-265.1236427590226,1072.5845496201898,0.0,2.157489713041805,0.0009119984269053534,0.0
16.0,-265.67794632692716,1073.4175439833987,0.0,2.1583906517875384,0.0008898631747022989,0.0
17.0,-266.23297441612414,1074.2500199860012,0.0,2.1592694530832306,0.0008677244799533135,0.0
18.0,-266.78870855360793,1075.0819899448938,0.0,2.16012611361831,0.0008455825484282428,0.0
19.0,-267.34513026637325,1075.913466176972,0.0,2.1609606302807975,0.0008234375731031664,0.0
20.0,-267.9022210814146,1076.744460999132,0.0,2.1617730001445548,0.0008012897346108945,0.0
21.0,-268.4599625257265,1077.5749867282696,0.0,2.1625632204578733,0.000779139201519222,0.0
22.0,-269.01833612630367,1078.4050556812804,0.0,2.163331288630478,0.0007569861305716558,0.0
23.0,-269.57732341014037,1079.2346801750605,0.0,2.16407720222231,0.0007348306671125673,0.0
24.0,-270.13690590423147,1080.0638725265064,0.0,2.1648009589330117,0.0007126729453368658,0.0
25.0,-270.6970651355714,1080.8926450525132,0.0,2.165502556589798,0.0006905130886250633,0.0
26.0,-271.2577826311547,1081.7210100699774,0.0,2.1661819931373127,0.0006683512099303623,0.0
27.0,-271.81903991797606,1082.5489798957947,0.0,2.1668392666276155,0.0006461874119904224,0.0
28.0,-272.3808185230298,1083.3765668468607,0.0,2.1674743752095287,0.0006240217877054072,0.0
29.0,-272.9430999733108,1084.203783240072,0.0,2.1680873171195736,0.0006018544204972846,0.0
30.0,-273.50586579581335,1085.0306413923238,0.0,2.1686780906722394,0.0005796853845755504,0.0
31.0,-274.06909751753216,1085.8571536205125,0.0,2.169246694250948,0.0005575147452877094,0.0
32.0,-274.63277666546173,1086.683332241534,0.0,2.169793126299737,0.0005353425594204961,0.0
33.0,-275.1968847665968,1087.509189572284,0.0,2.1703173853143354,0.0005131688755509892,0.0
34.0,-275.76140334793155,1088.3347379296586,0.0,2.1708194698346506,0.0004909937343865309,0.0
35.0,-276.32631393646096,1089.1599896305534,0.0,2.1712993784365215,0.00046881716903911035,0.0
36.0,-276.8915980591794,1089.9849569918647,0.0,2.1717571097244677,0.00044663920537663896,0.0
37.0,-277.45723724308135,1090.8096523304882,0.0,2.172192662325059,0.0004244598623551595,0.0
38.0,-278.02321301516156,1091.63408796332,0.0,2.1726060348795397,0.00040227915232675973,0.0
39.0,-278.5895069024144,1092.458276207256,0.0,2.172997226037693,0.00038009708139465277,0.0
40.0,-279.15610043183466,1093.282229379192,0.0,2.1733662344516524,0.00035791364971807634,0.0
41.0,-279.7229751304167,1094.1059597960239,0.0,2.1737130587703057,0.0003357288518239798,0.0
42.0,-280.2901125251553,1094.9294797746475,0.0,2.174037697633441,0.0003135426769472601,0.0
43.0,-280.85749414304473,1095.752801631959,0.0,2.1743401496670733,0.00029135510937547003,0.0
44.0,-281.42510151107984,1096.5759376848544,0.0,2.1746204134785065,0.0002691661287625356,0.0
45.0,-281.992916156255,1097.3989002502292,0.0,2.174878487651628,0.0002469757104312758,0.0
46.0,-282.5609196055649,1098.2217016449795,0.0,2.1751143707428664,0.0002247838257422823,0.0
47.0,-283.12909338600394,1099.0443541860016,0.0,2.1753280612777357,0.0002025904423787076,0.0
48.0,-283.69741902456684,1099.8668701901906,0.0,2.175519557746898,0.0001803955246871983,0.0
49.0,-284.26587804824817,1100.6892619744433,0.0,2.1756888586028866,0.00015819903405175518,0.0
50.0,-284.8344519840424,1101.5115418556552,0.0,2.1758359622580197,0.00013600092914150305,0.0
51.0,-285.4031223589442,1102.333722150722,0.0,2.175960867080862,0.00011380116626507382,0.0
52.0,-285.9718706999479,1103.15581517654,0.0,2.1760635713948933,9.159969974865361e-05,0.0
53.0,-286.54067853404837,1103.977833250005,0.0,2.1761440734763258,6.939648220135755e-05,0.0
54.0,-287.10952738823994,1104.7997886880128,0.0,2.1762023715522574,4.719146486488666e-05,0.0
55.0,-287.6783987895173,1105.6216938074595,0.0,2.1762384638000873,2.498459794833936e-05,0.0
56.0,-288.24727426487505,1106.443560925241,0.0,2.1762523483461784,2.775830922040003e-06,0.0
57.0,-288.81613534130764,1107.2654023582531,0.0,2.176244023265547,-1.9434887103875195e-05,0.0
58.0,-289.3849635458097,1108.0872304233917,0.0,2.1762134865814433,-4.16476070616805e-05,0.0
59.0,-289.9537404053757,1108.9090574375527,0.0,2.176160736265589,-6.386237962484133e-05,0.0
60.0,-290.5224474470004,1109.7308957176322,0.0,2.1760857702385388,-8.607925487218765e-05,0.0
61.0,-291.0910661976781,1110.552757580526,0.0,2.17598858637059,-0.00010829828197825693,0.0
62.0,-291.65957818440364,1111.3746553431304,0.0,2.175869182482891,-0.00013051950881323317,0.0
63.0,-292.2279649341713,1112.1966013223407,0.0,2.175727556348627,-0.00015274298164096628,0.0
64.0,-292.7962079739759,1113.018607835053,0.0,2.1755637056948878,-0.00017496874485981425,0.0
65.0,-293.3642888308119,1113.840687198163,0.0,2.175377628204407,-0.0001971968406089264,0.0
66.0,-293.9321890316738,1114.6628517285678,0.0,2.17516932151924,-0.00021942730844894318,0.0
67.0,-294.4998901035563,1115.4851137431617,0.0,2.174938783241914,-0.0002416601850177954,0.0
68.0,-295.0673735734538,1116.3074855588418,0.0,2.1746860109391775,-0.00026389550368618607,0.0
69.0,-295.63462096836105,1117.1299794925033,0.0,2.1744110021457788,-0.00028613329430661667,0.0
70.0,-296.20161381527237,1117.9526078610425,0.0,2.174113754367454,-0.00030837358283099443,0.0
71.0,-296.7683336411826,1118.7753829813553,0.0,2.1737942650858115,-0.0003306163909345207,0.0
72.0,-297.33476197308613,1119.5983171703374,0.0,2.1734525317618765,-0.00035286173574593834,0.0
73.0,-297.9008803379775,1120.421422744885,0.0,2.1730885518414778,-0.00037510962950279157,0.0
74.0,-298.46667026285144,1121.2447120218937,0.0,2.1727023227600424,-0.00039736007921429916,0.0
75.0,-299.03211327470234,1122.0681973182598,0.0,2.172293841947966,-0.0004196130863210229,0.0
76.0,-299.59719090052494,1122.891890950879,0.0,2.1718631068365473,-0.00044186864636694005,0.0
77.0,-300.16188466731364,1123.7158052366472,0.0,2.1714101148636464,-0.0004641267486678352,0.0
78.0,-300.7261761020631,1124.5399524924605,0.0,2.170934863480619,-0.00048638737598349907,0.0
79.0,-301.29004673176775,1125.3643450352142,0.0,2.1704373501585748,-0.0005086505041718148,0.0
80.0,-301.8534780834224,1126.1889951818052,0.0,2.1699175723956423,-0.0005309161018392596,0.0
81.0,-302.4164516840213,1127.0139152491286,0.0,2.169375527724528,-0.0005531841300749906,0.0
82.0,-302.97894906055933,1127.8391175540808,0.0,2.168811213719711,-0.0005754545420364465,0.0
83.0,-303.54095174003083,1128.6646144135577,0.0,2.1682246280063966,-0.0005977272826233219,0.0
84.0,-304.1024412494304,1129.4904181444547,0.0,2.1676157682680475,-0.0006200022882340799,0.0
85.0,-304.6633991157527,1130.3165410636682,0.0,2.166984632255168,-0.0006422794863131084,0.0
86.0,-305.2238068659922,1131.1429954880944,0.0,2.1663312177955154,-0.0006645587950578742,0.0
87.0,-305.78364602714356,1131.9697937346282,0.0,2.165655522801975,-0.0006868401231460628,0.0
88.0,-306.34289812620125,1132.7969481201665,0.0,2.164957545282918,-0.0007091233692916785,0.0
89.0,-306.9015446901599,1133.6244709616049,0.0,2.1642372833529375,-0.0007314084219817638,0.0
90.0,-307.459567246014,1134.4523745758393,0.0,2.16349473524236,-0.0007536951591613811,0.0
91.0,-308.0169473207581,1135.280671279765,0.0,2.1627298993080393,-0.0007759834477971366,0.0
92.0,-308.57366644138693,1136.1093733902794,0.0,2.1619427740450927,-0.0007982731436302665,0.0
93.0,-309.1297061348949,1136.938493224277,0.0,2.161133358097846,-0.0008205640908613024,0.0
94.0,-309.6850479282767,1137.7680430986545,0.0,2.160301650271385,-0.000842856121731263,0.0
95.0,-310.23967334852665,1138.5980353303075,0.0,2.159447649544348,-0.0008651490562313148,0.0
96.0,-310.7935639226396,1139.4284822361321,0.0,2.1585713550806838,-0.000887442701789468,0.0
97.0,-311.34670117760993,1140.259396133024,0.0,2.1576727662425554,-0.0009097368529006492,0.0
98.0,-311.89906664043224,1141.0907893378792,0.0,2.156751882603606,-0.0009320312908144438,0.0
99.0,-312.45064183810115,1141.9226741675936,0.0,2.1558087039622875,-0.00095432578321053,0.0
100.0,-313.00140829761125,1142.7550629390635,0.0,2.1548432303555987,-0.0009766200838481024,0.0
101.0,-313.55134754595696,1143.587967969184,0.0,2.1538554620730235,-0.000998913932238451,0.0
102.0,-314.1004411101329,1144.421401574852,0.0,2.1528453996713077,-0.0010212070533363194,0.0
103.0,-314.6486705171337,1145.2553760729627,0.0,2.151813043988777,-0.0010434991571913583,0.0
104.0,-315.1960172939539,1146.0899037804124,0.0,2.150758396160589,-0.0010657899386449074,0.0
105.0,-315.7424629675881,1146.9249970140968,0.0,2.1496814576342342,-0.0010880790769871268,0.0
106.0,-316.28798906503073,1147.7606680909118,0.0,2.148582230184951,-0.0011103662355976343,0.0
107.0,-316.8325771132765,1148.5969293277535,0.0,2.1474607159322563,-0.0011326510616979568,0.0
108.0,-317.3762086393199,1149.4337930415172,0.0,2.146316917355337,-0.001154933186004633,0.0
109.0,-317.9188651701554,1150.2712715491002,0.0,2.1451508373111743,-0.0011772122223655057,0.0
110.0,-318.4605282327778,1151.109377167397,0.0,2.1439624790505434,-0.001199487767488889,0.0
111.0,-319.00117935418143,1151.9481222133043,0.0,2.142751846235051,-0.0012217594006110413,0.0
112.0,-319.5408000613611,1152.7875190037178,0.0,2.1415189429557073,-0.0012440266832060803,0.0
113.0,-320.07937188131103,1153.6275798555334,0.0,2.1402637737503607,-0.0012662891586879672,0.0
114.0,-320.61687634102617,1154.4683170856472,0.0,2.138986343622002,-0.0012885463520192644,0.0
115.0,-321.1532949675008,1155.3097430109547,0.0,2.137686658057037,-0.001310797769465204,0.0
116.0,-321.6886092877296,1156.151869948352,0.0,2.1363647230445895,-0.0013330428983236837,0.0
117.0,-322.22280082870714,1156.9947102147353,0.0,2.1350205450954967,-0.0013552812065925146,0.0
118.0,-322.75585111742794,1157.8382761270004,0.0,2.133654131261828,-0.0013775121426655075,0.0
119.0,-323.28774168088654,1158.682580002043,0.0,2.1322654891564174,-0.001399735135039183,0.0
120.0,-323.81845404607753,1159.5276341567594,0.0,2.130854626973119,-0.0014219495920482533,0.0
121.0,-324.34796973999556,1160.373450908045,0.0,2.1294215535069485,-0.0014441549015804522,0.0
122.0,-324.8762702896351,1161.220042572796,0.0,2.1279662781747732,-0.0014663504307780772,0.0
123.0,-325.4033372219908,1162.0674214679084,0.0,2.1264888110363045,-0.001488535525776959,0.0
124.0,-325.92915206405706,1162.915599910278,0.0,2.124989162815106,-0.0015107095114418165,0.0
125.0,-326.45369634282866,1163.7645902168008,0.0,2.1234673449200923,-0.0015328716910688123,0.0
126.0,-326.9769515852999,1164.6144047043726,0.0,2.12192336946726,-0.001555021346160114,0.0
127.0,-327.4988993184656,1165.4650556898894,0.0,2.120357249301399,-0.0015771577361689546,0.0
128.0,-328.01952106932026,1166.3165554902473,0.0,2.118768998018483,-0.0015992800982348612,0.0
129.0,-328.53879836485834,1167.168916422342,0.0,2.117158629988275,-0.0016213876469549798,0.0
130.0,-329.0567127320744,1168.022150803069,0.0,2.115526160376561,-0.0016434795741226654,0.0
131.0,-329.57324569796316,1168.876270949325,0.0,2.1138716051684843,-0.0016655550485059464,0.0
132.0,-330.088378789519,1169.7312891780055,0.0,2.112194981191426,-0.0016876132156622742,0.0
133.0,-330.6020935337367,1170.5872178060067,0.0,2.1104963061385567,-0.0017096531976845053,0.0
134.0,-331.1143714576107,1171.4440691502243,0.0,2.108775598592385,-0.0017316740929888155,0.0
135.0,-331.6251940881354,1172.3018555275542,0.0,2.1070328780484138,-0.0017536749761282802,0.0
136.0,-332.13454295230565,1173.160589254892,0.0,2.1052681649390728,-0.0017756548975811995,0.0
137.0,-332.6423995771159,1174.0202826491345,0.0,2.1034814806581803,-0.0017976128836161287,0.0
138.0,-333.1487454895606,1174.8809480271766,0.0,2.1016728475850215,-0.0018195479360864234,0.0
139.0,-333.65356221663455,1175.7425977059154,0.0,2.099842289109093,-0.0018414590322227537,0.0
140.0,-334.1568312853321,1176.6052440022456,0.0,2.097989829654753,-0.0018633451245151048,0.0
141.0,-334.6585342226479,1177.4688992330637,0.0,2.096115494705563,-0.0018852051405727922,0.0
142.0,-335.15865255557657,1178.3335757152656,0.0,2.094219310830026,-0.0019070379829801657,0.0
143.0,-335.65716781111263,1179.1992857657474,0.0,2.092301305706342,-0.001928842529177402,0.0
144.0,-336.15406151625047,1180.0660417014046,0.0,2.0903615081476996,-0.0019506176313044726,0.0
145.0,-336.64931519798495,1180.9338558391335,0.0,2.088399948127483,-0.001972362116102331,0.0
146.0,-337.14291038331044,1181.8027404958298,0.0,2.086416656804909,-0.001994074784876755,0.0
147.0,-337.6348285992217,1182.6727079883894,0.0,2.0844116665504533,-0.0020157544133751404,0.0
148.0,-338.12505137271296,1183.5437706337084,0.0,2.0823850109716,-0.002037399751684329,0.0
149.0,-338.61356023077906,1184.4159407486825,0.0,2.0803367249385563,-0.0020590095242316586,0.0
150.0,-339.1003367004145,1185.2892306502076,0.0,2.078266844609537,-0.002080582429695697,0.0
151.0,-339.58536230861375,1186.16365265518,0.0,2.0761754074572525,-0.0021021171409729383,0.0
152.0,-340.0686185823716,1187.0392190804953,0.0,2.0740624522943496,-0.002123612305230806,0.0
153.0,-340.5500870486823,1187.9159422430491,0.0,2.071928019298799,-0.0021450665438070998,0.0
154.0,-341.02974923454065,1188.7938344597385,0.0,2.0697721500408233,-0.0021664784522443803,0.0
155.0,-341.50758666694117,1189.672908047458,0.0,2.067594887507609,-0.0021878466003739023,0.0
156.0,-341.9835808728783,1190.5531753231041,0.0,2.065396276129316,-0.0022091695322782484,0.0
157.0,-342.4577133793468,1191.4346486035731,0.0,2.063176361805478,-0.0022304457663890886,0.0
158.0,-342.929965713341,1192.3173402057605,0.0,2.0609351919298904,-0.0022516737955717847,0.0
159.0,-343.40031940185577,1193.2012624465624,0.0,2.058672815416477,-0.0022728520871400093,0.0
160.0,-343.8687559718854,1194.0864276428745,0.0,2.0563892827247763,-0.0022939790830107027,0.0
161.0,-344.3352569504246,1194.9728481115928,0.0,2.054084645885399,-0.0023150531998514167,0.0
162.0,-344.79980386446783,1195.8605361696132,0.0,2.051758958525028,-0.0023360728291728083,0.0
163.0,-345.2623782410097,1196.7495041338318,0.0,2.0494122758919366,-0.0023570363374728776,0.0
164.0,-345.7229616070448,1197.6397643211444,0.0,2.0470446548807075,-0.002377942066441247,0.0
165.0,-346.18153548956775,1198.5313290484469,0.0,2.044656154056741,-0.0023987883331310234,0.0
166.0,-346.63808141557297,1199.424210632635,0.0,2.042246833681207,-0.0024195734301673305,0.0
167.0,-347.0925809120551,1200.3184213906052,0.0,2.039816755735426,-0.002440295626001993,0.0
168.0,-347.5450155060087,1201.2139736392528,0.0,2.037365983944572,-0.002460953165133807,0.0
169.0,-347.9953667244283,1202.1108796954743,0.0,2.034894583802021,-0.0024815442683613193,0.0
170.0,-348.4436160943086,1203.009151876165,0.0,2.0324026225926013,-0.0025020671330725336,0.0
171.0,-348.889745142644,1203.9088024982216,0.0,2.029890169416015,-0.002522519933594377,0.0
172.0,-349.33373539642923,1204.809843878539,0.0,2.02735729520956,-0.002542900821491318,0.0
173.0,-349.7755683826586,1205.7122883340141,0.0,2.0248040727713295,-0.0025632079258736274,0.0
174.0,-350.21522562832683,1206.616148181542,0.0,2.022230576782288,-0.0025834393538095896,0.0
175.0,-350.6526886604286,1207.5214357380191,0.0,2.0196368838273884,-0.0026035931906974253,0.0
176.0,-351.0879390059583,1208.4281633203414,0.0,2.017023072418326,-0.0026236675006701443,0.0
177.0,-351.5209581919105,1209.3363432454046,0.0,2.0143892230140654,-0.0026436603270617743,0.0
178.0,-351.9517277452798,1210.2459878301045,0.0,2.0117354180412166,-0.0026635696927831565,0.0
179.0,-352.38022919306087,1211.1571093913374,0.0,2.0090617419145946,-0.0026833936008456055,0.0
180.0,-352.80644406224803,1212.0697202459987,0.0,2.006368281056913,-0.002703130034891849,0.0
181.0,-353.23035387983606,1212.9838327109849,0.0,2.0036551239178397,-0.002722776959619866,0.0
182.0,-353.6519401728195,1213.8994591031917,0.0,2.0009223609928726,-0.0027423323213804996,0.0
183.0,-354.0711844681929,1214.8166117395147,0.0,1.9981700848410033,-0.002761794048743612,0.0
184.0,-354.48806829295063,1215.7353029368503,0.0,1.9953983901029022,-0.0027811600530555087,0.0
185.0,-354.9025731740875,1216.655545012094,0.0,1.9926073735177017,-0.0028004282290662002,0.0
186.0,-355.314680638598,1217.577350282142,0.0,1.9897971339387825,-0.0028195964555116004,0.0
187.0,-355.72437221347667,1218.5007310638903,0.0,1.9869677723503145,-0.002838662595801487,0.0
188.0,-356.13162942571813,1219.4256996742342,0.0,1.984119391881661,-0.0028576244987113452,0.0
189.0,-356.5364338023169,1220.3522684300706,0.0,1.9812520978221244,-0.002876479999016079,0.0
190.0,-356.93876687026744,1221.2804496482945,0.0,1.978365997634589,-0.0028952269182591006,0.0
191.0,-357.33861015656447,1222.2102556458024,0.0,1.9754612009680956,-0.002913863065455332,0.0
192.0,-357.7359451882025,1223.14169873949,0.0,1.9725378196705494,-0.0029323862378357124,0.0
193.0,-358.13075349217615,1224.0747912462532,0.0,1.9695959677997097,-0.0029507942216915966,0.0
194.0,-358.52301659547993,1225.0095454829877,0.0,1.96663576163376,-0.0029690847931289938,0.0
195.0,-358.9127160251084,1225.9459737665904,0.0,1.963657319681841,-0.002987255718892055,0.0
196.0,-359.29983330805607,1226.8840884139559,0.0,1.9606607626922445,-0.003005304757214833,0.0
197.0,-359.68434997131754,1227.823901741981,0.0,1.9576462136607866,-0.003023229658685828,0.0
198.0,-360.0662475418875,1228.765426067561,0.0,1.9546137978380922,-0.00304102816714602,0.0
199.0,-360.44550754676027,1229.7086737075927,0.0,1.951563642736064,-0.0030586980205627207,0.0
200.0,-360.8221115129307,1230.653656978971,0.0,1.9484958781331874,-0.0030762369519750244,0.0
201.0,-361.1960409673932,1231.6003881985923,0.0,1.9454106360786807,-0.00309364269044884,0.0
202.0,-361.56727743714225,1232.5488796833529,0.0,1.942308050896876,-0.0031109129620220384,0.0
203.0,-361.93580244917246,1233.4991437501483,0.0,1.9391882591893315,-0.003128045490690028,0.0
204.0,-362.30159753047855,1234.4511927158742,0.0,1.9360513998360493,-0.0031450379993728556,0.0
205.0,-362.66464420805494,1235.405038897427,0.0,1.9328976139965457,-0.003161888210977515,0.0
206.0,-363.0249240088962,1236.360694611702,0.0,1.929727045109302,-0.0031785938494522776,0.0
207.0,-363.382418459997,1237.3181721755961,0.0,1.926539838890289,-0.003195152640770114,0.0
208.0,-363.73710908835176,1238.2774839060044,0.0,1.923336143330359,-0.0032115623140015798,0.0
209.0,-364.0889774209551,1239.238642119823,0.0,1.9201161086915124,-0.003227820602424928,0.0
210.0,-364.4380049848016,1240.2016591339477,0.0,1.9168798875023632,-0.003243925244618869,0.0
211.0,-364.7841733068858,1241.1665472652749,0.0,1.913627634552236,-0.0032598739855608555,0.0
212.0,-365.12746391420234,1242.1333188307,0.0,1.9103595068843369,-0.0032756645777338883,0.0
213.0,-365.46785833374565,1243.1019861471193,0.0,1.9070756637875619,-0.0032912947822745387,0.0
214.0,-365.8053380925104,1244.0725615314284,0.0,1.903776266787365,-0.0033067623701050126,0.0
215.0,-366.1398847174911,1245.0450573005235,0.0,1.900461479635431,-0.003322065123092648,0.0
216.0,-366.47147973568235,1246.0194857713002,0.0,1.897131468298166,-0.0033372008352183,0.0
217.0,-366.80010467407874,1246.9958592606547,0.0,1.893786400943866,-0.003352167313732652,0.0
218.0,-367.1257410596747,1247.9741900854829,0.0,1.890426447929263,-0.0033669623803600974,0.0
219.0,-367.448370419465,1248.9544905626806,0.0,1.887051781784013,-0.0033815838724507836,0.0
220.0,-367.7679742804439,1249.9367730091437,0.0,1.8836625771948297,-0.003396029644173657,0.0
221.0,-368.08453416960634,1250.921049741768,0.0,1.88025901098784,-0.003410297567757189,0.0
222.0,-368.39803161394667,1251.90733307745,0.0,1.8768412621099146,-0.0034243855346554686,0.0
223.0,-368.70844814045944,1252.8956353330852,0.0,1.8734095116093714,-0.003438291456738605,0.0
224.0,-369.01576527613923,1253.8859688255693,0.0,1.8699639426142294,-0.003471281931678687,0.0
225.0,-369.31996454798065,1254.8783458717985,0.0,1.866504740310299,-0.0037617770528902534,0.0
226.0,-369.62102748297826,1255.8727787886687,0.0,1.8630320919178003,-0.004852350141936999,0.0
227.0,-369.9189356081266,1256.869279893076,0.0,1.8595461866667018,-0.007205841654010947,0.0
228.0,-370.21367045042024,1257.8678615019157,0.0,1.8557774544724663,-0.010997020923841978,0.0
229.0,-370.50460441300936,1258.8684558188477,0.0,1.8486579398848249,-0.01630483279813185,0.0
230.0,-370.78480896275124,1259.8701663352651,0.0,1.8336599318473432,-0.023219055964750615,0.0
231.0,-371.04363262168147,1260.8716068931037,0.0,1.8088317392201043,-0.03180345214249355,0.0
232.0,-371.2703755707891,1261.8713849763851,0.0,1.7736786507706364,-0.04186621969117118,0.0
233.0,-371.454337991063,1262.8681080691294,0.0,1.727590522283617,-0.05279671224604292,0.0
234.0,-371.584820063492,1263.8603836553575,0.0,1.6699209727943765,-0.06356718219095123,0.0
235.0,-371.651121969065,1264.8468192190905,0.0,1.600154338349882,-0.07291141738425948,0.0
236.0,-371.6425438887708,1265.826022244349,0.0,1.5181539803310127,-0.07997211302363727,0.0
237.0,-371.5483860035984,1266.7966002151538,0.0,1.4250099199565545,-0.08453389759272749,0.0
238.0,-371.35903047142745,1267.7569429950202,0.0,1.3275412004375757,-0.0866238993766779,0.0
239.0,-371.0751854430363,1268.703363556712,0.0,1.2342093461735322,-0.08632421547176268,0.0
240.0,-370.7032873399772,1269.6310227326903,0.0,1.1474502445497994,-0.08383839421737492,0.0
241.0,-370.2498336881349,1270.5350690653613,0.0,1.0665866842300091,-0.07986835317817727,0.0
242.0,-369.72132201339406,1271.4106510971308,0.0,0.9907540356407587,-0.0756417175607985,0.0
243.0,-369.1242498416394,1272.2529173704038,0.0,0.9190152664354584,-0.07204773724362931,0.0
244.0,-368.4651146987556,1273.0570164275875,0.0,0.8504111148088598,-0.069242652764162,0.0
245.0,-367.75041411062756,1273.8180968110864,0.0,0.7839830610907885,-0.06708283355766953,0.0
246.0,-366.9866456031398,1274.5313070633074,0.0,0.7187834396691402,-0.06542781099478238,0.0
247.0,-366.1802866159486,1275.1918292980645,0.0,0.6542078296433809,-0.0641655718434662,0.0
248.0,-365.3368275607942,1275.7964953125818,0.0,0.5904319604381596,-0.06318960176145963,0.0
249.0,-364.4603427225736,1276.3445037682002,0.0,0.5277490896252347,-0.06239767659011198,0.0
250.0,-363.5547969590756,1276.835236218844,0.0,0.466030858524029,-0.061715565187353584,0.0
251.0,-362.62415512808883,1277.2680742184382,0.0,0.40507751691176225,-0.06115130343774143,0.0
252.0,-361.67238208740173,1277.6423993209066,0.0,0.3446622343274512,-0.06077843949378283,0.0
253.0,-360.70344269480313,1277.9575930801745,0.0,0.28453679417090977,-0.060649017448446536,0.0
254.0,-359.7213018080814,1278.2130370501661,0.0,0.22443656251866104,-0.06071538809442677,0.0
255.0,-358.72992428502533,1278.4081127848058,0.0,0.16408497943449943,-0.06071908735390914,0.0
256.0,-357.7332749834235,1278.5422018380184,0.0,0.10319791771593527,-0.060284296630664196,0.0
257.0,-356.7353187610645,1278.614685763728,0.0,0.04149578615507691,-0.05918361705732075,0.0
258.0,-355.7400089127016,1278.6249614873805,0.0,-0.020402844041260443,-0.05733741945113979,0.0
259.0,-354.7499840229329,1278.574173667135,0.0,-0.07992462767425426,-0.05469720263656772,0.0
260.0,-353.76537350331745,1278.4668025737822,0.0,-0.13485649665668348,-0.05122789675925614,0.0
261.0,-352.78602455040317,1278.3077036455268,0.0,-0.18474078545623626,-0.04696769506118536,0.0
262.0,-351.81178436073776,1278.1017323205724,0.0,-0.22946154490656034,-0.04216318785746458,0.0
263.0,-350.84250013086904,1277.8537440371235,0.0,-0.26901639485495316,-0.03717612668966743,0.0
264.0,-349.8780190573447,1277.5685942333848,0.0,-0.30348045590362066,-0.03221585038299916,0.0
265.0,-348.91818833671266,1277.2511383475596,0.0,-0.33297433283915795,-0.027338778749550055,0.0
266.0,-347.9628551655205,1276.9062318178524,0.0,-0.3576377688808611,-0.02260091943702313,0.0
267.0,-347.0118667403161,1276.5387300824677,0.0,-0.37760912910542066,-0.01817457735547083,0.0
268.0,-346.0650702576472,1276.153488579609,0.0,-0.3930100583694873,-0.014297683521631504,0.0
269.0,-345.12231291406164,1275.7553627474813,0.0,-0.40393517448701005,-0.011083199985958516,0.0
270.0,-344.1834419201089,1275.3492061603458,0.0,-0.41095563739282726,-0.008527494829783568,0.0
271.0,-343.248313038858,1274.9387338726328,0.0,-0.4159852963423382,-0.006611766127607638,0.0
272.0,-342.31680510317534,1274.5245898645137,0.0,-0.42063706170328147,-0.005320347058428222,0.0
273.0,-341.3888007968222,1274.1069054812226,0.0,-0.4251398398201568,-0.0046054726782535985,0.0
274.0,-340.46418280355965,1273.685812067995,0.0,-0.4294919857830949,-0.004289442826107119,0.0
275.0,-339.5428338071492,1273.2614409700652,0.0,-0.43369192747832,-0.004120156264894335,0.0
276.0,-338.62463649135185,1272.8339235326685,0.0,-0.43773816419617245,-0.003965874270596684,0.0
277.0,-337.70947353992904,1272.4033911010392,0.0,-0.44162926517921525,-0.0038101927205462243,0.0
278.0,-336.797227636642,1271.9699750204122,0.0,-0.4453638681214499,-0.0036531792389809014,0.0
279.0,-335.88778146525186,1271.5338066360223,0.0,-0.44894067763269047,-0.003494899926240866,0.0
280.0,-334.9810177095201,1271.0950172931043,0.0,-0.4523584636791014,-0.0033354193404027794,0.0
281.0,-334.0768190532076,1270.653738336893,0.0,-0.45561606001179744,-0.003174800490514111,0.0
282.0,-333.17506818007604,1270.210101112623,0.0,-0.4587123625953501,-0.003013104840819914,0.0
283.0,-332.27564777388636,1269.764236965529,0.0,-0.4616463280465145,-0.002850392325633674,0.0
284.0,-331.3784405184,1269.3162772408461,0.0,-0.4644169720945121,-0.0026867213746784337,0.0
285.0,-330.4833290973781,1268.8663532838093,0.0,-0.4670233680733506,-0.0025221489480364884,0.0
286.0,-329.5901961945819,1268.4145964396523,0.0,-0.46946464545226857,-0.002356730580406954,0.0
287.0,-328.6989244937728,1267.961138053611,0.0,-0.4717399884183947,-0.0021905204342311762,0.0
288.0,-327.80939667871183,1267.5061094709197,0.0,-0.4738486345180022,-0.0020235713610002276,0.0
289.0,-326.9214954331605,1267.049642036813,0.0,-0.4757898733616562,-0.0018559349704831657,0.0
290.0,-326.0351034408798,1266.5918670965261,0.0,-0.4775630454059058,-0.0016876617071844055,0.0
291.0,-325.15010338563116,1266.1329159952932,0.0,-0.4791675408143573,-0.0015188009334198879,0.0
292.0,-324.26637795117585,1265.6729200783498,0.0,-0.4806027984075086,-0.0013494010187787286,0.0
293.0,-323.383809821275,1265.21201069093,0.0,-0.4818683047048749,-0.0011795094353458538,0.0
294.0,-322.50228167968993,1264.750319178269,0.0,-0.48296359306637004,-0.0010091728580007325,0.0
295.0,-321.6216762101818,1264.287976885601,0.0,-0.4838882429379053,-0.0008384372694391034,0.0
296.0,-320.7418760965121,1263.8251151581615,0.0,-0.4846418792046553,-0.0006673480694629434,0.0
297.0,-319.86276402244187,1263.361865341185,0.0,-0.4852241716577486,-0.0004959501878500995,0.0
298.0,-318.98422267173237,1262.898358779906,0.0,-0.4856348345745247,-0.0003242882004455153,0.0
299.0,-318.10613472814487,1262.4347268195597,0.0,-0.4858736264194886,-0.00015240644801701013,0.0
300.0,-317.22838287544073,1261.9711008053807,0.0,-0.4859403496653761,1.9650842970354276e-05,0.0
301.0,-316.3508497973811,1261.5076120826034,0.0,-0.48583485073577026,0.00019183943778835238,0.0
302.0,-315.47341817772724,1261.0443919964632,0.0,-0.4855570200747423,0.00036411496964527544,0.0
303.0,-314.59597070024046,1260.5815718921947,0.0,-0.48510679234005644,0.0005364328154506666,0.0
304.0,-313.71839004868195,1260.1192831150322,0.0,-0.4844841467207625,0.0007087479713473018,0.0
305.0,-312.84055890681293,1259.6576570102109,0.0,-0.4836891073824739,0.0008810149286935043,0.0
306.0,-311.9623599583948,1259.1968249229656,0.0,-0.4827217440365056,0.0010531875510990185,0.0
307.0,-311.08367588718863,1258.736918198531,0.0,-0.4815821726320498,0.0012251664644484911,0.0
308.0,-310.2043893769559,1258.2780681821416,0.0,-0.48027055617023434,0.0013938839677009038,0.0
309.0,-309.3243831114576,1257.8204062190327,0.0,-0.47878710563856913,0.0015490311839859278,0.0
310.0,-308.4435397744552,1257.3640636544385,0.0,-0.4771320810608433,0.0016785451149842437,0.0
311.0,-307.5617420497098,1256.909171833594,0.0,-0.47530652749769675,0.001777331788850938,0.0
312.0,-306.6788735763353,1256.4558609531987,0.0,-0.473352351057727,0.0018450611188327818,0.0
313.0,-305.79487108876435,1256.0041973781695,0.0,-0.4713720637854495,0.0018817730576765968,0.0
314.0,-304.9097512771322,1255.5541513497901,0.0,-0.46943222127332646,0.001887567241759266,0.0
315.0,-304.02353744285307,1255.1056851611916,0.0,-0.46753786248504453,0.0018655181186549177,0.0
316.0,-303.13625288734136,1254.6587611055043,0.0,-0.4656889436601,0.0018259478529066009,0.0
317.0,-302.2479209120113,1254.2133414758584,0.0,-0.4638854202318401,0.0017809393465853568,0.0
318.0,-301.3585648182772,1253.7693885653848,0.0,-0.46212724694207025,0.0017356131842523365,0.0
319.0,-300.46820790755334,1253.3268646672138,0.0,-0.46041437795218465,0.001690332885008575,0.0
320.0,-299.5768734812542,1252.885732074476,0.0,-0.4587467669502994,0.0016450988759751253,0.0
321.0,-298.6845848407939,1252.445953080302,0.0,-0.4571243672562815,0.0015999114813340931,0.0
322.0,-297.791365287587,1252.007489977822,0.0,-0.45554713192255675,0.001554770925570532,0.0
323.0,-296.8972381230475,1251.570305060167,0.0,-0.45401501383246773,0.0015096773365293273,0.0
324.0,-296.00222664858995,1251.1343606204673,0.0,-0.4525279657958206,0.0014646307486067109,0.0
325.0,-295.10635416562855,1250.6996189518532,0.0,-0.45108594063941243,0.0014196311058624425,0.0
326.0,-294.20964397557776,1250.2660423474556,0.0,-0.449688891296855,0.0013746782650285846,0.0
327.0,-293.31211937985165,1249.8335931004046,0.0,-0.4483367708942185,0.001329771998660154,0.0
328.0,-292.4138036798648,1249.402233503831,0.0,-0.4470295328318685,0.0012849119981648124,0.0
329.0,-291.51472017703134,1248.9719258508653,0.0,-0.44576713086489556,0.0012400978767680344,0.0
330.0,-290.6148921727657,1248.5426324346383,0.0,-0.44454951917972874,0.0011953291725436885,0.0
331.0,-289.7143429684822,1248.1143155482803,0.0,-0.44337665246731744,0.0011506053513164116,0.0
332.0,-288.8130958655949,1247.6869374849214,0.0,-0.4422484859936082,0.0011059258096174243,0.0
333.0,-287.9111741655184,1247.2604605376926,0.0,-0.44116497566790674,0.0010612898776803498,0.0
334.0,-287.00860116966703,1246.8348469997243,0.0,-0.4401260781075551,0.0010166968222448905,0.0
335.0,-286.10540017945493,1246.4100591641472,0.0,-0.43913175070010213,0.0009721458493436545,0.0
336.0,-285.2015944962965,1245.9860593240915,0.0,-0.438181951662018,0.0009276361071978076,0.0
337.0,-284.29720742160606,1245.5628097726878,0.0,-0.4372766400950814,0.0008831666890816832,0.0
338.0,-283.39226225679784,1245.1402728030669,0.0,-0.43641577604053633,0.0008387366360428321,0.0
339.0,-282.4867823032863,1244.7184107083592,0.0,-0.43559932052957817,0.0007943449396077354,0.0
340.0,-281.58079086248557,1244.297185781695,0.0,-0.4348272356311675,0.0007499905445238685,0.0
341.0,-280.6743112358102,1243.8765603162046,0.0,-0.4340994844971508,0.0007056723514970244,0.0
342.0,-279.76736672467433,1243.4564966050193,0.0,-0.4334160314059068,0.0006613892199103838,0.0
343.0,-278.8599806304924,1243.0369569412692,0.0,-0.43277684180170506,0.0006171399704395667,0.0
344.0,-277.9521762546785,1242.617903618085,0.0,-0.4321818823320602,0.0005729233875888132,0.0
345.0,-277.0439768986472,1242.1992989285968,0.0,-0.4316311208825992,0.0005287382223757377,0.0
346.0,-276.1354058638127,1241.7811051659353,0.0,-0.43112452660876993,0.0004845831950259544,0.0
347.0,-275.2264864515893,1241.363284623231,0.0,-0.4306620699658218,0.0004404569974566904,0.0
348.0,-274.3172419633913,1240.945799593615,0.0,-0.4302437227362531,0.00039635829577551663,0.0
349.0,-273.4076957006332,1240.5286123702172,0.0,-0.42986945805354415,0.00035228573287440383,0.0
350.0,-272.49787096472903,1240.111685246168,0.0,-0.42953925042370433,0.00030823793096284734,0.0
351.0,-271.58779105709334,1239.6949805145985,0.0,-0.42925307574566723,0.00026421349405289106,0.0
352.0,-270.6774792791403,1239.278460468639,0.0,-0.4290109113281349,0.0002202110105029179,0.0
353.0,-269.7669589322843,1238.8620874014196,0.0,-0.42881273590299257,0.0001762290554242445,0.0
354.0,-268.8562533179396,1238.4458236060714,0.0,-0.4286585296381193,0.00013226619310856082,0.0
355.0,-267.9453857375206,1238.0296313757246,0.0,-0.42854827414721514,8.832097960305627e-05,0.0
356.0,-267.03437949244153,1237.6134730035096,0.0,-0.4284819524955413,4.439196512193156e-05,0.0
357.0,-266.12325788411675,1237.1973107825575,0.0,-0.4284595492057678,4.776964147737801e-07,0.0
358.0,-265.2120442139605,1236.7811070059984,0.0,-0.42848105026008393,-4.342328073976355e-05,0.0
359.0,-264.30076178338726,1236.3648239669628,0.0,-0.4285464430992754,-8.731241913176709e-05,0.0
360.0,-263.38943389381114,1235.948423958581,0.0,-0.428655716620145,-0.00013119116775327033,0.0
361.0,-262.47808384664665,1235.5318692739843,0.0,-0.42880886117116,-0.00017506096927981583,0.0
362.0,-261.56673494330795,1235.1151222063024,0.0,-0.4290058685445311,-0.00021892325766571203,0.0
363.0,-260.6554104852095,1234.6981450486664,0.0,-0.42924673196607005,-0.00026277945586511024,0.0
364.0,-259.74413377376544,1234.2809000942068,0.0,-0.4295314460837848,-0.0003066309733542446,0.0
365.0,-258.83292811039024,1233.8633496360535,0.0,-0.42986000695198434,-0.00035047920365952057,0.0
366.0,-257.9218167964981,1233.4454559673375,0.0,-0.430232412014695,-0.0003943255220081638,0.0
367.0,-257.01082313350344,1233.0271813811894,0.0,-0.430648660086837,-0.0004381712828778908,0.0
368.0,-256.09997042282043,1232.6084881707395,0.0,-0.43110875133142745,-0.00048201781764565474,0.0
369.0,-255.18928196586361,1232.1893386291185,0.0,-0.43161268723549695,-0.0005258664321583029,0.0
370.0,-254.2787810640471,1231.7696950494567,0.0,-0.4321604705832185,-0.0005697184042065975,0.0
371.0,-253.36849101878528,1231.3495197248849,0.0,-0.4327521054269268,-0.0006135749811645798,0.0
372.0,-252.45843513149245,1230.9287749485336,0.0,-0.4333875970558815,-0.0006574373775495895,0.0
373.0,-251.54863670358296,1230.5074230135328,0.0,-0.4340669519610141,-0.0007013067725805954,0.0
374.0,-250.63911903647113,1230.0854262130138,0.0,-0.43479017779941026,-0.0007451843077192687,0.0
375.0,-249.7299054315712,1229.6627468401064,0.0,-0.4355572833551583,-0.0007890710841282504,0.0
376.0,-248.82101919029756,1229.2393471879416,0.0,-0.43636827849746035,-0.0008329681602626181,0.0
377.0,-247.91248361406448,1228.8151895496499,0.0,-0.43722317413738343,-0.0008768765493765944,0.0
378.0,-247.0043220042863,1228.3902362183617,0.0,-0.43812198218083165,-0.0009207972169813822,0.0
379.0,-246.09655766237736,1227.9644494872075,0.0,-0.43906471547977216,-0.0009647310783873167,0.0
380.0,-245.18921388975193,1227.5377916493178,0.0,-0.44005138778080005,-0.0010086789961228399,0.0
381.0,-244.28231398782435,1227.110224997823,0.0,-0.4410820136708966,-0.001052641777386755,0.0
382.0,-243.3758812580089,1226.681711825854,0.0,-0.4421566085214113,-0.0010966201715290453,0.0
383.0,-242.46993900171992,1226.2522144265413,0.0,-0.4432751884286298,-0.0011406148674495567,0.0
384.0,-241.56451052037175,1225.8216950930153,0.0,-0.44443777015193375,-0.0011846264910501114,0.0
385.0,-240.65961911537866,1225.3901161184062,0.0,-0.4456443710496959,-0.0012286556026353057,0.0
386.0,-239.75528808815503,1224.957439795845,0.0,-0.44689500901231455,-0.0012727026942356754,0.0
387.0,-238.85154074011507,1224.5236284184616,0.0,-0.44818970239255146,-0.0013167681870173181,0.0
388.0,-237.94840037267323,1224.0886442793874,0.0,-0.44952846993384676,-0.0013608524286676407,0.0
389.0,-237.04589028724368,1223.6524496717523,0.0,-0.45091133069535544,-0.0014049556907366556,0.0
390.0,-236.14403378524085,1223.215006888687,0.0,-0.4523383039739851,-0.0014490781659676289,0.0
391.0,-235.242854168079,1222.776278223322,0.0,-0.4538094092248209,-0.0014932199655523265,0.0
392.0,-234.34237473717246,1222.3362259687879,0.0,-0.45532466597815574,-0.0015373811164751394,0.0
393.0,-233.4426187939355,1221.8948124182152,0.0,-0.4568840937541679,-0.0015815615588854152,0.0
394.0,-232.54360963978255,1221.4519998647343,0.0,-0.4584877119742449,-0.0016257611432978453,0.0
395.0,-231.64537057612776,1221.0077506014754,0.0,-0.46013553986988587,-0.0016699796279020637,0.0
396.0,-230.74792490438566,1220.56202692157,0.0,-0.4618275963899683,-0.0017142166758186536,0.0
397.0,-229.85129592597033,1220.1147911181477,0.0,-0.4635639001037681,-0.0017584718523116017,0.0
398.0,-228.95550694229627,1219.6660054843394,0.0,-0.46534446910120775,-0.001802744622194612,0.0
399.0,-228.06058125477767,1219.215632313276,0.0,-0.46716932089239777,-0.0018470343469730625,0.0
400.0,-227.16654216482897,1218.7636338980872,0.0,-0.469038472301387,-0.0018913402820341014,0.0
401.0,-226.2734129738643,1218.3099725319041,0.0,-0.4709519393593882,-0.001935661574030475,0.0
402.0,-225.3812169832982,1217.8546105078572,0.0,-0.47290973719546714,-0.001979997258072237,0.0
403.0,-224.4899774945448,1217.3975101190765,0.0,-0.4749118799220099,-0.002024346254998798,0.0
404.0,-223.59971780901856,1216.938633658693,0.0,-0.4769583805202039,-0.002068707368644586,0.0
405.0,-222.71046122813365,1216.4779434198372,0.0,-0.4790492507211986,-0.0021130792830456636,0.0
406.0,-221.8222310533045,1216.0154016956399,0.0,-0.48118450088541825,-0.0021574605598199126,0.0
407.0,-220.9350505859454,1215.550970779231,0.0,-0.4833641398783497,-0.002201849635453057,0.0
408.0,-220.04894312747064,1215.0846129637412,0.0,-0.48558817494344975,-0.0022460228086546297,0.0
409.0,-219.1639319792945,1214.6162905423012,0.0,-0.4878566115740449,-0.0022881929781692623,0.0
410.0,-218.28004044283136,1214.1459658080414,0.0,-0.4901694533809109,-0.002324952631808993,0.0
411.0,-217.39729181949554,1213.6736010540924,0.0,-0.4925267019576457,-0.0023539557571452857,0.0
412.0,-216.5157094107013,1213.1991585735846,0.0,-0.4949252486049216,-0.0023746982708092407,0.0
413.0,-215.63531367072483,1212.7226061947827,0.0,-0.4973432046960649,-0.002387178477732978,0.0
414.0,-214.75610785272383,1212.243945186723,0.0,-0.49975477291302894,-0.0023913959144733726,0.0
415.0,-213.87808878261623,1211.7631893136672,0.0,-0.5021529225088045,-0.002387572510649154,0.0
416.0,-213.0012532752144,1211.2803523614677,0.0,-0.5045376398000195,-0.0023774938663914313,0.0
417.0,-212.12559814533068,1210.7954481159768,0.0,-0.506908923843198,-0.002364566278982544,0.0
418.0,-211.25112020777752,1210.3084903630468,0.0,-0.5092667742979858,-0.0023511348482516676,0.0
419.0,-210.3778162773672,1209.8194928885293,0.0,-0.5116111914136696,-0.0023377030636949386,0.0
420.0,-209.50568316891216,1209.3284694782774,0.0,-0.5139421760167969,-0.002324272362009145,0.0
421.0,-208.63471769722472,1208.8354339181426,0.0,-0.5162597294980525,-0.0023108433010195174,0.0
422.0,-207.7649166771173,1208.3403999939778,0.0,-0.5185638537993043,-0.0022974164257601143,0.0
423.0,-206.89627692340218,1207.843381491635,0.0,-0.5208545514012489,-0.0022839922685224468,0.0
424.0,-206.02879525089182,1207.3443921969665,0.0,-0.5231318253100966,-0.002270571348920812,0.0
425.0,-205.16246847439857,1206.8434458958245,0.0,-0.5253956790453604,-0.0022571541739820266,0.0
426.0,-204.2972934087348,1206.3405563740612,0.0,-0.5276461166269366,-0.002243741238179735,0.0
427.0,-203.4332668687128,1205.835737417529,0.0,-0.5298831425628442,-0.0022303330235125935,0.0
428.0,-202.57038566914508,1205.32900281208,0.0,-0.5321067618368966,-0.0022169299996006027,0.0
429.0,-201.7086466248439,1204.8203663435668,0.0,-0.5343169798962085,-0.002203532623779092,0.0
430.0,-200.84804655062172,1204.3098417978413,0.0,-0.536513802638861,-0.0021901413411888177,0.0
431.0,-199.98858226129082,1203.7974429607557,0.0,-0.5386972364016609,-0.0021767565847933584,0.0
432.0,-199.1302505716636,1203.2831836181624,0.0,-0.5408672879482046,-0.002163378775479143,0.0
433.0,-198.27304829655245,1202.7670775559138,0.0,-0.5430239644569997,-0.0021500083222081934,0.0
434.0,-197.41697225076976,1202.249138559862,0.0,-0.5451672735094245,-0.002136645622064408,0.0
435.0,-196.5620192491278,1201.7293804158592,0.0,-0.5472972230774233,-0.002123291060318539,0.0
436.0,-195.7081861064391,1201.2078169097579,0.0,-0.5494138215123898,-0.002109945010553441,0.0
437.0,-194.85546963751582,1200.6844618274101,0.0,-0.5515170775335944,-0.002096607834724651,0.0
438.0,-194.00386665717056,1200.1593289546681,0.0,-0.5536070002158292,-0.002083279883288563,0.0
439.0,-193.1533739802155,1199.6324320773842,0.0,-0.5556835989784958,-0.0020699614952916973,0.0
440.0,-192.30398842146315,1199.1037849814109,0.0,-0.5577468835744567,-0.002056652998387238,0.0
441.0,-191.45570679572577,1198.5734014526,0.0,-0.5597968640781127,-0.0020433547090620997,0.0
442.0,-190.60852591781583,1198.041295276804,0.0,-0.561833550874775,-0.002030066932684165,0.0
443.0,-189.7624426025456,1197.507480239875,0.0,-0.5638569546491219,-0.0020167899634874116,0.0
444.0,-188.9174536647275,1196.9719701276654,0.0,-0.5658670863742836,-0.0020035240848370367,0.0
445.0,-188.07355591917394,1196.4347787260278,0.0,-0.5678639573020093,-0.0019902695692597945,0.0
446.0,-187.23074618069725,1195.8959198208136,0.0,-0.569847578949894,-0.001977026678485998,0.0
447.0,-186.38902126410977,1195.3554071978758,0.0,-0.5718179630918823,-0.0019637956636586185,0.0
448.0,-185.5483779842239,1194.8132546430666,0.0,-0.5737751217484056,-0.001950576765336466,0.0
449.0,-184.70881315585203,1194.2694759422377,0.0,-0.5757190671741192,-0.0019373702136333427,0.0
450.0,-183.87032359380652,1193.7240848812419,0.0,-0.5776498118485817,-0.00192417622837056,0.0
451.0,-183.03290611289967,1193.1770952459312,0.0,-0.5795673684660445,-0.001910995019048559,0.0
452.0,-182.19655752794395,1192.6285208221582,0.0,-0.581471749924959,-0.0018978267850423797,0.0
453.0,-181.36127465375168,1192.0783753957746,0.0,-0.5833629693178112,-0.001884671715747315,0.0
454.0,-180.52705430513527,1191.526672752633,0.0,-0.585241039921153,-0.0018715299905642327,0.0
455.0,-179.693893296907,1190.9734266785854,0.0,-0.5871059751858148,-0.0018584017790437598,0.0
456.0,-178.8617884438793,1190.4186509594845,0.0,-0.5889577887273034,-0.0018452872410224769,0.0
457.0,-178.03073656086457,1189.8623593811822,0.0,-0.5907964943158599,-0.0018321865266976434,0.0
458.0,-177.20073446267514,1189.3045657295309,0.0,-0.5926221058666655,-0.0018190997767078237,0.0
459.0,-176.37177896412342,1188.745283790383,0.0,-0.5944346374309506,-0.001805998258790599,0.0
460.0,-175.54386688002168,1188.1845273495903,0.0,-0.5962341031861342,-0.0017925483313502297,0.0
461.0,-174.71699502518246,1187.6223101930054,0.0,-0.5980205174265969,-0.0017780147491869608,0.0
462.0,-173.89116021441794,1187.0586461064802,0.0,-0.5997938945542803,-0.0017618099047583427,0.0
463.0,-173.0663592625406,1186.4935488758676,0.0,-0.6015538449819062,-0.0017437724573568672,0.0
464.0,-172.24258816871355,1185.9270327071906,0.0,-0.6032961147001603,-0.0017238958417072508,0.0
465.0,-171.4198351424814,1185.3591158191928,0.0,-0.6050146919709826,-0.0017021752716260116,0.0
466.0,-170.59808406978823,1184.7898186578636,0.0,-0.6067073899932504,-0.0016786349635249545,0.0
467.0,-169.77731879037563,1184.2191616929938,0.0,-0.6083741650268306,-0.0016536041696714981,0.0
468.0,-168.9575231439853,1183.6471653943738,0.0,-0.610014997369802,-0.001627813869367786,0.0
469.0,-168.13868097035885,1183.0738502317943,0.0,-0.6116298684138394,-0.0016018475245896074,0.0
470.0,-167.32077610923784,1182.4992366750453,0.0,-0.6132187606116966,-0.0015758624477303124,0.0
471.0,-166.50379240036392,1181.9233451939176,0.0,-0.614781657445771,-0.0015498612900094228,0.0
472.0,-165.6877136834787,1181.3461962582014,0.0,-0.6163185433965209,-0.0015238450349348961,0.0
473.0,-164.87252379832384,1180.7678103376877,0.0,-0.6178294039119665,-0.0014978146352976102,0.0
474.0,-164.05820658464089,1180.188207902166,0.0,-0.6193142253763388,-0.0014717710135481812,0.0
475.0,-163.2447458821715,1179.6074094214275,0.0,-0.6207729950804257,-0.001445715062255318,0.0
476.0,-162.43212553065726,1179.0254353652624,0.0,-0.6222057011923042,-0.0014196476445426179,0.0
477.0,-161.62032936983982,1178.4423062034614,0.0,-0.6236123327273982,-0.001393569594524072,0.0
478.0,-160.80934123946082,1177.8580424058143,0.0,-0.6249928795197438,-0.0013674817177768972,0.0
479.0,-159.99914497926184,1177.2726644421125,0.0,-0.6263473321941225,-0.0013413847917615302,0.0
480.0,-159.18972442898448,1176.6861927821456,0.0,-0.6276756821379615,-0.001315279566334902,0.0
481.0,-158.3810634283704,1176.0986478957045,0.0,-0.6289779214736808,-0.0012891667642081176,0.0
482.0,-157.5731458171612,1175.5100502525793,0.0,-0.6302540430319603,-0.0012630470813827194,0.0
483.0,-156.76595543509848,1174.920420322561,0.0,-0.6315040403254311,-0.0012369211876932277,0.0
484.0,-155.95947612192387,1174.3297785754398,0.0,-0.63272790752296,-0.0012107897272908602,0.0
485.0,-155.153691717379,1173.7381454810059,0.0,-0.6339256394230957,-0.001184653319123739,0.0
486.0,-154.34858606120545,1173.14554150905,0.0,-0.6350972314301288,-0.0011585125574136634,0.0
487.0,-153.54414299314493,1172.5519871293627,0.0,-0.6362426795296605,-0.0011323680121401725,0.0
488.0,-152.74034635293896,1171.9575028117342,0.0,-0.6373619802640539,-0.0011062202296358728,0.0
489.0,-151.93717998032915,1171.362109025955,0.0,-0.6384551307093196,-0.00108006973308821,0.0
490.0,-151.1346277150572,1170.7658262418154,0.0,-0.6395221284518631,-0.001053917022963218,0.0
491.0,-150.3326733968647,1170.1686749291061,0.0,-0.6405629715664904,-0.0010277625775479493,0.0
492.0,-149.53130086549322,1169.5706755576175,0.0,-0.6415776585944675,-0.0010016068535156034,0.0
493.0,-148.7304939606844,1168.9718485971403,0.0,-0.6425661885219919,-0.0009754502864507567,0.0
494.0,-147.93023652217988,1168.3722145174643,0.0,-0.6435285607592824,-0.000949293291358574,0.0
495.0,-147.1305123897213,1167.7717937883804,0.0,-0.6444647751201033,-0.000923136263182443,0.0
496.0,-146.3313054030502,1167.1706068796789,0.0,-0.6453748318024887,-0.0008969795773080784,0.0
497.0,-145.53259940190827,1166.5686742611504,0.0,-0.6462587313690046,-0.0008708235901126141,0.0
498.0,-144.73437822603705,1165.9660164025854,0.0,-0.647116474728369,-0.000844668639542729,0.0
499.0,-143.93662571517825,1165.3626537737744,0.0,-0.6479480631171431,-0.0008185150456343492,0.0
500.0,-143.1393257090734,1164.7586068445073,0.0,-0.6487534980816293,-0.0007923631110050407,0.0
501.0,-142.34246204746418,1164.153896084575,0.0,-0.6495327814612216,-0.0007662131213884149,0.0
502.0,-141.54601857009217,1163.548541963768,0.0,-0.6502859153717623,-0.0007400653461991051,0.0
503.0,-140.74997911669902,1162.9425649518769,0.0,-0.6510129021897105,-0.0007139200390939214,0.0
504.0,-139.95432752702635,1162.3359855186914,0.0,-0.6517137445358533,-0.0006877774385042335,0.0
505.0,-139.15904764081571,1161.7288241340027,0.0,-0.6523884452609581,-0.0006616377681282203,0.0
506.0,-138.36412329780882,1161.1211012676008,0.0,-0.6530370074313415,-0.0006355012374827544,0.0
507.0,-137.5695383377472,1160.5128373892767,0.0,-0.6536594343147458,-0.0006093680424759266,0.0
508.0,-136.77527660037254,1159.9040529688202,0.0,-0.6542557293671644,-0.0005832383659522544,0.0
509.0,-135.9813219254264,1159.2947684760222,0.0,-0.6548258962196146,-0.0005571123781980943,0.0
510.0,-135.1876581526504,1158.685004380673,0.0,-0.6553699386666167,-0.0005309902374660082,0.0
511.0,-134.39426912178624,1158.074781152563,0.0,-0.65588786065361,-0.0005048720905872178,0.0
512.0,-133.60113867257544,1157.464119261483,0.0,-0.6563796662665329,-0.0004787580734696666,0.0
513.0,-132.8082506447597,1156.8530391772226,0.0,-0.65684535972054,-0.0004526483115940441,0.0
514.0,-132.01558887808056,1156.2415613695732,0.0,-0.6572849453500714,-0.0004265429206424492,0.0
515.0,-131.22313721227965,1155.629706308325,0.0,-0.6576984276000598,-0.00040045801978779875,0.0
516.0,-130.43087948709868,1155.017494463268,0.0,-0.6580858110152945,-0.00037557082837186284,0.0
517.0,-129.63879954227912,1154.4049463041931,0.0,-0.6584471002332535,-0.00035607732649762483,0.0
518.0,-128.84688121756267,1153.7920823008906,0.0,-0.6587822999759676,-0.0003470786092011822,0.0
519.0,-128.05510835269098,1153.178922923151,0.0,-0.6590916392212045,-0.000350817421515659,0.0
520.0,-127.26346509666828,1152.5654883123552,0.0,-0.6593913783630745,-0.0003674701277068418,0.0
521.0,-126.47195771513928,1151.9517751239678,0.0,-0.6597240092785037,-0.0003970367192131111,0.0
522.0,-125.68062897580928,1151.337741251495,0.0,-0.6601184642004441,-0.0004395015942541468,0.0
523.0,-124.88952506112415,1150.723340962289,0.0,-0.6605772183161295,-0.000493688452891637,0.0
524.0,-124.09869215352977,1150.1085285237036,0.0,-0.6611002747203143,-0.0005554026270240978,0.0
525.0,-123.30817643547202,1149.493258203091,0.0,-0.6616876395578903,-0.0006195447155564826,0.0
526.0,-122.51802408939682,1148.8774842678047,0.0,-0.6623393219588398,-0.0006838740376028782,0.0
527.0,-121.72828129775002,1148.2611609851972,0.0,-0.6630553339659221,-0.0007482166502359126,0.0
528.0,-120.9389942429775,1147.6442426226217,0.0,-0.6638356904539935,-0.0008125753263543858,0.0
529.0,-120.15020910752516,1147.0266834474314,0.0,-0.6646804090427451,-0.0008769527469806701,0.0
530.0,-119.3619720738389,1146.4084377269787,0.0,-0.6655895100002688,-0.0009413514934267231,0.0
531.0,-118.5743293243646,1145.7894597286167,0.0,-0.6665630161394778,-0.0010057740394879833,0.0
532.0,-117.78732704154812,1145.1697037196989,0.0,-0.6676009527076883,-0.0010702227435497153,0.0
533.0,-117.00101140783535,1144.5491239675778,0.0,-0.6687033472667713,-0.0011346998406940947,0.0
534.0,-116.21542860567219,1143.9276747396066,0.0,-0.6698702295659648,-0.0011992074347852194,0.0
535.0,-115.43062481750452,1143.305310303138,0.0,-0.6711016314067826,-0.001263747490321733,0.0
536.0,-114.64664622577821,1142.681984925525,0.0,-0.672397586499652,-0.0013283218243619014,0.0
537.0,-113.86353901293916,1142.057652874121,0.0,-0.6737581303130792,-0.001392932098428596,0.0
538.0,-113.08134936143324,1141.4322684162785,0.0,-0.6751832999136604,-0.001457579810232344,0.0
539.0,-112.30012345370638,1140.8057858193504,0.0,-0.6766731337980099,-0.0015222662854506653,0.0
540.0,-111.51990747220438,1140.17815935069,0.0,-0.6782276717175163,-0.001586992669350045,0.0
541.0,-110.7407475993732,1139.54934327765,0.0,-0.6798469544932201,-0.001651759918311283,0.0
542.0,-109.96269001765867,1138.9192918675835,0.0,-0.6815310238227801,-0.0017165687914608549,0.0
543.0,-109.18578090950673,1138.2879593878438,0.0,-0.6832799220799638,-0.0017814198421219974,0.0
544.0,-108.41006645736323,1137.6553001057832,0.0,-0.685093692103668,-0.0018463134091564746,0.0
545.0,-107.63559284367405,1137.021268288755,0.0,-0.6869723769794296,-0.0019112496084036563,0.0
546.0,-106.8624062508851,1136.3858182041122,0.0,-0.6889160198126927,-0.001976228323924213,0.0
547.0,-106.09055286144225,1135.7489041192077,0.0,-0.6909246634925414,-0.002041249199221638,0.0
548.0,-105.32007885779137,1135.1104803013943,0.0,-0.6929983504463856,-0.0021063116285887002,0.0
549.0,-104.55103042237836,1134.4705010180255,0.0,-0.6951371223872658,-0.00217141474818889,0.0
550.0,-103.7834537376491,1133.8289205364533,0.0,-0.6973410200504171,-0.0022365574271313027,0.0
551.0,-103.01739498604948,1133.1856931240318,0.0,-0.6996100829223176,-0.0023017382587050706,0.0
552.0,-102.25290035002539,1132.5407730481134,0.0,-0.7019443489610218,-0.0023669555514579943,0.0
553.0,-101.49001601202269,1131.894114576051,0.0,-0.704343854305745,-0.002432207320244803,0.0
554.0,-100.72878815448729,1131.2456719751974,0.0,-0.7068086329793274,-0.00249749127739955,0.0
555.0,-99.96926295986505,1130.5953995129062,0.0,-0.7093387165814706,-0.002562804823790597,0.0
556.0,-99.21148661060188,1129.9432514565299,0.0,-0.7119341339725926,-0.002628145039939062,0.0
557.0,-98.45550528914364,1129.2891820734214,0.0,-0.7145949109485175,-0.002693508677324993,0.0
558.0,-97.70136517793624,1128.6331456309342,0.0,-0.717321069907811,-0.0027588921495798058,0.0
559.0,-96.94911245942555,1127.9750963964204,0.0,-0.7201126295085968,-0.00282429152371237,0.0
560.0,-96.19879331605748,1127.3149886372335,0.0,-0.7229696043173168,-0.0028897025116148872,0.0
561.0,-95.45045393027786,1126.6527766207266,0.0,-0.7258920044503054,-0.0029551204615279997,0.0
562.0,-94.70414048453262,1125.9884146142524,0.0,-0.7288798352046099,-0.003020540349626979,0.0
563.0,-93.9598991612676,1125.321856885164,0.0,-0.7319330966814266,-0.0030859567719205916,0.0
564.0,-93.21777614292873,1124.6530577008143,0.0,-0.7350517834022919,-0.003151363936082182,0.0
565.0,-92.47781761196188,1123.981971328556,0.0,-0.7382358839154285,-0.0032167556535361457,0.0
566.0,-91.74006975081295,1123.3085520357427,0.0,-0.741485380395757,-0.0032821253318992077,0.0
567.0,-91.00457874192779,1122.6327540897269,0.0,-0.7448002482370449,-0.0033474659675196855,0.0
568.0,-90.27139076775231,1121.9545317578616,0.0,-0.7481804556357279,-0.0034127500057377635,0.0
569.0,-89.54055201073237,1121.2738393074997,0.0,-0.7516259631686935,-0.003476314321021198,0.0
570.0,-88.81210865331389,1120.5906310059943,0.0,-0.7551367233639319,-0.0035321303826718053,0.0
571.0,-88.08610687794271,1119.9048611206986,0.0,-0.7587126802650622,-0.0035727631049360547,0.0
572.0,-87.36259286706476,1119.216483918965,0.0,-0.7623534871329869,-0.0035948928692130194,0.0
573.0,-86.64161241541524,1118.5254540763203,0.0,-0.7660361776724953,-0.0035982456712633543,0.0
574.0,-85.92318021523664,1117.8317590122995,0.0,-0.7696992763177118,-0.003582822489560632,0.0
575.0,-85.20725760276581,1117.1354423184498,0.0,-0.7733001110241657,-0.0035486468597953824,0.0
576.0,-84.49380066527418,1116.4365531123108,0.0,-0.7768348079492379,-0.003497379887237346,0.0
577.0,-83.78276549003324,1115.7351405114232,0.0,-0.7803033179810744,-0.003435050075675374,0.0
578.0,-83.07410816431447,1115.031253633327,0.0,-0.7837056005017685,-0.0033690944740836226,0.0
579.0,-82.36778477538934,1114.3249415955618,0.0,-0.787041622933416,-0.0033028366532642916,0.0
580.0,-81.6637514105293,1113.6162535156684,0.0,-0.7903113602933891,-0.0032365565596919766,0.0
581.0,-80.96196415700584,1112.905238511187,0.0,-0.7935147947562733,-0.0031702611503427697,0.0
582.0,-80.26237910209042,1112.1919456996577,0.0,-0.796651915222775,-0.003103956955966658,0.0
583.0,-79.56495233305453,1111.47642419862,0.0,-0.7997227168963287,-0.0030376500891386117,0.0
584.0,-78.86963993716964,1110.758723125615,0.0,-0.8027272008696713,-0.0029713462523719898,0.0
585.0,-78.17639800170718,1110.0388915981819,0.0,-0.8056653737179704,-0.0029050507464689463,0.0
586.0,-77.48518261393868,1109.3169787338616,0.0,-0.8085372471007473,-0.0028387684792428197,0.0
587.0,-76.79594986113555,1108.593033650194,0.0,-0.8113428373739984,-0.002772503974219473,0.0
588.0,-76.10865583056932,1107.867105464719,0.0,-0.8140821652088719,-0.002706261379429959,0.0
589.0,-75.42325660951145,1107.139243294977,0.0,-0.8167552552207417,-0.002640044476496041,0.0
590.0,-74.73970828523336,1106.4094962585082,0.0,-0.8193621356077615,-0.0025738566896432963,0.0
591.0,-74.05796694500658,1105.6779134728524,0.0,-0.8219028377973111,-0.0025077010948627416,0.0
592.0,-73.37798867610255,1104.9445440555503,0.0,-0.8243773961023501,-0.00244158042921563,0.0
593.0,-72.69972956579277,1104.2094371241417,0.0,-0.8267858473873122,-0.0023754970999988307,0.0
594.0,-72.02314570134865,1103.4726417961667,0.0,-0.8291282307424396,-0.0023094531940508157,0.0
595.0,-71.34819317004174,1102.7342071891658,0.0,-0.8314045871685091,-0.0022434504871107442,0.0
596.0,-70.67482805914345,1101.9941824206787,0.0,-0.8336149592701233,-0.002177490453077048,0.0
597.0,-70.0030064559253,1101.2526166082457,0.0,-0.8357593909583635,-0.0021115742733442727,0.0
598.0,-69.33268444765872,1100.509558869407,0.0,-0.8378379271634205,-0.002045702846092044,0.0
599.0,-68.66381812161521,1099.7650583217028,0.0,-0.839850613555791,-0.0019798767955083885,0.0
600.0,-67.99636356506623,1099.0191640826731,0.0,-0.8417974962769499,-0.0019140964810564248,0.0
601.0,-67.33027686528322,1098.2719252698582,0.0,-0.8436786216796217,-0.0018483620066409659,0.0
602.0,-66.66551410953771,1097.5233910007983,0.0,-0.8454940360766156,-0.0017826732297214131,0.0
603.0,-66.00203138510113,1096.7736103930333,0.0,-0.8472437854991343,-0.0017170297704301055,0.0
604.0,-65.33978477924497,1096.0226325641036,0.0,-0.8489279154641425,-0.0016514310205756886,0.0
605.0,-64.67873037924069,1095.270506631549,0.0,-0.8505464707506151,-0.0015858761525862867,0.0
606.0,-64.01882427235978,1094.51728171291,0.0,-0.8520994951846963,-0.0015203641284253857,0.0
607.0,-63.360022545873676,1093.7630069257268,0.0,-0.8535870314340661,-0.0014548937084130392,0.0
608.0,-62.702281287053886,1093.0077313875393,0.0,-0.8550091208105651,-0.001389463459958884,0.0
609.0,-62.04555658317186,1092.2515042158877,0.0,-0.8563658030818802,-0.001324071766270672,0.0
610.0,-61.38980452149908,1091.4943745283122,0.0,-0.8576571162918251,-0.0012587168349841146,0.0
611.0,-60.73498118930701,1090.736391442353,0.0,-0.8588830965892342,-0.001193396706658594,0.0
612.0,-60.08104267386712,1089.9776040755496,0.0,-0.8600437780649477,-0.0011281092632512107,0.0
613.0,-59.42794506245089,1089.2180615454433,0.0,-0.8611391925981531,-0.0010628522365575621,0.0
614.0,-58.775644442329785,1088.4578129695735,0.0,-0.8621693697103869,-0.0009976232165377669,0.0
615.0,-58.12409690077527,1087.6969074654805,0.0,-0.8631343364274646,-0.0009324196595713676,0.0
616.0,-57.47325852505883,1086.9353941507043,0.0,-0.8640341171504976,-0.0008673219327507896,0.0
617.0,-56.82308540245194,1086.1733221427855,0.0,-0.8648687335350135,-0.0008036520267620806,0.0
618.0,-56.17353362022604,1085.4107405592638,0.0,-0.8656382043775745,-0.0007446583183087535,0.0
619.0,-55.524559265652634,1084.6476985176796,0.0,-0.8663425455106065,-0.0006932177260125674,0.0
620.0,-54.87611842600319,1083.8842451355729,0.0,-0.8669829322110053,-0.0006502170929603939,0.0
621.0,-54.22816872531456,1083.120427742219,0.0,-0.8675767584722038,-0.0006156729380369849,0.0
622.0,-53.5806892333617,1082.356268711443,0.0,-0.8681521641219703,-0.0005895825496885815,0.0
623.0,-52.93367477095595,1081.5917720882926,0.0,-0.8687213376201679,-0.0005718606154813517,0.0
624.0,-52.28712052261894,1080.826941494582,0.0,-0.8692845523667887,-0.0005611805305704074,0.0
625.0,-51.64102167287231,1080.0617805521251,0.0,-0.8698418066783171,-0.0005542896554602986,0.0
626.0,-50.99537340623772,1079.2962928827358,0.0,-0.8703930989055041,-0.0005483071791116162,0.0
627.0,-50.350170907236816,1078.5304821082282,0.0,-0.8709384274328467,-0.0005423427542002868,0.0
628.0,-49.70540936039122,1077.764351850416,0.0,-0.8714777906783482,-0.0005363767623755883,0.0
629.0,-49.06108395022262,1076.9979057311132,0.0,-0.8720111870922701,-0.0005304092360339399,0.0
630.0,-48.41718986125263,1076.2311473721343,0.0,-0.8725386151574307,-0.0005244402070637382,0.0
631.0,-47.77372227800291,1075.4640803952927,0.0,-0.8730600733883299,-0.0005184697067881256,0.0
632.0,-47.13067638499511,1074.6967084224025,0.0,-0.8735755603300341,-0.0005124977659706684,0.0
633.0,-46.488047366750855,1073.9290350752776,0.0,-0.8740850745582622,-0.0005065244148468079,0.0
634.0,-45.845830407791816,1073.1610639757323,0.0,-0.8745886146789809,-0.0005005496830941615,0.0
635.0,-45.20402069263964,1072.39279874558,0.0,-0.8750861793272477,-0.0004945735998809684,0.0
636.0,-44.56261340581595,1071.624243006635,0.0,-0.8755777671669599,-0.0004885961938611968,0.0
637.0,-43.92160373184242,1070.8554003807112,0.0,-0.8760633768905962,-0.00048261749314260083,0.0
638.0,-43.28098685524067,1070.0862744896228,0.0,-0.8765430072184827,-0.00047663752532726777,0.0
639.0,-42.64075796053237,1069.3168689551835,0.0,-0.877016656898215,-0.0004706563175205633,0.0
640.0,-42.00091223223916,1068.5471873992074,0.0,-0.8774843247041382,-0.0004646738963256514,0.0
641.0,-41.36144485488267,1067.7772334435083,0.0,-0.8779460094371013,-0.00045869028784393097,0.0
642.0,-40.722351012984575,1067.0070107099002,0.0,-0.878401709923709,-0.00045270551767206165,0.0
643.0,-40.08362589106649,1066.236522820197,0.0,-0.8788514250157865,-0.0004467196109458338,0.0
644.0,-39.445264673650094,1065.465773396213,0.0,-0.8792951535903287,-0.00044073259232676624,0.0
645.0,-38.80726254525702,1064.6947660597618,0.0,-0.8797328945485652,-0.0004347444859829947,0.0
646.0,-38.1696146904089,1063.9235044326576,0.0,-0.8801646468155413,-0.00042875531563820097,0.0
647.0,-37.532316293627396,1063.1519921367144,0.0,-0.8805904093400535,-0.00042276510455051063,0.0
648.0,-36.89536253943415,1062.380232793746,0.0,-0.8810101810937607,-0.00041677387549961454,0.0
649.0,-36.25874861235082,1061.6082300255664,0.0,-0.8814239610708116,-0.00041078165085262866,0.0
650.0,-35.62246969689904,1060.8359874539897,0.0,-0.8818317482876188,-0.00040478845252323823,0.0
651.0,-34.986520977600456,1060.0635087008295,0.0,-0.8822335417822036,-0.0003987943019594851,0.0
652.0,-34.35089763897672,1059.2907973879,0.0,-0.8826293406136849,-0.00039279922022097556,0.0
653.0,-33.71559486554948,1058.5178571370154,0.0,-0.8830191438623584,-0.00038680322793308415,0.0
654.0,-33.08060784184037,1057.744691569989,0.0,-0.8834029506285618,-0.00038080634528771446,0.0
655.0,-32.44593175237105,1056.9713043086356,0.0,-0.8837807600326852,-0.00037480859208613833,0.0
656.0,-31.811561781663166,1056.1976989747686,0.0,-0.8841525712149807,-0.0003688099876990908,0.0
657.0,-31.177493114238363,1055.4238791902021,0.0,-0.8845183833345128,-0.00036281055112300344,0.0
658.0,-30.543720934618282,1054.6498485767502,0.0,-0.8848781955693376,-0.00035681030096638776,0.0
659.0,-29.910240427324574,1053.8756107562265,0.0,-0.8852320071157569,-0.0003508092554106921,0.0
660.0,-29.277046776878883,1053.1011693504454,0.0,-0.8855798171880737,-0.0003448074322971212,0.0
661.0,-28.644135167802865,1052.3265279812208,0.0,-0.8859216250185685,-0.0003388048490718228,0.0
662.0,-28.01150078461815,1051.5516902703662,0.0,-0.8862574298562079,-0.0003328015228028978,0.0
663.0,-27.3791388118464,1050.7766598396963,0.0,-0.8865872309672077,-0.0003267974702369344,0.0
664.0,-26.747044434009254,1050.0014403110245,0.0,-0.8869110276344455,-0.0003207927077342821,0.0
665.0,-26.11521283562836,1049.2260353061647,0.0,-0.8872288191564104,-0.000314787251310852,0.0
666.0,-25.483639201225362,1048.4504484469314,0.0,-0.8875406048479246,-0.0003087811166390754,0.0
667.0,-24.852318715321914,1047.6746833551383,0.0,-0.887846384039223,-0.0003027743190245743,0.0
668.0,-24.221246562439656,1046.8987436525995,0.0,-0.8881461560756991,-0.0002967668734976114,0.0
669.0,-23.59041792710024,1046.1226329611284,0.0,-0.8884399203174292,-0.000290758794764074,0.0
670.0,-22.9598279938253,1045.3463549025394,0.0,-0.8887276761389334,-0.0002847500971616203,0.0
671.0,-22.3294719471365,1044.5699130986463,0.0,-0.8890094229290638,-0.00027874079473044766,0.0
672.0,-21.69934497155548,1043.7933111712637,0.0,-0.8892851600907586,-0.0002727309012110649,0.0
673.0,-21.069442251603874,1043.0165527422046,0.0,-0.8895548870402734,-0.00026672043006519577,0.0
674.0,-20.43975897180335,1042.2396414332836,0.0,-0.8898186032071369,-0.0002607093944664058,0.0
675.0,-19.81029031667554,1041.4625808663143,0.0,-0.8900763080340115,-0.00025469780726233057,0.0
676.0,-19.181031470742095,1040.685374663111,0.0,-0.8903280009760718,-0.00024868568102425534,0.0
677.0,-18.551977618524663,1039.9080264454874,0.0,-0.8905736815012036,-0.00024267302808584593,0.0
678.0,-17.923123944544884,1039.1305398352577,0.0,-0.8908133490893233,-0.0002366598604944497,0.0
679.0,-17.294465633324418,1038.3529184542356,0.0,-0.8910470032321718,-0.00023064619002441785,0.0
680.0,-16.6659978693849,1037.5751659242353,0.0,-0.8912746434331998,-0.00022463202821188758,0.0
681.0,-16.037715837247973,1036.7972858670707,0.0,-0.8914962692074123,-0.00021861738634020616,0.0
682.0,-15.409614721435302,1036.0192819045556,0.0,-0.8917118800806584,-0.0002126022754551014,0.0
683.0,-14.781689706468518,1035.241157658504,0.0,-0.8919214755897668,-0.00020658670636326218,0.0
684.0,-14.153935976869265,1034.4629167507303,0.0,-0.8921250552824751,-0.00020057068962590707,0.0
685.0,-13.526348717159204,1033.684562803048,0.0,-0.8923226187168147,-0.0001945542356023923,0.0
686.0,-12.898923111859968,1032.9060994372712,0.0,-0.8925141654610518,-0.00018853735445328076,0.0
687.0,-12.271654345493214,1032.1275302752138,0.0,-0.8926996950934055,-0.0001825200560915555,0.0
688.0,-11.644537602580586,1031.3488589386898,0.0,-0.8928792072019693,-0.0001765023502326514,0.0
689.0,-11.01756806764372,1030.5700890495132,0.0,-0.8930527013845349,-0.00017048424641716693,0.0
690.0,-10.39074092520428,1029.7912242294979,0.0,-0.8932201772482362,-0.0001644657539840206,0.0
691.0,-9.764051359783904,1029.0122681004577,0.0,-0.8933816344092874,-0.00015844688209423356,0.0
692.0,-9.13749455590423,1028.2332242842072,0.0,-0.8935370724932595,-0.00015242763971556883,0.0
693.0,-8.51106569808692,1027.4540964025596,0.0,-0.8936864911344473,-0.0001464080356525391,0.0
694.0,-7.884759970853608,1026.6748880773293,0.0,-0.8938298899757863,-0.0001403880785700148,0.0
695.0,-7.2585725587259535,1025.8956029303301,0.0,-0.8939672686689079,-0.0001343677769426058,0.0
696.0,-6.632498646225596,1025.116244583376,0.0,-0.8940986268736143,-0.00012834713909363828,0.0
697.0,-6.006533417874174,1024.3368166582814,0.0,-0.8942239642582923,-0.00012232617322317188,0.0
698.0,-5.380672058193349,1023.5573227768595,0.0,-0.8943432804992115,-0.00011630488737921337,0.0
699.0,-4.754909751704762,1022.7777665609246,0.0,-0.8944565752805319,-0.00011028328948388597,0.0
700.0,-4.129241682930051,1021.9981516322908,0.0,-0.8945638482944859,-0.000104261387327815,0.0
701.0,-3.5036630363908765,1021.2184816127719,0.0,-0.8946650992408721,-9.82391885774552e-05,0.0
702.0,-2.878168996608872,1020.438760124182,0.0,-0.894760327827131,-9.221670080658948e-05,0.0
703.0,-2.2527547481056973,1019.6589907883348,0.0,-0.8948495337681656,-8.619393147375951e-05,0.0
704.0,-1.627415475402993,1018.8791772270446,0.0,-0.8949327167863305,-8.017088792809459e-05,0.0
705.0,-1.0021463630223977,1018.0993230621251,0.0,-0.8950098766112577,-7.41475774345135e-05,0.0
706.0,-0.3769425954855723,1017.3194319153905,0.0,-0.8950810129797779,-6.812400717578651e-05,0.0
707.0,0.2482006426858433,1016.5395074086546,0.0,-0.8951461256358725,-6.210018425079067e-05,0.0
708.0,0.8732881669702097,1015.7595531637313,0.0,-0.8952052143304788,-5.607611568156765e-05,0.0
709.0,1.498324792845866,1014.9795728024347,0.0,-0.8952582788216075,-5.005180842584548e-05,0.0
710.0,2.1233153357911805,1014.1995699465788,0.0,-0.8953053188741501,-4.4027269380297884e-05,0.0
711.0,2.748264611284491,1013.4195482179774,0.0,-0.895346334259857,-3.8002505386142935e-05,0.0
712.0,3.3731774348041594,1012.6395112384446,0.0,-0.8953813247572732,-3.197752324540781e-05,0.0
713.0,3.998058621828546,1011.8594626297943,0.0,-0.8954102901517244,-2.5952329722871746e-05,0.0
714.0,4.6229129878359885,1011.0794060138404,0.0,-0.8954332302352502,-1.9926931533076345e-05,0.0
715.0,5.24774534830485,1010.299345012397,0.0,-0.8954501448065071,-1.3901335363933738e-05,0.0
716.0,5.872560518713488,1009.5192832472782,0.0,-0.8954610336710149,-7.875547899533723e-06,0.0
717.0,6.4973633145402445,1008.7392243402976,0.0,-0.8954658966408628,-1.8495758015157908e-06,0.0
718.0,7.122158551263485,1007.9591719132693,0.0,-0.8954647335346073,4.176574280439256e-06,0.0
719.0,7.74695104436155,1007.1791295880074,0.0,-0.8954575441776179,1.0202895701242173e-05,0.0
720.0,8.371745609312805,1006.3991009863258,0.0,-0.8954443284019731,1.6229381813662575e-05,0.0
721.0,8.996547061595592,1005.6190897300384,0.0,-0.8954250860462227,2.225602593468918e-05,0.0
722.0,9.621360216688272,1004.8390994409591,0.0,-0.8953998169556084,2.8282821372920577e-05,0.0
723.0,10.246189890069195,1004.059133740902,0.0,-0.8953685209820962,3.430976143651922e-05,0.0
724.0,10.871040897216716,1003.2791962516811,0.0,-0.8953311979843903,4.033683938424261e-05,0.0
725.0,11.495918053609202,1002.4992905951103,0.0,-0.8952878478279942,4.6364048420962795e-05,0.0
726.0,12.12082617472498,1001.7194203930035,0.0,-0.8952384703850101,5.239138172210713e-05,0.0
727.0,12.745770076042415,1000.9395892671747,0.0,-0.8951830655344696,5.84188324242293e-05,0.0
728.0,13.370754573039864,1000.1598008394379,0.0,-0.8951216331623468,6.44463935980864e-05,0.0
729.0,13.995784481195676,999.3800587316072,0.0,-0.8950541731615909,7.047405824012991e-05,0.0
730.0,14.62086461598822,998.6003665654961,0.0,-0.8949806854320043,7.650181927907182e-05,0.0
731.0,15.245999792895821,997.820727962919,0.0,-0.894901169880543,8.252966957006391e-05,0.0
732.0,15.87119482739685,997.0411465456898,0.0,-0.8948156264214683,8.855760188399208e-05,0.0
733.0,16.496454534969658,996.2616259356224,0.0,-0.8947240549761742,9.458560890893539e-05,0.0
734.0,17.121783731092595,995.4821697545308,0.0,-0.8946264554733985,0.00010061368322255331,0.0
735.0,17.74718723124402,994.702781624229,0.0,-0.894522827849437,0.000106641817300008,0.0
736.0,18.372669850902295,993.9234651665308,0.0,-0.8944131720481248,0.00011267000352424957,0.0
737.0,18.99823640554575,993.1442240032502,0.0,-0.8942974880207453,0.00011869823414882375,0.0
738.0,19.62389171065275,992.3650617562014,0.0,-0.8941757757266863,0.00012472650129814942,0.0
739.0,20.249640581701648,991.585982047198,0.0,-0.8940480351331249,0.0001307547969772013,0.0
740.0,20.8754878341708,990.8069884980541,0.0,-0.8939142662151781,0.00013678311304412706,0.0
741.0,21.501438283538572,990.0280847305838,0.0,-0.8937744689563111,0.0001428114412199937,0.0
742.0,22.12749674528329,989.2492743666012,0.0,-0.8936286433483503,0.00014883977309199103,0.0
743.0,22.753668034883315,988.4705610279199,0.0,-0.8934767893915306,0.000154868100065954,0.0
744.0,23.379956967817012,987.691948336354,0.0,-0.8933189070947216,0.00016089641338459405,0.0
745.0,24.006368359562725,986.9134399137174,0.0,-0.89315499647563,0.00016692470414425562,0.0
746.0,24.632907025598826,986.1350393818242,0.0,-0.8929850575608933,0.00017295296326889722,0.0
747.0,25.25957778140364,985.3567503624884,0.0,-0.8928090903864864,0.00017898118148140796,0.0
748.0,25.886385442455534,984.5785764775237,0.0,-0.8926270949976185,0.00018500934930494793,0.0
749.0,26.51333482423286,983.8005213487443,0.0,-0.8924390714490233,0.00019103745708539042,0.0
750.0,27.14043074221397,983.0225885979639,0.0,-0.8922450198050931,0.00019706549497186133,0.0
751.0,27.767678011877223,982.2447818469971,0.0,-0.8920449401404195,0.0002030934529006172,0.0
752.0,28.39508144870098,981.4671047176571,0.0,-0.8918388325396629,0.00020912132059575095,0.0
753.0,29.022645868163572,980.6895608317583,0.0,-0.891626697097665,0.00021514908754242747,0.0
754.0,29.65037608574336,979.9121538111145,0.0,-0.8914085339201087,0.00022117674300150707,0.0
755.0,30.278276916918706,979.1348872775397,0.0,-0.8911843431233876,0.00022720427603080604,0.0
756.0,30.906353177167954,978.3577648528479,0.0,-0.8909541248349138,0.00023323167542710352,0.0
757.0,31.53460968196948,977.5807901588532,0.0,-0.8907178791936087,0.0002392589297267203,0.0
758.0,32.16305124680161,976.8039668173693,0.0,-0.8904756063498828,0.0002452860272225767,0.0
759.0,32.791682687142696,976.0272984502102,0.0,-0.8902273064657683,0.0002513129559475469,0.0
760.0,33.420508818471106,975.25078867919,0.0,-0.8899729797155801,0.00025733970367462577,0.0
761.0,34.04953445626519,974.4744411261227,0.0,-0.8897126262860194,0.00026336625789884015,0.0
762.0,34.67876441600332,973.698259412822,0.0,-0.8894462463763607,0.000269392605827328,0.0
763.0,35.30820351316381,972.9222471611021,0.0,-0.889173840198675,0.000275418734386444,0.0
764.0,35.93785656322503,972.146407992777,0.0,-0.8888954079784027,0.0002814446302130759,0.0
765.0,36.56772838166535,971.3707455296604,0.0,-0.888610949954505,0.00028747027964799916,0.0
766.0,37.1978237839631,970.5952633935665,0.0,-0.8883204663795635,0.000293495668719295,0.0
767.0,37.82814758559665,969.8199652063091,0.0,-0.8880239575203747,0.00029952078313297666,0.0
768.0,38.45870460204436,969.0448545897024,0.0,-0.8877214236582418,0.0003055456082951308,0.0
769.0,39.08949964878455,968.26993516556,0.0,-0.8874128650890664,0.0003115701292871991,0.0
770.0,39.720537541295606,967.4952105556963,0.0,-0.8870982821238992,0.0003175943308401652,0.0
771.0,40.35182309505586,966.720684381925,0.0,-0.8867776750893168,0.00032361819735647417,0.0
772.0,40.98336112554368,965.9463602660601,0.0,-0.886451044327459,0.0003296417129039021,0.0
773.0,41.61515644823743,965.1722418299155,0.0,-0.8861183901965887,0.0003356648611860326,0.0
774.0,42.247213878615426,964.3983326953054,0.0,-0.8857797130715872,0.00034168762555948835,0.0
775.0,42.87953823215605,963.6246364840434,0.0,-0.8854350133440386,0.00034770998901594615,0.0
776.0,43.512134324337644,962.8511568179438,0.0,-0.8850842914226149,0.0003537319341537464,0.0
777.0,44.14500697063857,962.0778973188204,0.0,-0.8847275477337462,0.00035975344322692574,0.0
778.0,44.77816098653719,961.3048616084872,0.0,-0.884364782721637,0.000365774498109198,0.0
779.0,45.411601187511835,960.5320533087582,0.0,-0.8839959968489156,0.00037179508025451746,0.0
780.0,46.04533238904086,959.7594760414473,0.0,-0.8836211905969796,0.0003778151707366585,0.0
781.0,46.67935940660262,958.9871334283683,0.0,-0.8832403644660193,0.000383834750228026,0.0
782.0,47.31368705567549,958.2150290913356,0.0,-0.8828535189760778,0.0003898537989955319,0.0
783.0,47.9483201517378,957.4431666521627,0.0,-0.8824606546670125,0.0003958722969028073,0.0
784.0,48.58326351026793,956.6715497326641,0.0,-0.8820617720990354,0.00040189022337262196,0.0
785.0,49.218521946744204,955.9001819546531,0.0,-0.8816568718531554,0.00040790755739400497,0.0
786.0,49.85410027664498,955.1290669399442,0.0,-0.8812459545314597,0.0004139242775367972,0.0
787.0,50.49000331544862,954.3582083103511,0.0,-0.8808290207577962,0.0004199403619429117,0.0
788.0,51.12623587863348,953.5876096876879,0.0,-0.880406071177986,0.00042595578829700075,0.0
789.0,51.76280278167791,952.8172746937686,0.0,-0.879977106460595,0.0004319705338276366,0.0
790.0,52.399708840060256,952.0472069504069,0.0,-0.8795421272969801,0.0004379845753110075,0.0
791.0,53.036958869258875,951.277410079417,0.0,-0.879101134401867,0.00044399788904875276,0.0
792.0,53.67455768475213,950.5078877026128,0.0,-0.8786541285141658,0.0004500104508893027,0.0
793.0,54.31251010201836,949.7386434418081,0.0,-0.8782011103968624,0.00045602223619340646,0.0
794.0,54.95082093653594,948.9696809188173,0.0,-0.8777420808380394,0.00046203321983374305,0.0
795.0,55.5894950037832,948.2010037554538,0.0,-0.8772770406510603,0.00046804337621732446,0.0
796.0,56.228537119238496,947.4326155735322,0.0,-0.8768059906750705,0.00047405267923029357,0.0
797.0,56.867952098380194,946.6645199948659,0.0,-0.876328931775797,0.0004800611022583445,0.0
798.0,57.50774475668664,945.896720641269,0.0,-0.8758458648453777,0.0004860686181948982,0.0
799.0,58.14791990963618,945.1292211345557,0.0,-0.8753567908036125,0.000492075199414196,0.0
800.0,58.78848237270719,944.3620250965397,0.0,-0.8748617105981916,0.0004980808177866121,0.0
801.0,59.42943696137801,943.5951361490352,0.0,-0.8743606252050934,0.0005040854446340551,0.0
802.0,60.07078849112699,942.8285579138559,0.0,-0.8738535356292777,0.0005100890507388251,0.0
803.0,60.71254177743248,942.0622940128159,0.0,-0.8733404429050543,0.0005160916063730274,0.0
804.0,61.35470163577284,941.2963480677291,0.0,-0.8728213480968006,0.0005220930812558366,0.0
805.0,61.99727288162644,940.5307237004097,0.0,-0.8722962522994974,0.0005280934445568351,0.0
806.0,62.640260330471584,939.7654245326714,0.0,-0.8717651566391493,0.0005340926648904382,0.0
807.0,63.28366879778668,939.0004541863284,0.0,-0.8712280622734324,0.0005400907103050459,0.0
808.0,63.92750309905004,938.2358162831945,0.0,-0.8706849703922709,0.0005460875482904097,0.0
809.0,64.57176804974007,937.4715144450836,0.0,-0.8701358822183045,0.0005520831457658883,0.0
810.0,65.21646846533508,936.7075522938097,0.0,-0.8695807990075614,0.0005580774690640872,0.0
811.0,65.86160916131341,935.9439334511869,0.0,-0.8690197220500229,0.0005640704839351099,0.0
812.0,66.50719495315346,935.1806615390291,0.0,-0.8684526526702093,0.0005700621555480169,0.0
813.0,67.15323065633353,934.4177401791502,0.0,-0.8678795922277149,0.0005760524484716105,0.0
814.0,67.79972108633204,933.6551729933643,0.0,-0.8673005421179696,0.000582041326667163,0.0
815.0,68.44667105862727,932.8929636034852,0.0,-0.8667155037726422,0.0005880287534943328,0.0
816.0,69.09408538869765,932.1311156313269,0.0,-0.866124478660261,0.0005940146917055498,0.0
817.0,69.74196889202148,931.3696326987034,0.0,-0.8655274682870023,0.0005999991034318444,0.0
818.0,70.39032638407711,930.6085184274287,0.0,-0.8649244741972416,0.0006059819501844881,0.0
819.0,71.03916268034293,929.8477764393167,0.0,-0.8643154979740699,0.0006119631928425684,0.0
820.0,71.68848259629725,929.0874103561814,0.0,-0.8637005412399766,0.0006179427916466195,0.0
821.0,72.33829094741849,928.3274237998368,0.0,-0.8630796056576621,0.000623920706205245,0.0
822.0,72.98859254918492,927.5678203920967,0.0,-0.8624526929303669,0.0006298968954737139,0.0
823.0,73.63939221707493,926.8086037547753,0.0,-0.8618198048027403,0.000635871317763286,0.0
824.0,74.29069476656693,926.0497775096864,0.0,-0.8611809430614703,0.0006418439307404916,0.0
825.0,74.94250501313915,925.2913452786441,0.0,-0.8605361095359002,0.0006478146913927928,0.0
826.0,75.59482777227007,924.5333106834623,0.0,-0.8598853060987793,0.0006537835560528734,0.0
827.0,76.24766785943794,923.7756773459548,0.0,-0.8592285346665812,0.000659750480384128,0.0
828.0,76.90103009012121,923.0184488879358,0.0,-0.8585657972006906,0.0006657154193576471,0.0
829.0,77.55491927979817,922.2616289312191,0.0,-0.8578970957078392,0.0006716783272850571,0.0
830.0,78.20934024394717,921.5052210976187,0.0,-0.8572224322405277,0.0006776391577802886,0.0
831.0,78.86429779804661,920.7492290089488,0.0,-0.8565418088983051,0.0006835978637594649,0.0
832.0,79.51979675757477,919.9936562870231,0.0,-0.8558552278280583,0.000689554397465621,0.0
833.0,80.17584193801008,919.2385065536556,0.0,-0.8551626912246304,0.00069550871041864,0.0
834.0,80.83243815483087,918.4837834306603,0.0,-0.8544642013318061,0.000701460753433953,0.0
835.0,81.48959022351546,917.7294905398511,0.0,-0.8537597604428332,0.0007074104766407067,0.0
836.0,82.14730295954224,916.975631503042,0.0,-0.8530493709011779,0.0007133578294333015,0.0
837.0,82.80558117838955,916.222209942047,0.0,-0.8523330351013281,0.0007193027604788951,0.0
838.0,83.46442969553576,915.4692294786801,0.0,-0.8516107554894294,0.0007252452177402795,0.0
839.0,84.12385332645917,914.7166937347552,0.0,-0.8508825345639641,0.0007311851484419643,0.0
840.0,84.7838568866382,913.9646063320863,0.0,-0.8501483748766584,0.0007371224990660848,0.0
841.0,85.44444519155118,913.2129708924873,0.0,-0.8494082790330736,0.0007430572153740037,0.0
842.0,86.10562305667644,912.4617910377722,0.0,-0.8486622496932018,0.0007489892423725046,0.0
843.0,86.76739529749237,911.711070389755,0.0,-0.8479102895726218,0.0007549185243282566,0.0
844.0,87.42976672947728,910.9608125702497,0.0,-0.847152401442959,0.000760845004776689,0.0
845.0,88.09274216810957,910.2110212010701,0.0,-0.8463885881325625,0.0007667686264621808,0.0
846.0,88.75632642886757,909.4616999040304,0.0,-0.845618852527616,0.0007726893313749444,0.0
847.0,89.42052432722963,908.7128523009442,0.0,-0.8448431975724109,0.0007786070607671003,0.0
848.0,90.08534067867413,907.9644820136258,0.0,-0.8440616262704475,0.0007845217551118602,0.0
849.0,90.75078029867936,907.2165926638892,0.0,-0.8432741416853574,0.0007904333541218302,0.0
850.0,91.41684800272374,906.4691878735481,0.0,-0.842480746941217,0.0007963417967164011,0.0
851.0,92.08354860628562,905.7222712644166,0.0,-0.8416814452236244,0.0008022470210252469,0.0
852.0,92.75088692484329,904.9758464583085,0.0,-0.840876239780331,0.0008081489644314321,0.0
853.0,93.41886777387518,904.2299170770381,0.0,-0.8400651339221419,0.0008140475635308017,0.0
854.0,94.08749596885957,903.4844867424192,0.0,-0.8392481310238554,0.0008199427541101018,0.0
855.0,94.75677632527488,902.7395590762657,0.0,-0.8384252345246495,0.0008258344711627136,0.0
856.0,95.42671365859945,901.9951377003915,0.0,-0.8375964479291154,0.00083172264889571,0.0
857.0,96.09731278431158,901.2512262366107,0.0,-0.8367617748080278,0.0008376072207210467,0.0
858.0,96.76857851788971,900.5078283067373,0.0,-0.8359212187992722,0.0008434881192458545,0.0
859.0,97.4405156748121,899.7649475325851,0.0,-0.8350747836084053,0.0008493652762669682,0.0
860.0,98.11312907055719,899.0225875359682,0.0,-0.8342224730095277,0.0008552386227664696,0.0
861.0,98.78642352060328,898.2807519387006,0.0,-0.833364290846375,0.0008611080889292283,0.0
862.0,99.46040384042871,897.5394443625962,0.0,-0.8325002410326879,0.0008669736041327528,0.0
863.0,100.1350748455119,896.798668429469,0.0,-0.8316303275533393,0.0008728350969203212,0.0
864.0,100.81044135133112,896.0584277611329,0.0,-0.8307545544650733,0.0008786924950151938,0.0
865.0,101.4865081733648,895.3187259794017,0.0,-0.8298729258972175,0.0008845457253245924,0.0
866.0,102.16328012709126,894.5795667060896,0.0,-0.8289854460526014,0.000890394713934436,0.0
867.0,102.84076202798883,893.8409535630107,0.0,-0.828092119208447,0.0008962393861135033,0.0
868.0,103.51895869153591,893.1028901719787,0.0,-0.8271929497172429,0.000902079666294123,0.0
869.0,104.1978749332108,892.3653801548077,0.0,-0.8262879420072757,0.0009079154780463458,0.0
870.0,104.87751556849192,891.6284271333114,0.0,-0.8253771005836694,0.0009137467441289895,0.0
871.0,105.55788541285754,890.892034729304,0.0,-0.8244604300291541,0.0009195733864992125,0.0
872.0,106.23898928178612,890.1562065645995,0.0,-0.8235379350050189,0.0009253953262445825,0.0
873.0,106.92083199075593,889.420946261012,0.0,-0.8226096202521511,0.0009312124836017764,0.0
874.0,107.60341835524531,888.6862574403549,0.0,-0.8216754905910915,0.0009370247779820603,0.0
875.0,108.2867531907327,887.9521437244427,0.0,-0.8207355509236095,0.0009428321279505278,0.0
876.0,108.97084131269638,887.2186087350892,0.0,-0.819789806233485,0.0009486344512397161,0.0
877.0,109.65568753661474,886.4856560941084,0.0,-0.8188382615870353,0.000954431664733508,0.0
878.0,110.34129667796611,885.7532894233141,0.0,-0.8178809221340394,0.0009602236844522628,0.0
879.0,111.02767355222885,885.0215123445206,0.0,-0.8169177931088263,0.0009660104255877329,0.0
880.0,111.71482297488133,884.2903284795415,0.0,-0.8159488798309877,0.0009717918024836346,0.0
881.0,112.40274976140186,883.5597414501909,0.0,-0.8149741877059857,0.0009775677286237927,0.0
882.0,113.09145872726887,882.8297548782828,0.0,-0.8139937222263836,0.000983338116641855,0.0
883.0,113.78095468796066,882.1003723856311,0.0,-0.8130074889724827,0.0009891028783268194,0.0
884.0,114.47124245895556,881.3715975940498,0.0,-0.8120154936132667,0.0009948619246200052,0.0
885.0,115.16232685573199,880.6434341253529,0.0,-0.8110177419070749,0.0010006247239264482,0.0
886.0,115.85421269376823,879.9158856013545,0.0,-0.8100142397028048,0.001013161320858475,0.0
887.0,116.54690478854269,879.1889556438682,0.0,-0.8090049929404337,0.0010645756196306683,0.0
888.0,117.24040795553373,878.4626478747082,0.0,-0.8079900076518597,0.0012020062394933946,0.0
889.0,117.93472701021963,877.7369659156884,0.0,-0.8069691561455393,0.0014505035428972665,0.0
890.0,118.6298669296015,877.011913608603,0.0,-0.8058477965613082,0.0018134485669896012,0.0
891.0,119.3259467642294,876.2876501538229,0.0,-0.8042711273496118,0.002291130402549151,0.0
892.0,120.02339960290689,875.5647624453992,0.0,-0.8019340208178223,0.002883897785847633,0.0
893.0,120.72271210805903,874.8439103401474,0.0,-0.7987909111914957,0.0035853963430073467,0.0
894.0,121.42437094211084,874.1257536948841,0.0,-0.7948400415138884,0.0043639812166647975,0.0
895.0,122.12886276748729,873.4109523664252,0.0,-0.7900791334427169,0.0051729996627455045,0.0
896.0,122.8366742466134,872.7001662115866,0.0,-0.7845054613528153,0.005987894910367338,0.0
897.0,123.54829204191422,871.9940550871846,0.0,-0.7781159425519294,0.006805765455181625,0.0
898.0,124.26420281581474,871.2932788500352,0.0,-0.7709072443256835,0.007626763160353029,0.0
899.0,124.98489323074,870.5984973569541,0.0,-0.7628759085633136,0.008450904788605693,0.0
900.0,125.71084994911497,869.9103704647579,0.0,-0.7540184947008617,0.009278053613693691,0.0
901.0,126.44255963336467,869.2295580302623,0.0,-0.7443317416319797,0.010107900625694135,0.0
902.0,127.18050894591414,868.5567199102834,0.0,-0.7338127490796832,0.01093963290096133,0.0
903.0,127.9251845491884,867.8925159616373,0.0,-0.7224591786753692,0.011752582894123089,0.0
904.0,128.6770731056124,867.2376060411401,0.0,-0.7102694746376638,0.012476510866778487,0.0
905.0,129.43666127761125,866.5926500056078,0.0,-0.6972431034802312,0.013027681573673558,0.0
906.0,130.20443572760988,865.9583077118564,0.0,-0.6833851887953072,0.013369399394599437,0.0
907.0,130.98087787468344,865.335232045125,0.0,-0.6689730539511448,0.013498169543643182,0.0
908.0,131.76614519884777,864.723645180112,0.0,-0.6547060302467977,0.01341345169432051,0.0
909.0,132.55988763029126,864.1230944514353,0.0,-0.6410509184334353,0.013115341618192458,0.0
910.0,133.3617107964311,863.5330682885885,0.0,-0.628049417797225,0.012623918893749229,0.0
911.0,134.17122032468455,862.9530551210654,0.0,-0.6157048619048034,0.012008965063162227,0.0
912.0,134.98802184246895,862.3825433783599,0.0,-0.6040193924926044,0.011353891368458211,0.0
913.0,135.81172097720147,861.8210214899656,0.0,-0.5929941171282396,0.010695212056131798,0.0
914.0,136.64192335629932,861.2679778853764,0.0,-0.5826292611057232,0.01003639571261866,0.0
915.0,137.47823460717987,860.7229009940859,0.0,-0.5729243122079481,0.009378128293776149,0.0
916.0,138.32026035726034,860.185279245588,0.0,-0.5638781573138699,0.008720964807013079,0.0
917.0,139.1676062339579,859.6546010693764,0.0,-0.5554892101309452,0.008065337938077406,0.0
918.0,140.0198778646899,859.1303548949451,0.0,-0.547755529594422,0.007411567112054556,0.0
919.0,140.87668087687356,858.6120291517876,0.0,-0.5406749286901198,0.006759867788545386,0.0
920.0,141.73762089792618,858.0991122693978,0.0,-0.534245073632541,0.006110360829001896,0.0
921.0,142.60230355526497,857.5910926772692,0.0,-0.528463573468338,0.005463081809794847,0.0
922.0,143.47033447630713,857.0874588048962,0.0,-0.5233280602765695,0.00481799018738047,0.0
923.0,144.34131928847,856.5876990817719,0.0,-0.5188362602056131,0.0041749782508474585,0.0
924.0,145.21486361917084,856.0913019373904,0.0,-0.5149860556331755,0.0035338798227352707,0.0
925.0,146.0905730958268,855.5977558012455,0.0,-0.5117755387550639,0.002894478691173961,0.0
926.0,146.96805334585528,855.1065491028309,0.0,-0.5092030569061513,0.002256516774771178,0.0
927.0,147.84690999667345,854.6171702716404,0.0,-0.5072672499046451,0.0016208051157225853,0.0
928.0,148.72674867569853,854.1291077371676,0.0,-0.5059670796779402,0.0010000033783928441,0.0
929.0,149.60717501034787,853.6418499289065,0.0,-0.5053018523905319,0.00042253022643543416,0.0
930.0,150.48779462803867,853.1548852763507,0.0,-0.5052712332448542,-8.886404392260959e-05,0.0
931.0,151.36821315618815,852.6677022089941,0.0,-0.5058598109738182,-0.0005281524175770404,0.0
932.0,152.24805581518532,852.1798138281114,0.0,-0.5069017361169214,-0.000895408885858833,0.0
933.0,153.12713905078476,851.6909740289942,0.0,-0.5081614363741978,-0.0011907266958149365,0.0
934.0,154.00538728828568,851.2010726764912,0.0,-0.5095529670515152,-0.001415251043045962,0.0
935.0,154.88272617231814,850.7100011708517,0.0,-0.5110754963771487,-0.0015819501783263207,0.0
936.0,155.7590813475125,850.2176509123253,0.0,-0.5127291600933471,-0.001719518585386072,0.0
937.0,156.63437845849901,849.7239133011618,0.0,-0.5145140992834482,-0.0018509435649253858,0.0
938.0,157.50854314990778,849.2286797376108,0.0,-0.5164304595378677,-0.0019824453823312294,0.0
939.0,158.3815010663691,848.7318416219218,0.0,-0.5184783900494403,-0.002114095680177849,0.0
940.0,159.25317785251326,848.2332903543443,0.0,-0.5206580426370838,-0.0022458964150980283,0.0
941.0,160.12349915297037,847.7329173351279,0.0,-0.5229695706975845,-0.0023778484572170417,0.0
942.0,160.99239061237074,847.2306139645221,0.0,-0.5254131280837165,-0.002509951516868027,0.0
943.0,161.85977787534458,846.726271642777,0.0,-0.5279888679092691,-0.0026422040706270172,0.0
944.0,162.72558658652207,846.2197817701415,0.0,-0.5306969412788985,-0.002774603286744361,0.0
945.0,163.58974239053347,845.7110357468657,0.0,-0.5335374959434559,-0.0029071449501318026,0.0
946.0,164.45217093200907,845.1999249731989,0.0,-0.5365106748800045,-0.003039823386907471,0.0
947.0,165.312797855579,844.6863408493908,0.0,-0.5396166147952979,-0.0031726313886264457,0.0
948.0,166.17154880587353,844.170174775691,0.0,-0.5428554445537915,-0.00330556013646626,0.0
949.0,167.02834942752293,843.6513181523492,0.0,-0.5462272835293548,-0.0034385991253336424,0.0
950.0,167.88312536515733,843.1296623796147,0.0,-0.5497322398803355,-0.003571736088180526,0.0
951.0,168.735802263407,842.6050988577373,0.0,-0.5533704087486024,-0.0037049569207662303,0.0
952.0,169.58630576690223,842.0775189869667,0.0,-0.5571418703842796,-0.0038382456069481047,0.0
953.0,170.43456152027323,841.5468141675519,0.0,-0.5610466881938517,-0.003971584144922158,0.0
954.0,171.28049516815017,841.0128757997434,0.0,-0.565084906715978,-0.004104952474642899,0.0
955.0,172.12403235516325,840.47559528379,0.0,-0.5692565495238386,-0.0042383284066499095,0.0
956.0,172.96509872594282,839.9348640199418,0.0,-0.5735616170565812,-0.004371687552709288,0.0
957.0,173.80361992511902,839.390573408448,0.0,-0.5780000843820193,-0.004505003258655009,0.0
958.0,174.6395215973221,838.8426148495585,0.0,-0.5825718988919192,-0.004638246539765364,0.0
959.0,175.4727293871823,838.2908797435227,0.0,-0.5872769779340616,-0.004771386019111732,0.0
960.0,176.3031689393298,837.7352594905902,0.0,-0.5921152063819998,-0.00490438786934145,0.0
961.0,177.1307658983949,837.1756454910109,0.0,-0.5970864341490001,-0.00503721575836173,0.0
962.0,177.95544590900778,836.6119291450339,0.0,-0.6021904736475316,-0.0051698307993842665,0.0
963.0,178.77713461579867,836.0440018529091,0.0,-0.6074270972004524,-0.005302191505941435,0.0
964.0,179.59575766339782,835.471755014886,0.0,-0.6127960344089284,-0.005434253752359159,0.0
965.0,180.41124069643544,834.8950800312142,0.0,-0.6182969694820744,-0.005565970740222168,0.0
966.0,181.22350935954177,834.3138683021432,0.0,-0.6239295385352862,-0.005697292971539052,0.0
967.0,182.03248929734698,833.7280112279228,0.0,-0.6296933268639553,-0.005828168229056938,0.0
968.0,182.8381061544814,833.1374002088024,0.0,-0.6355878662000728,-0.005958541564462492,0.0
969.0,183.64028557557518,832.5419266450318,0.0,-0.6416126319595693,-0.0060883552950883,0.0
970.0,184.4389532052586,831.9414819368604,0.0,-0.6477670404899615,-0.006217549009635487,0.0
971.0,185.23403468816184,831.3359574845376,0.0,-0.6540504463262165,-0.006346065020843077,0.0
972.0,186.02545566891516,830.7252446883135,0.0,-0.6604621394672612,-0.006474401703337089,0.0
973.0,186.8131417921488,830.1092349484372,0.0,-0.6670013426813356,-0.006604685461715078,0.0
974.0,187.59701870249296,829.4878196651588,0.0,-0.6736672088528027,-0.0067397895329922184,0.0
975.0,188.3770120445778,828.8608902387274,0.0,-0.6804588945030284,-0.006881278982872313,0.0
976.0,189.1530469988447,828.2283382490696,0.0,-0.6873832275033329,-0.007029637235595148,0.0
977.0,189.92500251806814,827.5900731697499,0.0,-0.694462041410209,-0.007185250930346514,0.0
978.0,190.69267267763593,826.9460373283667,0.0,-0.70171249886786,-0.007348512807915969,0.0
979.0,191.45584245227874,826.2961765751679,0.0,-0.70913799268583,-0.0075192678171443475,0.0
980.0,192.21429681672728,825.6404367604013,0.0,-0.7167404107610988,-0.007695740533290956,0.0
981.0,192.96782074571226,824.9787637343145,0.0,-0.7245216537978907,-0.007875415679923533,0.0
982.0,193.71619921396442,824.3111033471553,0.0,-0.7324836288687641,-0.008057092390669318,0.0
983.0,194.4592171962144,823.6374014491716,0.0,-0.7406282425776182,-0.008240656866955425,0.0
984.0,195.19665966719302,822.957603890611,0.0,-0.7489573938019971,-0.008426096634919738,0.0
985.0,195.9283116016309,822.2716565217214,0.0,-0.7574729659950014,-0.008613391256859504,0.0
986.0,196.65395797425876,821.5795051927505,0.0,-0.7661768190280591,-0.008802511866687568,0.0
987.0,197.37338375980738,820.881095753946,0.0,-0.7750707805562457,-0.00899342068977338,0.0
988.0,198.08637393300742,820.1763740555559,0.0,-0.7841566368916202,-0.009186070549460981,0.0
989.0,198.79271346858957,819.4652859478279,0.0,-0.7934361233710676,-0.009380404362950026,0.0
990.0,199.49218734128465,818.7477772810096,0.0,-0.8029109142089406,-0.009576354629741069,0.0
991.0,200.1845805258232,818.023793905349,0.0,-0.812582611827502,-0.009773842916251139,0.0
992.0,200.86967799693608,817.2932816710935,0.0,-0.8224527356619502,-0.009972779340795133,0.0
993.0,201.54726472935394,816.5561864284913,0.0,-0.8325227104424107,-0.010173062063670633,0.0
994.0,202.21712569780752,815.81245402779,0.0,-0.8427938539582691,-0.010374545313669284,0.0
995.0,202.8790458770275,815.0620303192374,0.0,-0.8532673643171127,-0.010571904761359163,0.0
996.0,203.53281024174458,814.3048611530811,0.0,-0.863944306716707,-0.010743881801397275,0.0
997.0,204.17820376668953,813.5408923795691,0.0,-0.8748255997546901,-0.010862131468666991,0.0
998.0,204.81501142659303,812.770069848949,0.0,-0.8859115606731225,-0.01091279661511879,0.0
999.0,205.4430189509302,811.9923398801523,0.0,-0.897130453475358,-0.010894190825005739,0.0
1000.0,206.06213498489694,811.2077251206933,0.0,-0.9082593378485647,-0.01080604936232294,0.0
1001.0,206.6725261152601,810.4164083954399,0.0,-0.9191270671134529,-0.010648201395095654,0.0
1002.0,207.27439143597917,809.618592715676,0.0,-0.929713303773592,-0.010425702726294853,0.0
1003.0,207.86793004101366,808.8144810926855,0.0,-0.9400170388103081,-0.010159589743747475,0.0
1004.0,208.4533410243231,808.0042765377523,0.0,-0.9500375587336102,-0.009878029880627637,0.0
1005.0,209.03082347986688,807.1881820621606,0.0,-0.9597744212255416,-0.00959474597262038,0.0
1006.0,209.60057650160454,806.3664006771944,0.0,-0.9692274310910669,-0.009311332043680318,0.0
1007.0,210.16279918349557,805.539135394138,0.0,-0.9783966166453205,-0.009028001232904244,0.0
1008.0,210.71769061949945,804.7065892242753,0.0,-0.987282206645484,-0.008744944094979073,0.0
1009.0,211.26544990357567,803.8689651788902,0.0,-0.9958846078582462,-0.00846232924010568,0.0
1010.0,211.8062761296837,803.0264662692668,0.0,-1.0042043833371783,-0.00818030404242754,0.0
1011.0,212.34036839178304,802.1792955066894,0.0,-1.0122422314673993,-0.007898995401977194,0.0
1012.0,212.86792578383324,801.3276559024417,0.0,-1.0199989658214594,-0.007618510546516791,0.0
1013.0,213.38914739979364,800.471750467808,0.0,-1.0274754958566286,-0.007338937860910253,0.0
1014.0,213.9042323336239,799.6117822140723,0.0,-1.0346728084737444,-0.007060347732960001,0.0
1015.0,214.41337967928337,798.7479541525183,0.0,-1.0415919504447408,-0.006782793406082105,0.0
1016.0,214.91678853073162,797.8804692944308,0.0,-1.0482340117102245,-0.0065063118302831156,0.0
1017.0,215.41465798192812,797.009530651093,0.0,-1.0546001095379436,-0.006230924504111985,0.0
1018.0,215.90718712683233,796.1353412337895,0.0,-1.060691373528074,-0.005956638301470592,0.0
1019.0,216.39457505940376,795.2581040538042,0.0,-1.0665089314459342,-0.005683446278104211,0.0
1020.0,216.8770208736019,794.3780221224212,0.0,-1.0720538958561174,-0.005411361633194508,0.0
1021.0,217.35472366338627,793.4952984509245,0.0,-1.0773273515318234,-0.005145252867756149,0.0
1022.0,217.82788252271627,792.610136050598,0.0,-1.0823303436072502,-0.004904636534308583,0.0
1023.0,218.2966965455515,791.722737932726,0.0,-1.087063866441174,-0.004715200244555771,0.0
1024.0,218.76136482585133,790.8333071085924,0.0,-1.0915293176717171,-0.004589112712052519,0.0
1025.0,219.22208568737145,789.942046050033,0.0,-1.0957957055428866,-0.00452747079330838,0.0
1026.0,219.67894519231663,789.0490786012612,0.0,-1.1000695109114418,-0.0045301720758242426,0.0
1027.0,220.13180028262624,788.154368131407,0.0,-1.1045061198143906,-0.004597085847691996,0.0
1028.0,220.58047995875688,787.2578584394772,0.0,-1.1091227055422854,-0.004723219457008487,0.0
1029.0,221.0248132211652,786.3594933244789,0.0,-1.1139195807031055,-0.004888926931503874,0.0
1030.0,221.46462907030775,785.4592165854191,0.0,-1.1188970384068582,-0.005068387195204384,0.0
1031.0,221.8997565066412,784.5569720213049,0.0,-1.124055347573721,-0.005249295109370237,0.0
1032.0,222.33002453062218,783.6527034311432,0.0,-1.1293947480390016,-0.005430415379068092,0.0
1033.0,222.75526214270727,782.746354613941,0.0,-1.134915445456381,-0.005611710782337147,0.0
1034.0,223.1752983433531,781.8378693687051,0.0,-1.1406176060023128,-0.005793138713606618,0.0
1035.0,223.58996213301626,780.9271914944429,0.0,-1.1465013508855466,-0.005974650994428795,0.0
1036.0,223.9990825121534,780.0142647901612,0.0,-1.1525667506667976,-0.00615619369071466,0.0
1037.0,224.40248848122116,779.0990330548669,0.0,-1.1588138193958861,-0.0063377069381406505,0.0
1038.0,224.80000904067612,778.1814400875672,0.0,-1.1652425085751856,-0.006519124777489425,0.0
1039.0,225.1914731909749,777.2614296872689,0.0,-1.17185270095954,-0.006700375001876035,0.0
1040.0,225.57670993257412,776.3389456529791,0.0,-1.1786442042058478,-0.006881379017974142,0.0
1041.0,225.9555482659304,775.4139317837048,0.0,-1.185616744386815,-0.007062051723417847,0.0
1042.0,226.32781719150037,774.486331878453,0.0,-1.1927699593858963,-0.007242236458421132,0.0
1043.0,226.6933457097406,773.5560897362305,0.0,-1.2001033921927124,-0.007418156118864269,0.0
1044.0,227.05196282110782,772.6231491560446,0.0,-1.2076164841216093,-0.007577271484014198,0.0
1045.0,227.4034975260585,771.6874539369024,0.0,-1.2153085679773123,-0.007705013561397616,0.0
1046.0,227.74777882504935,770.7489478778105,0.0,-1.2231779519753092,-0.007795331982875662,0.0
1047.0,228.0846372848802,769.807575791412,0.0,-1.2311731388541785,-0.007847960076707405,0.0
1048.0,228.4139892541328,768.8633380027717,0.0,-1.2391696105146832,-0.007863085972335633,0.0
1049.0,228.7358795316028,767.9163179616259,0.0,-1.2470872831175948,-0.007840982216839201,0.0
1050.0,229.05036345458922,766.9666059375486,0.0,-1.2549207162212732,-0.007785555312862735,0.0
1051.0,229.35749636039114,766.0142922001137,0.0,-1.2626706011669522,-0.007709488071403259,0.0
1052.0,229.6573335863077,765.0594670188956,0.0,-1.2703376545446683,-0.007627507974671409,0.0
1053.0,229.9499304696378,764.1022206634682,0.0,-1.277922616443702,-0.00754583951234595,0.0
1054.0,230.2353423476806,763.1426434034054,0.0,-1.2854262487658639,-0.007464939863463448,0.0
1055.0,230.5136245577351,762.1808255082815,0.0,-1.2928493336026434,-0.00738482856376261,0.0
1056.0,230.7848324371004,761.2168572476704,0.0,-1.3001926716750343,-0.007305523620059048,0.0
1057.0,231.04902132307552,760.2508288911463,0.0,-1.307457080836677,-0.007227041572850337,0.0
1058.0,231.30624655295958,759.2828307082833,0.0,-1.3146433946400367,-0.0071493975584649185,0.0
1059.0,231.55656346405155,758.3129529686553,0.0,-1.3217524609642604,-0.0070726053706265,0.0
1060.0,231.80002739365054,757.3412859418364,0.0,-1.3287851407049367,-0.006996677521315529,0.0
1061.0,232.03669367905556,756.3679198974007,0.0,-1.335742306524534,-0.006921625300753306,0.0
1062.0,232.26661765756575,755.3929451049223,0.0,-1.3426248416624822,-0.006847458836414767,0.0
1063.0,232.48985466648006,754.4164518339753,0.0,-1.3494336388039665,-0.006774187150981087,0.0
1064.0,232.7064600430976,753.4385303541337,0.0,-1.3561695990061622,-0.006701818219125235,0.0
1065.0,232.91648912471746,752.4592709349715,0.0,-1.3628336306810978,-0.006630356639119324,0.0
1066.0,233.11999724863858,751.4787638460627,0.0,-1.369426648633006,-0.006558188756142874,0.0
1067.0,233.31703975216016,750.4970993569818,0.0,-1.3759495731499263,-0.006477633002652011,0.0
1068.0,233.50767197258116,749.5143677373025,0.0,-1.3824033291472977,-0.006377350117887806,0.0
1069.0,233.69194924720065,748.530659256599,0.0,-1.388788811987389,-0.0062511971569083925,0.0
1070.0,233.86992698507345,747.546064163588,0.0,-1.39508431106506,-0.006098189577315687,0.0
1071.0,234.04170903749738,746.5606586263597,0.0,-1.401205788782197,-0.005918107210875758,0.0
1072.0,234.207531789615,745.5744802896098,0.0,-1.4070803425554923,-0.005710746489754068,0.0
1073.0,234.36765408724062,744.5875602694275,0.0,-1.412696696955329,-0.005477534017346646,0.0
1074.0,234.52233477618876,743.5999296819023,0.0,-1.418054178910023,-0.005225974973425537,0.0
1075.0,234.67183270227363,742.611619643123,0.0,-1.4231522243394616,-0.004967241695449835,0.0
1076.0,234.8164067113097,741.6226612691794,0.0,-1.427990367651782,-0.004707318529010851,0.0
1077.0,234.95631564911125,740.6330856761602,0.0,-1.43256823164352,-0.004447038662026829,0.0
1078.0,235.09181836149273,739.6429239801552,0.0,-1.4368855178316944,-0.0041864771377897615,0.0
1079.0,235.22317369426847,738.6522072972533,0.0,-1.4409419972422925,-0.003925700062960859,0.0
1080.0,235.35064049325283,737.6609667435438,0.0,-1.4447375016746806,-0.0036647650850967217,0.0
1081.0,235.4744776042602,736.669233435116,0.0,-1.4482719154590469,-0.0034037218857478108,0.0
1082.0,235.5949438731049,735.6770384880592,0.0,-1.4515451677194944,-0.003142612686034821,0.0
1083.0,235.71229814560138,734.6844130184628,0.0,-1.4545572251532013,-0.002881472762016335,0.0
1084.0,235.82679926756396,733.6913881424158,0.0,-1.4573080853334548,-0.0026203309674792197,0.0
1085.0,235.938706084807,732.6979949760076,0.0,-1.459797770542229,-0.0023592102621604605,0.0
1086.0,236.04827744314488,731.7042646353274,0.0,-1.4620263221362455,-0.0020981282437666504,0.0
1087.0,236.155772188392,730.7102282364644,0.0,-1.4639937954489564,-0.0018370976823794641,0.0
1088.0,236.26144916636264,729.7159168955081,0.0,-1.4657002552294802,-0.001576127056187561,0.0
1089.0,236.36556722287128,728.7213617285475,0.0,-1.4671457716193075,-0.001315221087691316,0.0
1090.0,236.4683852037322,727.7265938516721,0.0,-1.4683304166661213,-0.0010543812797276944,0.0
1091.0,236.57016195475978,726.7316443809709,0.0,-1.4692542613738473,-0.0007936064509401605,0.0
1092.0,236.67115632176845,725.7365444325334,0.0,-1.4699173732884623,-0.0005328932704017828,0.0
1093.0,236.77162715057253,724.7413251224486,0.0,-1.4703198146176906,-0.00027223679125110145,0.0
1094.0,236.87183328698637,723.7460175668059,0.0,-1.470461640883699,-1.1630983368982049e-05,0.0
1095.0,236.97203357682437,722.7506528816947,0.0,-1.4703429001078998,0.0002489307348762753,0.0
1096.0,237.07248686590088,721.7552621832041,0.0,-1.4699636325265129,0.0005094549656607462,0.0
1097.0,237.17345200003032,720.7598765874234,0.0,-1.4693238708364313,0.0007699478013489962,0.0
1098.0,237.275187825027,719.7645272104418,0.0,-1.468423640970703,0.0010304142946487213,0.0
1099.0,237.37795318670527,718.7692451683486,0.0,-1.4672629634033387,0.0012908579290996805,0.0
1100.0,237.48200693087958,717.774061577233,0.0,-1.4658418549835637,0.0015512800898230816,0.0
1101.0,237.58760790336424,716.7790075531844,0.0,-1.46416033129894,0.0018116795345624525,0.0
1102.0,237.6950149499736,715.7841142122921,0.0,-1.4622184095675768,0.0020720518651054904,0.0
1103.0,237.80448691652208,714.7894126706451,0.0,-1.4600161120594404,0.002332388999351937,0.0
1104.0,237.91628264882402,713.7949340443329,0.0,-1.4575534700459807,0.0025926786444328315,0.0
1105.0,238.0306609926938,712.8007094494445,0.0,-1.4548305282772793,0.0028529037714468686,0.0
1106.0,238.14788079394577,711.8067700020696,0.0,-1.4518473499852855,0.0031130420926659885,0.0
1107.0,238.26820089839433,710.813146818297,0.0,-1.4486040224106898,0.0033731372334655186,0.0
1108.0,238.3918801518538,709.819871014216,0.0,-1.4451006628497542,0.003637160537101106,0.0
1109.0,238.5191774001386,708.8269737059162,0.0,-1.4413374252165063,0.003918648047827584,0.0
1110.0,238.65035148906304,707.8344860094866,0.0,-1.437314507113187,0.0042335086221299955,0.0
1111.0,238.78566126444156,706.8424390410166,0.0,-1.4330311537237168,0.004588601888847037,0.0
1112.0,238.92536745197856,705.8508649934206,0.0,-1.4284325970801277,0.004984614697462111,0.0
1113.0,239.06983187170744,704.8598539677433,0.0,-1.423384208512851,0.005421784269737813,0.0
1114.0,239.2195666593466,703.8695821677852,0.0,-1.4177980431733044,0.005900285960337742,0.0
1115.0,239.3750961629786,702.8802327927458,0.0,-1.411666215643281,0.00641636315715312,0.0
1116.0,239.53694473068606,701.8919890418241,0.0,-1.40498726665851,0.006956681285554346,0.0
1117.0,239.70563671055154,700.90503411422,0.0,-1.397759685894854,0.00750550995521182,0.0
1118.0,239.8816964506577,699.9195512091327,0.0,-1.3899819714973214,0.00805613452618186,0.0
1119.0,240.06564829908703,698.9357235257618,0.0,-1.3816526951063794,0.008607968464059519,0.0
1120.0,240.25801660392221,697.9537342633065,0.0,-1.3727705724888384,0.009160818292427968,0.0
1121.0,240.4593257132458,696.9737666209664,0.0,-1.3633345398243515,0.009714411586388352,0.0
1122.0,240.6700999751404,695.9960037979407,0.0,-1.353343835625688,0.010268116750841683,0.0
1123.0,240.89086373768856,695.0206289934292,0.0,-1.3427980881792698,0.010809386963610253,0.0
1124.0,241.12214134897295,694.0478254066311,0.0,-1.3316974082801025,0.011298898392415649,0.0
1125.0,241.36445715707612,693.077776236746,0.0,-1.320042486902636,0.011692792569190107,0.0
1126.0,241.61833551008064,692.1106646829729,0.0,-1.3078385451892813,0.011973482060752884,0.0
1127.0,241.88429306938002,691.1466728952465,0.0,-1.295253304915393,0.012140148952720769,0.0
1128.0,242.1625227877435,690.1859388359183,0.0,-1.2826672299039779,0.012193174183520932,0.0
1129.0,242.452782115755,689.2285410194681,0.0,-1.2703120495774,0.012133329041976344,0.0
1130.0,242.754797839955,688.2745537746063,0.0,-1.2582011253770173,0.011973337856830508,0.0
1131.0,243.06829674688385,687.3240514300421,0.0,-1.2463322857442642,0.011752747373515362,0.0
1132.0,243.39300562308205,686.3771083144856,0.0,-1.2347031708691811,0.011515692938176874,0.0
1133.0,243.72865125508997,685.4337987566463,0.0,-1.2233112546350673,0.01128010233999296,0.0
1134.0,244.07496042944808,684.4941970852343,0.0,-1.2121538654739799,0.011047207768999128,0.0
1135.0,244.43165993269676,683.5583776289589,0.0,-1.2012282061161759,0.010817127807787177,0.0
1136.0,244.79847655137652,682.6264147165303,0.0,-1.1905313722307258,0.010589962926954482,0.0
1137.0,245.1751370720277,681.6983826766582,0.0,-1.1800603699637902,0.010364704245646093,0.0
1138.0,245.56136828119077,680.7743558380523,0.0,-1.1698121323915036,0.010133575703618978,0.0
1139.0,245.95689696540614,679.8544085294221,0.0,-1.1597835349129213,0.009882227552580327,0.0
1140.0,246.36144991121427,678.9386150794778,0.0,-1.1499714096139644,0.009600900284676275,0.0
1141.0,246.77475390515553,678.027049816929,0.0,-1.1403878510560375,0.009287132609529609,0.0
1142.0,247.19651855846152,677.1197511272611,0.0,-1.1311241606834526,0.008940287321804121,0.0
1143.0,247.6263657699172,676.2165738377976,0.0,-1.1222842319273245,0.008559770436199772,0.0
1144.0,248.06388951117145,675.3173143320038,0.0,-1.1138949062817236,0.008146118053331574,0.0
1145.0,248.50868374205407,674.421768968611,0.0,-1.1059577395401556,0.007706650740376274,0.0
1146.0,248.96034242239472,673.52973410635,0.0,-1.0984739052590116,0.007255276787035746,0.0
1147.0,249.41845951202316,672.6410061039518,0.0,-1.0914442531610773,0.006801325240024937,0.0
1148.0,249.8826289707692,671.7553813201479,0.0,-1.0848693547622825,0.006346835121821374,0.0
1149.0,250.35244475846247,670.8726561136689,0.0,-1.0787495466119397,0.0058920270054243495,0.0
1150.0,250.8275008349328,669.9926268432461,0.0,-1.073084970980337,0.005437081578926147,0.0
1151.0,251.3073911600099,669.1150898676105,0.0,-1.067875613868362,0.004982143060398332,0.0
1152.0,251.79170969352347,668.2398415454934,0.0,-1.063121340248018,0.004527321940900124,0.0
1153.0,252.28005039530328,667.3666782356255,0.0,-1.0588219264752083,0.004072697785109436,0.0
1154.0,252.7720072251791,666.4953962967381,0.0,-1.0549770898399145,0.0036183220668304056,0.0
1155.0,253.2671741429806,665.6257920875622,0.0,-1.0515865152378687,0.0031642210211699773,0.0
1156.0,253.76514510853755,664.7576619668289,0.0,-1.0486498789637517,0.0027103984995094127,0.0
1157.0,254.26551408167975,663.8908022932694,0.0,-1.0461668696369928,0.002257716343469559,0.0
1158.0,254.76787502223686,663.0250094256145,0.0,-1.0441372062760805,0.001817364948459664,0.0
1159.0,255.2718218900386,662.1600797225955,0.0,-1.0425606535439198,0.0014148906489127588,0.0
1160.0,255.77694864491485,661.2958095429433,0.0,-1.0414370341861747,0.0010713514168608931,0.0
1161.0,256.28284924669515,660.431995245389,0.0,-1.0407539533203742,0.0007926464693345553,0.0
1162.0,256.78913969818035,659.568444221538,0.0,-1.0403665424789736,0.0005788213113196518,0.0
1163.0,257.29567381960373,658.7050828945827,0.0,-1.0400613826378682,0.0004298464229031922,0.0
1164.0,257.8024505400679,657.841910317122,0.0,-1.0397564461268238,0.00034482374473427627,0.0
1165.0,258.30947085934156,656.9789265781577,0.0,-1.0394505792155657,0.0003125201303047736,0.0
1166.0,258.8167357771934,656.116131766692,0.0,-1.0391437822459595,0.00030734356532615054,0.0
1167.0,259.3242462933921,655.2535259717265,0.0,-1.0388360555634903,0.0003081906634021842,0.0
1168.0,259.8320034077062,654.3911092822633,0.0,-1.0385273995167787,0.0003091198443327313,0.0
1169.0,260.34000811990484,653.5288817873043,0.0,-1.0382178144583023,0.00031004867113937346,0.0
1170.0,260.8482614297563,652.6668435758513,0.0,-1.0379073007439734,0.0003109771403332509,0.0
1171.0,261.3567643370296,651.8049947369062,0.0,-1.037595858733088,0.00031190524837765293,0.0
1172.0,261.86551784149316,650.943335359471,0.0,-1.0372834887886433,0.00031283299172793884,0.0
1173.0,262.37452294291586,650.0818655325473,0.0,-1.0369701912769307,0.00031376036688539924,0.0
1174.0,262.8837806410663,649.2205853451375,0.0,-1.0366559665678536,0.00031468737031191207,0.0
1175.0,263.3932919357134,648.3594948862432,0.0,-1.0363408150351283,0.0003156139984513695,0.0
1176.0,263.9030578266256,647.4985942448661,0.0,-1.0360247370557616,0.0003165402477636351,0.0
1177.0,264.4130793135717,646.6378835100085,0.0,-1.0357077330101185,0.0003174661146733624,0.0
1178.0,264.92335739632045,645.7773627706722,0.0,-1.0353898032825761,0.00031839159562206475,0.0
1179.0,265.4338930746405,644.9170321158589,0.0,-1.035070948260836,0.0003193166870624843,0.0
1180.0,265.94468734830065,644.0568916345705,0.0,-1.034751168336047,0.0003202413853919791,0.0
1181.0,266.4557412170695,643.1969414158094,0.0,-1.0344304639033102,0.00032116568702885865,0.0
1182.0,266.96705568071576,642.3371815485768,0.0,-1.0341088353609629,0.0003220895884066266,0.0
1183.0,267.4786317390082,641.4776121218752,0.0,-1.0337862831110523,0.00032301308591329924,0.0
1184.0,267.9904703917155,640.6182332247059,0.0,-1.0334628075593402,0.00032393617594740826,0.0
1185.0,268.5025726386063,639.7590449460713,0.0,-1.0331384091149505,0.00032485885490174393,0.0
1186.0,269.0149394794493,638.9000473749732,0.0,-1.032813088190769,0.00032578111916187994,0.0
1187.0,269.5275719140134,638.0412406004133,0.0,-1.032486845203328,0.00032670296512165334,0.0
1188.0,270.0404709420671,637.1826247113937,0.0,-1.0321596805727655,0.00032762438913588475,0.0
1189.0,270.5536375633792,636.3241997969162,0.0,-1.031831594722883,0.00032854538756459697,0.0
1190.0,271.0670727777183,635.4659659459826,0.0,-1.0315025880808657,0.0003294659567827374,0.0
1191.0,271.58077758485325,634.6079232475952,0.0,-1.0311726610778236,0.00033038609314373074,0.0
1192.0,272.09475298455266,633.7500717907554,0.0,-1.0308418141485647,0.00033130579299790936,0.0
1193.0,272.60899997658527,632.8924116644654,0.0,-1.0305100477312503,0.00033222505268313906,0.0
1194.0,273.1235195607198,632.0349429577269,0.0,-1.0301773622678883,0.00033314386852272595,0.0
1195.0,273.63831273672486,631.1776657595422,0.0,-1.029843758204193,0.0003340622368595479,0.0
1196.0,274.1533805043692,630.3205801589128,0.0,-1.0295092359894848,0.00033498015402233516,0.0
1197.0,274.66872386342163,629.4636862448406,0.0,-1.0291737960767,0.00033589761631802606,0.0
1198.0,275.18434381365074,628.6069841063278,0.0,-1.028837438922671,0.0003368146200568102,0.0
1199.0,275.70024135482527,627.7504738323759,0.0,-1.0285001649876835,0.0003377311615407092,0.0
1200.0,276.2164174867139,626.8941555119872,0.0,-1.0281619747358188,0.0003386472370789611,0.0
1201.0,276.73287320908537,626.0380292341632,0.0,-1.0278228686348674,0.00033956284297047875,0.0
1202.0,277.24960952170835,625.1820950879064,0.0,-1.0274828471564186,0.00034047797548445287,0.0
1203.0,277.76662742435155,624.326353162218,0.0,-1.0271419107756894,0.00034139263089803606,0.0
1204.0,278.2839279167837,623.4708035461002,0.0,-1.02680005997139,0.00034230680549775434,0.0
1205.0,278.8015119987735,622.6154463285552,0.0,-1.0264572952263944,0.00034322049555647805,0.0
1206.0,279.3193806700897,621.7602815985845,0.0,-1.0261136170271778,0.00034413369733576893,0.0
1207.0,279.83753493050085,620.90530944519,0.0,-1.025769025863752,0.00034504640707607885,0.0
1208.0,280.35597577977586,620.0505299573737,0.0,-1.0254235222299657,0.00034595862103427495,0.0
1209.0,280.8747042176832,619.1959432241377,0.0,-1.0250771066235296,0.00034687033547298185,0.0
1210.0,281.3937212439918,618.3415493344836,0.0,-1.0247297795458776,0.0003477815466230716,0.0
1211.0,281.9130278584703,617.4873483774134,0.0,-1.0243815415021367,0.0003486922507077082,0.0
1212.0,282.4326250608872,616.6333404419291,0.0,-1.0240323930011679,0.0003496024439518003,0.0
1213.0,282.95251385101153,615.7795256170325,0.0,-1.0236823345557826,0.000350512122594309,0.0
1214.0,283.47269522861177,614.9259039917255,0.0,-1.0233313666824242,0.00035142128285145117,0.0
1215.0,283.99317019345676,614.0724756550101,0.0,-1.0229794899013855,0.0003523299209085324,0.0
1216.0,284.5139397453151,613.219240695888,0.0,-1.0226267047367845,0.00035323803297744003,0.0
1217.0,285.03500488395554,612.3661992033611,0.0,-1.0222730117163024,0.0003541456152785783,0.0
1218.0,285.5563666091469,611.5133512664316,0.0,-1.0219184113717916,0.00035505266399866417,0.0
1219.0,286.07802592065764,610.6606969741013,0.0,-1.0215629042387935,0.0003559591753143592,0.0
1220.0,286.5999838182566,609.8082364153718,0.0,-1.0212064908564729,0.0003568651454027056,0.0
1221.0,287.1222413017124,608.9559696792452,0.0,-1.0208491717678339,0.0003577705704443141,0.0
1222.0,287.6447993707939,608.1038968547236,0.0,-1.0204909475199946,0.0003586754466279636,0.0
1223.0,288.16765902526976,607.2520180308086,0.0,-1.0201318186637744,0.00035957977011348764,0.0
1224.0,288.6908212649086,606.4003332965023,0.0,-1.0197717857536746,0.00036048353703773843,0.0
1225.0,289.2142870894791,605.5488427408064,0.0,-1.019410849348199,0.0003613867435631032,0.0
1226.0,289.73805749875015,604.6975464527229,0.0,-1.0190490100095946,0.00036228938584943147,0.0
1227.0,290.26213349249036,603.8464445212537,0.0,-1.018686268304083,0.0003631914600378261,0.0
1228.0,290.78651607046834,602.9955370354008,0.0,-1.0183226248016954,0.00036409296226951645,0.0
1229.0,291.31120623245283,602.1448240841661,0.0,-1.0179580800762495,0.00036499388866232226,0.0
1230.0,291.83620497821266,601.2943057565514,0.0,-1.0175926347056274,0.000365894235346926,0.0
1231.0,292.36151330751636,600.4439821415583,0.0,-1.017226289271292,0.0003667939984580862,0.0
1232.0,292.88713222013286,599.5938533281893,0.0,-1.0168590443588084,0.0003676931741027424,0.0
1233.0,293.4130627158306,598.7439194054459,0.0,-1.0164909005577127,0.00036859175839041935,0.0
1234.0,293.93930579437847,597.8941804623302,0.0,-1.0161218584611078,0.0003694897474302612,0.0
1235.0,294.4658624555451,597.0446365878439,0.0,-1.0157519186662574,0.00037038713732308527,0.0
1236.0,294.99273369909923,596.1952878709891,0.0,-1.0153810817742492,0.0003712839241697407,0.0
1237.0,295.51992052480955,595.3461344007676,0.0,-1.0150093483901619,0.0003721801040534719,0.0
1238.0,296.0474239324447,594.4971762661811,0.0,-1.014636719122734,0.00037307567305666645,0.0
1239.0,296.5752449217735,593.648413556232,0.0,-1.0142631945848433,0.0003739706272687382,0.0
1240.0,297.10338449256454,592.7998463599217,0.0,-1.0138887753933015,0.00037486496276673004,0.0
1241.0,297.6318436445867,591.9514747662524,0.0,-1.0135134621687705,0.0003757586756175181,0.0
1242.0,298.16062337760843,591.1032988642258,0.0,-1.0131372555358014,0.00037665176187053263,0.0
1243.0,298.6897246913987,590.2553187428441,0.0,-1.012760156122943,0.00037754421759558386,0.0
1244.0,299.219148585726,589.4075344911089,0.0,-1.012382164562734,0.00037843603886666966,0.0
1245.0,299.7488960603592,588.5599461980222,0.0,-1.0120032814915165,0.00037932722172064255,0.0
1246.0,300.27896811506685,587.7125539525861,0.0,-1.0116235075498732,0.0003802177621963379,0.0
1247.0,300.8093657496177,586.8653578438019,0.0,-1.0112428433819334,0.0003811076563428527,0.0
1248.0,301.3400899637806,586.0183579606721,0.0,-1.0108612896360052,0.00038199690019681743,0.0
1249.0,301.87114175732404,585.1715543921985,0.0,-1.0104788469644777,0.00038288548978966067,0.0
1250.0,302.40252213001685,584.3249472273828,0.0,-1.0100955160235179,0.0003837734211402813,0.0
1251.0,302.9342320816277,583.478536555227,0.0,-1.009711297473359,0.0003846606902741919,0.0
1252.0,303.4662726119254,582.6323224647331,0.0,-1.009326191978136,0.00038554729321439913,0.0
1253.0,303.9986447206785,581.786305044903,0.0,-1.0089402002061985,0.00038643322596758936,0.0
1254.0,304.5313494076557,580.9404843847383,0.0,-1.0085533228296442,0.00038731848454939425,0.0
1255.0,305.0643876726258,580.094860573241,0.0,-1.0081655605244557,0.0003882030649557785,0.0
1256.0,305.59776051535744,579.2494336994134,0.0,-1.0077769139710255,0.0003890869631875444,0.0
1257.0,306.13146893561935,578.4042038522568,0.0,-1.0073873838534237,0.0003899701752506963,0.0
1258.0,306.66551393318036,577.5591711207735,0.0,-1.0069969708597617,0.00039085269712050126,0.0
1259.0,307.19989650780894,576.7143355939654,0.0,-1.0066056756823525,0.0003917345247858821,0.0
1260.0,307.73461765927397,575.8696973608343,0.0,-1.0062134990173563,0.0003926156542314794,0.0
1261.0,308.2696783873441,575.025256510382,0.0,-1.0058204415649765,0.00039349608142888063,0.0
1262.0,308.80507969178797,574.1810131316105,0.0,-1.0054265040294363,0.00039437580236010927,0.0
1263.0,309.34082257237435,573.3369673135218,0.0,-1.0050316871190426,0.0003952548129889179,0.0
1264.0,309.8769080288719,572.4931191451177,0.0,-1.004635991546166,0.0003961331092794713,0.0
1265.0,310.4133370610494,571.6494687154,0.0,-1.004239418027015,0.00039701068719861474,0.0
1266.0,310.95011066867556,570.8060161133708,0.0,-1.0038419672820575,0.00039788754269362174,0.0
1267.0,311.48722985151903,569.9627614280317,0.0,-1.0034436400358064,0.0003987636717188714,0.0
1268.0,312.0246956093485,569.119704748385,0.0,-1.0030444370166138,0.0003996390702286951,0.0
1269.0,312.5625089419327,568.2768461634322,0.0,-1.0026443589570184,0.0004005137341595656,0.0
1270.0,313.1006708490404,567.4341857621756,0.0,-1.0022434065937498,0.00040138765945639337,0.0
1271.0,313.6391823304401,566.5917236336168,0.0,-1.0018415806673946,0.000402260842055524,0.0
1272.0,314.17804438590076,565.7494598667578,0.0,-1.0014388819225848,0.00040313327788482617,0.0
1273.0,314.7172580151909,564.9073945506005,0.0,-1.001035311108254,0.0004040049628802968,0.0
1274.0,315.2568242180793,564.0655277741469,0.0,-1.0006308689772205,0.000404875892964602,0.0
1275.0,315.7967439943347,563.2238596263986,0.0,-1.0002255562864224,0.000405746064051574,0.0
1276.0,316.33701834372573,562.3823901963577,0.0,-0.9998193737968223,0.00040661547206428353,0.0
1277.0,316.87764826602114,561.5411195730263,0.0,-0.9994123222736218,0.00040748411292038496,0.0
1278.0,317.4186347609896,560.700047845406,0.0,-0.9990044024860182,0.00040835198252494757,0.0
1279.0,317.95997882839987,559.8591751024987,0.0,-0.9985956152072392,0.00040921907678190657,0.0
1280.0,318.5016814680206,559.0185014333065,0.0,-0.9981859612146996,0.00041008539159892443,0.0
1281.0,319.0437436796205,558.1780269268312,0.0,-0.9977754412898895,0.00041095092288098316,0.0
1282.0,319.5861664629683,557.3377516720745,0.0,-0.9973640562184042,0.00041181566651865564,0.0
1283.0,320.1289508178326,556.4976757580388,0.0,-0.9969518067898938,0.00041267961839979475,0.0
1284.0,320.6720977439823,555.6577992737255,0.0,-0.9965386937981653,0.00041354277441648816,0.0
1285.0,321.215608241186,554.8181223081367,0.0,-0.9961247180411409,0.00041440513046100573,0.0
1286.0,321.7594833092124,553.9786449502743,0.0,-0.9957098803208553,0.00041526668241297673,0.0
1287.0,322.3037239478302,553.1393672891403,0.0,-0.9952941814434864,0.00041612742614299814,0.0
1288.0,322.8483311568081,552.3002894137363,0.0,-0.9948776222192719,0.0004169873575364326,0.0
1289.0,323.39330593591484,551.4614114130645,0.0,-0.9944602034625677,0.0004178464724707128,0.0
1290.0,323.93864928491905,550.6227333761268,0.0,-0.9940419259919486,0.0004187047668065864,0.0
1291.0,324.48436220358957,549.7842553919248,0.0,-0.9936227906301085,0.00041956223641628364,0.0
1292.0,325.0304456916949,548.9459775494606,0.0,-0.9932027982036876,0.0004204188771669995,0.0
1293.0,325.576900749004,548.1078999377363,0.0,-0.9927819495437186,0.0004212746849194339,0.0
1294.0,326.1237283752854,547.2700226457533,0.0,-0.9923602454853309,0.00042212965553034554,0.0
1295.0,326.6709295703078,546.4323457625139,0.0,-0.9919376868675994,0.00042298378484890395,0.0
1296.0,327.21850533384,545.5948693770198,0.0,-0.9915142745339022,0.0004238370687312492,0.0
1297.0,327.76645666565065,544.7575935782731,0.0,-0.9910900093317421,0.0004246895030290647,0.0
1298.0,328.3147845655085,543.9205184552757,0.0,-0.9906648921128902,0.00042554108359610376,0.0
1299.0,328.8634900331821,543.0836440970293,0.0,-0.9902389237330212,0.00042639180627496956,0.0
1300.0,329.4125740684404,542.2469705925358,0.0,-0.9898121050521475,0.00042724166689220696,0.0
1301.0,329.96203767105186,541.4104980307973,0.0,-0.9893844369344951,0.0004280906613032027,0.0
1302.0,330.5118818407853,540.5742265008154,0.0,-0.9889559202480898,0.00042893878534900584,0.0
1303.0,331.0621075774095,539.7381560915924,0.0,-0.9885265558655623,0.0004297860348509589,0.0
1304.0,331.61271588069303,538.9022868921298,0.0,-0.9880963446635911,0.000430632405653402,0.0
1305.0,332.1637077504047,538.0666189914298,0.0,-0.9876652875227964,0.00043147789357965226,0.0
1306.0,332.71508418631316,537.2311524784941,0.0,-0.987233385328229,0.0004323224944529239,0.0
1307.0,333.26684618818706,536.3958874423248,0.0,-0.9868006389690263,0.00043316620410783444,0.0
1308.0,333.81899475579513,535.5608239719237,0.0,-0.9863670493384686,0.00043400901836385515,0.0
1309.0,334.37153088890625,534.7259621562924,0.0,-0.9859326173340011,0.0004348509330456432,0.0
1310.0,334.9244555872889,533.8913020844334,0.0,-0.98549734385731,0.0004356919439685303,0.0
1311.0,335.47776985071187,533.0568438453482,0.0,-0.9850612298143336,0.0004365320469468327,0.0
1312.0,336.0314746789439,532.2225875280386,0.0,-0.9846242761149598,0.00043737123780140935,0.0
1313.0,336.58557107175363,531.3885332215069,0.0,-0.9841864836734265,0.0004382095123490668,0.0
1314.0,337.1400600289098,530.5546810147548,0.0,-0.9837478534082693,0.0004390468663956045,0.0
1315.0,337.69494255018105,529.7210309967841,0.0,-0.9833083862419699,0.00043988329574282505,0.0
1316.0,338.25021963533624,528.8875832565966,0.0,-0.98286808310128,0.00044071879620772534,0.0
1317.0,338.80589228414385,528.0543378831946,0.0,-0.9824269449171441,0.00044155336360270276,0.0
1318.0,339.3619614963729,527.2212949655799,0.0,-0.9819849726249611,0.0004423834015859773,0.0
1319.0,339.9184282717917,526.388454592754,0.0,-0.9815421671639328,0.00044283184915822846,0.0
1320.0,340.4752936101692,525.5558168537193,0.0,-0.9810985294775454,0.0004414696591375658,0.0
1321.0,341.03255851127415,524.7233818374773,0.0,-0.9806540605137126,0.00043648143521874636,0.0
1322.0,341.59022397487513,523.8911496330302,0.0,-0.9802088115143229,0.00042703354054134704,0.0
1323.0,342.1482909109746,523.0591202823246,0.0,-0.9797680119407118,0.0004130527620525491,0.0
1324.0,342.70675098560713,522.227288981665,0.0,-0.9793464408497864,0.00039454027924330185,0.0
1325.0,343.26557872197407,521.3956419411664,0.0,-0.9789547365992564,0.0003715007903311029,0.0
1326.0,343.82474678224423,520.5641643953999,0.0,-0.9785939336220587,0.00034431238352459044,0.0
1327.0,344.384227828586,519.7328415789362,0.0,-0.9782640243506838,0.0003144050574380957,0.0
1328.0,344.94399452316804,518.9016587263467,0.0,-0.977965001731168,0.00028359508305394625,0.0
1329.0,345.5040195281591,518.0706010722016,0.0,-0.9776968592322322,0.00025271689426987446,0.0
1330.0,346.06427550572766,517.2396538510725,0.0,-0.9774595908534583,0.00022184442276650712,0.0
1331.0,346.6247351180424,516.4088022975301,0.0,-0.9772531911329065,0.00019097712868632838,0.0
1332.0,347.1853710272719,515.5780316461453,0.0,-0.977077655153381,0.00016011446607818087,0.0
1333.0,347.7461558955849,514.747327131489,0.0,-0.9769329785481559,0.0001292558837574271,0.0
1334.0,348.30706238514983,513.9166739881323,0.0,-0.9768191575058556,9.840082617013874e-05,0.0
1335.0,348.8680631581355,513.086057450646,0.0,-0.9767361887743876,6.754873424899952e-05,0.0
1336.0,349.4291308767103,512.2554627536011,0.0,-0.976684069663918,3.6699046256464095e-05,0.0
1337.0,349.99023820304313,511.4248751315684,0.0,-0.9766627980491686,5.851198657084007e-06,0.0
1338.0,350.55135779930237,510.59427981911904,0.0,-0.9766723723708144,-2.4995373016756247e-05,0.0
1339.0,351.1124623276568,509.7636620508238,0.0,-0.9767127916359871,-5.584123333608947e-05,0.0
1340.0,351.6735244502749,508.93300706125376,0.0,-0.9767840554179592,-8.66869461182973e-05,0.0
1341.0,352.23451682932534,508.10230008497973,0.0,-0.976886163854853,-0.00011753307354805159,0.0
1342.0,352.79541212697677,507.2715263565727,0.0,-0.9770191176476247,-0.00014838017533123717,0.0
1343.0,353.35618300539784,506.44067111060366,0.0,-0.9771829180573861,-0.00017922880785418781,0.0
1344.0,353.9168021267571,505.6097195816434,0.0,-0.9773775669013566,-0.00021007952332254194,0.0
1345.0,354.4772421532232,504.7786570042629,0.0,-0.9776030665482991,-0.00024093286889320661,0.0
1346.0,355.0374757469647,503.9474686130332,0.0,-0.9778594199131397,-0.00027178938582086574,0.0
1347.0,355.5974755701504,503.1161396425252,0.0,-0.9781466304507652,-0.00030264960860160964,0.0
1348.0,356.1572142849486,502.28465532730974,0.0,-0.9784647021485626,-0.00033351406411239294,0.0
1349.0,356.71666455352823,501.45300090195786,0.0,-0.97881363951842,-0.00036438327075811414,0.0
1350.0,357.27579903805776,500.62116160104046,0.0,-0.9791934475880829,-0.0003952577375895668,0.0
1351.0,357.8345904007058,499.7891226591285,0.0,-0.9796041318910823,-0.0004261379634304872,0.0
1352.0,358.393011303641,498.9568693107928,0.0,-0.9800456984561469,-0.0004570244360432613,0.0
1353.0,358.95103440903205,498.1243867906045,0.0,-0.9805181537959056,-0.0004879176312418171,0.0
1354.0,359.5086323790474,497.2916603331343,0.0,-0.9810215048942533,-0.0005188180120012811,0.0
1355.0,360.0657778758558,496.45867517295335,0.0,-0.9815557591931013,-0.0005497260275985944,0.0
1356.0,360.62244356162586,495.6254165446325,0.0,-0.982120924578487,-0.0005806421127317567,0.0
1357.0,361.17860209852626,494.7918696827427,0.0,-0.9827170093654014,-0.0006115666866319575,0.0
1358.0,361.7342261487254,493.95801982185486,0.0,-0.9833440222817817,-0.0006425001521894815,0.0
1359.0,362.2892883743921,493.12385219653993,0.0,-0.9840019724518277,-0.0006734428950606053,0.0
1360.0,362.84376143769487,492.28935204136883,0.0,-0.9846908693784693,-0.0007043952827569612,0.0
1361.0,363.39761800080237,491.4545045909125,0.0,-0.985410722924537,-0.0007353576637656615,0.0
1362.0,363.95083072588324,490.6192950797419,0.0,-0.9861615432934704,-0.0007663303666687564,0.0
1363.0,364.5033722751061,489.78370874242796,0.0,-0.9869433410089664,-0.0007973136992178086,0.0
1364.0,365.0552153106394,488.94773081354157,0.0,-0.9877561268935194,-0.000828307947419433,0.0
1365.0,365.606332494652,488.1113465276537,0.0,-0.988599912046383,-0.0008593133746447958,0.0
1366.0,366.1566964893125,487.2745411193353,0.0,-0.9894747078205891,-0.0008903302207068364,0.0
1367.0,366.70627995678933,486.4372998231574,0.0,-0.9903805257987572,-0.0009213587009367204,0.0
1368.0,367.2550555592513,485.5996078736907,0.0,-0.9913173777681211,-0.0009523990052762403,0.0
1369.0,367.8029959588669,484.76145050550633,0.0,-0.9922852756949134,-0.0009834512973458545,0.0
1370.0,368.3500738178048,483.92281295317514,0.0,-0.9932842316974191,-0.0010145157135070804,0.0
1371.0,368.8962617982336,483.0836804512681,0.0,-0.9943142580181809,-0.001045592361934736,0.0
1372.0,369.4415325623219,482.24403823435614,0.0,-0.9953753669955889,-0.0010766813216868119,0.0
1373.0,369.98585877223843,481.4038715370103,0.0,-0.9964675710342251,-0.0011077826417576723,0.0
1374.0,370.5292130901517,480.5631655938013,0.0,-0.9975908825742204,-0.0011388963401358246,0.0
1375.0,371.07156817823034,479.72190563930013,0.0,-0.9987453140597443,-0.0011700224028672718,0.0
1376.0,371.61289669864306,478.88007690807785,0.0,-0.9999308779069056,-0.0012011607830866853,0.0
1377.0,372.1531713135583,478.0376646347053,0.0,-1.0011475864700343,-0.0012323114000658316,0.0
1378.0,372.69236468514487,477.1946540537535,0.0,-1.0023954520074672,-0.001263474138278439,0.0
1379.0,373.2304494755713,476.35103039979333,0.0,-1.0036744866464444,-0.0012946488464318784,0.0
1380.0,373.7673983470062,475.5067789073957,0.0,-1.0049847023465832,-0.0013258353365045439,0.0
1381.0,374.3031839616181,474.6618848111316,0.0,-1.006326110862784,-0.001357033382787095,0.0
1382.0,374.8377789815758,473.8163333455719,0.0,-1.007698723707079,-0.0013882427209059855,0.0
1383.0,375.37115606904786,472.97010974528763,0.0,-1.0091025521096173,-0.0014194630468748392,0.0
1384.0,375.90328788620286,472.1231992448496,0.0,-1.0105376069783862,-0.0014506940161431092,0.0
1385.0,376.4341470952094,471.27558707882883,0.0,-1.0120038988581346,-0.0014819352426063616,0.0
1386.0,376.96370635823615,470.4272584817963,0.0,-1.0135014378884608,-0.0015131862976283266,0.0
1387.0,377.49193833745176,469.57819868832286,0.0,-1.0150302337608146,-0.0015444467091052358,0.0
1388.0,378.0188156950248,468.72839293297955,0.0,-1.016590295674556,-0.0015757159605040507,0.0
1389.0,378.5443110931238,467.8778264503372,0.0,-1.0181816322917958,-0.0016069934898760296,0.0
1390.0,379.0683971939175,467.0264844749667,0.0,-1.019804251691697,-0.0016382786889094225,0.0
1391.0,379.59104665957454,466.1743522414392,0.0,-1.0214581613237799,-0.0016695709019679222,0.0
1392.0,380.11223215226346,465.3214149843254,0.0,-1.0231433679597977,-0.0017008694251388543,0.0
1393.0,380.63192633415287,464.46765793819634,0.0,-1.0248598776450621,-0.001732173505297704,0.0
1394.0,381.1501018674115,463.61306633762297,0.0,-1.0266076956489452,-0.0017634823391373677,0.0
1395.0,381.6667314142078,462.7576254171762,0.0,-1.0283868264139764,-0.0017947950722399756,0.0
1396.0,382.1817876367105,461.901320411427,0.0,-1.0301972735043194,-0.0018261107981546927,0.0
1397.0,382.6952431970882,461.0441365549463,0.0,-1.0320390395533412,-0.0018574285574512062,0.0
1398.0,383.20707075750954,460.186059082305,0.0,-1.0339121262100588,-0.0018887473368129266,0.0
1399.0,383.71724298014317,459.327073228074,0.0,-1.0358165340848784,-0.0019200660681351382,0.0
1400.0,384.22573252715756,458.46716422682437,0.0,-1.037752262694147,-0.0019513836276160272,0.0
1401.0,384.73251206072143,457.606317313127,0.0,-1.039719310404177,-0.0019826988348652847,0.0
1402.0,385.2375542430034,456.74451772155277,0.0,-1.0417176743741254,-0.0020140104520333098,0.0
1403.0,385.7408317361721,455.88175068667266,0.0,-1.0437473504980623,-0.002045317182954309,0.0
1404.0,386.2423172023961,455.01800144305747,0.0,-1.0458083333462227,-0.0020766176722897584,0.0
1405.0,386.74198330384405,454.1532552252784,0.0,-1.0479006161052913,-0.002107910504692786,0.0
1406.0,387.2398027026846,453.28749726790613,0.0,-1.0500241905181122,-0.0021391942039996454,0.0
1407.0,387.73574806108627,452.42071280551176,0.0,-1.0521790468222736,-0.002170467232423677,0.0
1408.0,388.22979204121776,451.5528870726662,0.0,-1.0543651736881072,-0.002201727989768666,0.0
1409.0,388.7219073052477,450.6840053039403,0.0,-1.0565825581558943,-0.0022329748126737998,0.0
1410.0,389.21206651534476,449.8140527339051,0.0,-1.0588311855722885,-0.0022642059738794723,0.0
1411.0,389.7002423336774,448.9430145971315,0.0,-1.061111039525928,-0.0022954196815107497,0.0
1412.0,390.1864074224143,448.0708761281904,0.0,-1.0634221017823473,-0.002326614078382178,0.0
1413.0,390.6705344437241,447.19762256165274,0.0,-1.0657643522184894,-0.0023577872413237866,0.0
1414.0,391.15259605977536,446.3232391320895,0.0,-1.068137768756209,-0.0023889371805491584,0.0
1415.0,391.63256493273684,445.4477110740716,0.0,-1.0705423272953223,-0.0024200618390565354,0.0
1416.0,392.110413724777,444.57102362217006,0.0,-1.0729780016460297,-0.0024511590920383015,0.0
1417.0,392.5861150980646,443.6931620109556,0.0,-1.075444763460686,-0.0024822267463374364,0.0
1418.0,393.05964171476813,442.8141114749994,0.0,-1.0779425821652187,-0.0025132625399304975,0.0
1419.0,393.5309662370563,441.93385724887213,0.0,-1.0804714248898482,-0.0025442641414397593,0.0
1420.0,394.0000613270977,441.052384567145,0.0,-1.0830312563995248,-0.0025752291497133884,0.0
1421.0,394.466899647061,440.16967866438875,0.0,-1.0856220390238978,-0.002606016889794814,0.0
1422.0,394.93145385911464,439.28572477517446,0.0,-1.0882437325866605,-0.0026347204797092672,0.0
1423.0,395.3936966254274,438.40050813407294,0.0,-1.0908962943348481,-0.0026568843617368015,0.0
1424.0,395.8536006081679,437.51401397565525,0.0,-1.0935796788678551,-0.0026687442471734647,0.0
1425.0,396.31113846950467,436.62622753449216,0.0,-1.096291903215177,-0.002669209289722172,0.0
1426.0,396.76628620897156,435.7371360069762,0.0,-1.0990081905558196,-0.0026582686436846165,0.0
1427.0,397.21905914991436,434.8467497054286,0.0,-1.1016908717978686,-0.00263593036875011,0.0
1428.0,397.6694982383553,433.9550940040869,0.0,-1.1043248430859824,-0.0026023414615176095,0.0
1429.0,398.1176448588488,433.0621945349735,0.0,-1.1069098585806862,-0.0025594157726463685,0.0
1430.0,398.56354039594925,432.16807693011106,0.0,-1.109445929352407,-0.0025116164601536317,0.0
1431.0,399.0072262342114,431.2727668215219,0.0,-1.1119330690127978,-0.002462716029802382,0.0
1432.0,399.4487437581895,430.37628984122836,0.0,-1.114371293531481,-0.002413814147450772,0.0
1433.0,399.8881343524381,429.478671621253,0.0,-1.1167606210565648,-0.002364931067211473,0.0
1434.0,400.3254394015117,428.5799377936182,0.0,-1.1191010717392742,-0.0023160687135634745,0.0
1435.0,400.7607002899647,427.68011399034646,0.0,-1.1213926675618102,-0.002267228840944879,0.0
1436.0,401.1939584023516,426.77922584346015,0.0,-1.1236354321691693,-0.0022184130375305007,0.0
1437.0,401.625255123227,425.8772989849817,0.0,-1.1258293907048846,-0.0021696227289809134,0.0
1438.0,402.0546318371453,424.9743590469336,0.0,-1.1279745696502088,-0.0021208591821986833,0.0
1439.0,402.482129928661,424.0704316613383,0.0,-1.1300709966672982,-0.0020721235091371343,0.0
1440.0,402.90779078232856,423.16554246021815,0.0,-1.1321187004461746,-0.00202341667057458,0.0
1441.0,403.33165578270246,422.2597170755957,0.0,-1.1341177105553972,-0.001974739479867561,0.0
1442.0,403.7537663143371,421.35298113949324,0.0,-1.1360680572964688,-0.001926092606773122,0.0
1443.0,404.17416376178716,420.4453602839334,0.0,-1.1379697715624306,-0.0018774765812053906,0.0
1444.0,404.5928895096069,419.53688014093837,0.0,-1.1398228846996674,-0.001828891796967404,0.0
1445.0,405.0099849423509,418.62756634253077,0.0,-1.141627428373572,-0.0017803385155454876,0.0
1446.0,405.4254914445738,417.717444520733,0.0,-1.1433834344387588,-0.0017318168698075168,0.0
1447.0,405.8394504008298,416.8065403075675,0.0,-1.1450909348115894,-0.0016833268677122362,0.0
1448.0,406.25190319567355,415.8948793350567,0.0,-1.146749961347526,-0.0016348683960402913,0.0
1449.0,406.66289121365946,414.982487235223,0.0,-1.1483605457219768,-0.0015864412240311288,0.0
1450.0,407.072455839342,414.0693896400889,0.0,-1.1499227193142278,-0.0015380450070391033,0.0
1451.0,407.48063845727575,413.1556121816768,0.0,-1.1514365130958415,-0.0014896792901686329,0.0
1452.0,407.8874804520151,412.2411804920091,0.0,-1.152901957521962,-0.0014413435118656446,0.0
1453.0,408.2930232081147,411.32612020310836,0.0,-1.1543190824268046,-0.0013930370074980117,0.0
1454.0,408.6973081101287,410.4104569469969,0.0,-1.155687916922091,-0.0013447590128977352,0.0
1455.0,409.1003765426118,409.49421635569723,0.0,-1.1570084892993853,-0.001296508667878512,0.0
1456.0,409.5022698901185,408.5774240612317,0.0,-1.1582808269362366,-0.0012482850197213908,0.0
1457.0,409.90302953720317,407.66010569562275,0.0,-1.1595049562049402,-0.0012007372623903862,0.0
1458.0,410.3026968684204,406.74228689089296,0.0,-1.1606809023856974,-0.001159136663767086,0.0
1459.0,410.70131326832455,405.82399327906455,0.0,-1.1618086895824051,-0.0011335762671022304,0.0
1460.0,411.0989201214703,404.9052504921602,0.0,-1.1628883406424608,-0.00113103099934326,0.0
1461.0,411.4955588124119,403.98608416220213,0.0,-1.1639289803799002,-0.0011530091465689063,0.0
1462.0,411.8912537540971,403.0665132491307,0.0,-1.1649953391343153,-0.0011995181295397783,0.0
1463.0,412.2859256960611,402.146515959479,0.0,-1.1661640448407378,-0.0012705636335125067,0.0
1464.0,412.6794562575522,401.2260551164111,0.0,-1.1674561722912447,-0.0013655020612447658,0.0
1465.0,413.0717269854407,400.30509351463695,0.0,-1.1688718143513577,-0.0014790685162092857,0.0
1466.0,413.462619426597,399.3835939488666,0.0,-1.1704110314303018,-0.0016011770027999045,0.0
1467.0,413.85201512789115,398.46151921381,0.0,-1.1720738896637393,-0.001724860210915034,0.0
1468.0,414.2397956361937,397.5388321041772,0.0,-1.1738604602160485,-0.0018486179245752149,0.0
1469.0,414.6258424983749,396.6154954146781,0.0,-1.175770818525097,-0.001972451121522381,0.0
1470.0,415.01003726130506,395.6914719400227,0.0,-1.1778050434891547,-0.002096362709594806,0.0
1471.0,415.39226147185434,394.76672447492126,0.0,-1.1799632165956382,-0.00222035469513983,0.0
1472.0,415.7723966768932,393.84121581408345,0.0,-1.1822454209910171,-0.0023444281241459886,0.0
1473.0,416.150324423292,392.9149087522194,0.0,-1.1846517404919557,-0.0024685830229767,0.0
1474.0,416.52592625792084,391.98776608403915,0.0,-1.1871822585364127,-0.002592818338775671,0.0
1475.0,416.8990837276503,391.05975060425266,0.0,-1.1898370570753327,-0.002717131879573358,0.0
1476.0,417.26967837935047,390.1308251075699,0.0,-1.1926162154038566,-0.0028415202541264284,0.0
1477.0,417.6375917598917,389.2009523887009,0.0,-1.1955198089320689,-0.002965978811607698,0.0
1478.0,418.0027054161443,388.27009524235564,0.0,-1.1985479078955834,-0.003090501581220357,0.0
1479.0,418.36490089497863,387.33821646324407,0.0,-1.201700576005099,-0.0032150812118538286,0.0
1480.0,418.724059743265,386.4052788460763,0.0,-1.2049778690356439,-0.0033397089119003376,0.0
1481.0,419.08006350787366,385.4712451855623,0.0,-1.2083798333552322,-0.0034643743893412655,0.0
1482.0,419.432793735675,384.53607827641196,0.0,-1.2119065043935981,-0.003589065792298626,0.0
1483.0,419.7821319735392,383.5997409133355,0.0,-1.2155579050515448,-0.003712810838034605,0.0
1484.0,420.12795976833667,382.66219589104264,0.0,-1.2193340440509854,-0.0038281548429730684,0.0
1485.0,420.4701586669377,381.72340600424354,0.0,-1.2232349142274446,-0.003921103805146716,0.0
1486.0,420.80861021621257,380.78333404764817,0.0,-1.2272604907654185,-0.0039821656983714294,0.0
1487.0,421.14319596303153,379.84194281596655,0.0,-1.2313973060078087,-0.004009341472238097,0.0
1488.0,421.47382296384006,378.89920341527795,0.0,-1.2355545641846903,-0.00400261159123394,0.0
1489.0,421.8005451545393,377.95513480700265,0.0,-1.239627226836194,-0.003961964219511465,0.0
1490.0,422.1234689330817,377.00977304541664,0.0,-1.243587502386149,-0.0038883516248576144,0.0
1491.0,422.4427007628707,376.06315420612043,0.0,-1.2474352273277147,-0.0037892121557708187,0.0
1492.0,422.75834710730925,375.1153143647148,0.0,-1.2511702932279904,-0.003678527180059597,0.0
1493.0,423.07051442980077,374.1662895968003,0.0,-1.2547926108380332,-0.0035657798257746616,0.0
1494.0,423.3793091937483,373.2161159779777,0.0,-1.2583021086832007,-0.0034529640305039273,0.0
1495.0,423.68483786255524,372.26482958384764,0.0,-1.2616987316900898,-0.0033400980657023616,0.0
1496.0,423.9872068996246,371.3124664900107,0.0,-1.264982439851629,-0.0032271964295292567,0.0
1497.0,424.28652276835976,370.35906277206755,0.0,-1.2681532069315593,-0.0031142723467589683,0.0
1498.0,424.5828919321638,369.40465450561896,0.0,-1.2712110192093593,-0.0030013378093237198,0.0
1499.0,424.87642085444,368.44927776626554,0.0,-1.274155874266179,-0.002888403617739962,0.0
1500.0,425.16721599859164,367.49296862960784,0.0,-1.2769877798132543,-0.0027754794232338936,0.0
1501.0,425.45538382802175,366.53576317124663,0.0,-1.2797067525626051,-0.0026625737704432744,0.0
1502.0,425.74103080613367,365.5776974667825,0.0,-1.2823128171412175,-0.0025496941406337576,0.0
1503.0,426.0242633963306,364.6188075918162,0.0,-1.2848060050488608,-0.002436846995274387,0.0
1504.0,426.3051880620157,363.6591296219484,0.0,-1.287186353659602,-0.0023240378198919887,0.0
1505.0,426.5839112665922,362.6986996327796,0.0,-1.2894539052675225,-0.002211271168140762,0.0
1506.0,426.8605394734634,361.7375536999106,0.0,-1.2916087061768884,-0.002098550705938229,0.0
1507.0,427.1351791460324,360.77572789894197,0.0,-1.2936508058363863,-0.001985879255702943,0.0
1508.0,427.4079367477025,359.8132583054745,0.0,-1.295580256017961,-0.001873258840616351,0.0
1509.0,427.67891874187677,358.85018099510876,0.0,-1.2973971100398323,-0.0017606907287690701,0.0
1510.0,427.94823159195846,357.8865320434453,0.0,-1.2991014220333812,-0.001648175477228207,0.0
1511.0,428.2159817613509,356.92234752608493,0.0,-1.3006932462549228,-0.00153571297600606,0.0
1512.0,428.4822757134573,355.9576635186283,0.0,-1.3021726364408306,-0.0014233024918580695,0.0
1513.0,428.74721991168076,354.992516096676,0.0,-1.3035396452063472,-0.0013109427119284423,0.0
1514.0,429.0109208194244,354.02694133582884,0.0,-1.3047943234881223,-0.0011986317871794622,0.0
1515.0,429.2734849000917,353.06097531168723,0.0,-1.3059367200303098,-0.0010863673756012731,0.0
1516.0,429.53501861708565,352.09465409985205,0.0,-1.3069668809134964,-0.0009741466852816976,0.0
1517.0,429.79562843380967,351.12801377592376,0.0,-1.3078848491267152,-0.0008619665172612256,0.0
1518.0,430.05542081366673,350.1610904155032,0.0,-1.3086906641821012,-0.0007498233081583468,0.0
1519.0,430.3145022200602,349.193920094191,0.0,-1.30938436177207,-0.0006377131726247796,0.0
1520.0,430.57297911639324,348.22653888758776,0.0,-1.3099659734690516,-0.0005256319456573566,0.0
1521.0,430.8309579660691,347.2589828712941,0.0,-1.310435526467075,-0.00041357522471179616,0.0
1522.0,431.0885452324909,346.29128812091074,0.0,-1.310793043365574,-0.0003015384116895297,0.0
1523.0,431.3458473790619,345.3234907120384,0.0,-1.3110385419949793,-0.0001895793464677783,0.0
1524.0,431.60297086918547,344.35562672027766,0.0,-1.3111720352844354,-7.964475097621547e-05,0.0
1525.0,431.86002216626446,343.38773222122916,0.0,-1.3111935311703462,2.2483283459900112e-05,0.0
1526.0,432.1171077337024,342.4198432904936,0.0,-1.3111030325474784,0.0001107275426603779,0.0
1527.0,432.3743340349024,341.4519960036715,0.0,-1.310901413544192,0.00018279547431611563,0.0
1528.0,432.6318058668936,340.4842258733714,0.0,-1.3106151129056016,0.00023857674223830877,0.0
1529.0,432.8895794043697,339.5165519849112,0.0,-1.3102986909586087,0.0002780720943078574,0.0
1530.0,433.1476556820986,338.54897479432015,0.0,-1.3099827088046991,0.00030134414963673653,0.0
1531.0,433.4060327584867,337.58149375204954,0.0,-1.30966873183429,0.00031034380273827926,0.0
1532.0,433.6647086919402,336.6141083085502,0.0,-1.3093567602291554,0.0003108566769719331,0.0
1533.0,433.92368154086563,335.64681791427336,0.0,-1.3090467941683592,0.0003089628500897287,0.0
1534.0,434.1829493636693,334.67962201967015,0.0,-1.308738833828397,0.0003069570475992465,0.0
1535.0,434.44251021875766,333.71252007519155,0.0,-1.3084328793830609,0.00030495107253124064,0.0
1536.0,434.70236216453696,332.74551153128886,0.0,-1.3081289310035424,0.0003029449274534983,0.0
1537.0,434.9625032594137,331.77859583841297,0.0,-1.3078269888585092,0.00030093861491217337,0.0
1538.0,435.2229315617942,330.8117724470151,0.0,-1.3075270531140903,0.0002989321374154181,0.0
1539.0,435.4836451300849,329.8450408075463,0.0,-1.3072291239339175,0.00029692549742093324,0.0
1540.0,435.74464202269206,328.8784003704577,0.0,-1.306933201479248,0.0002949186973688781,0.0
1541.0,436.0059202980221,327.9118505862004,0.0,-1.3066392859087377,0.00029291173965733427,0.0
1542.0,436.2674780144815,326.9453909052255,0.0,-1.3063473773789043,0.00029090462664313076,0.0
1543.0,436.5293132304765,325.9790207779841,0.0,-1.306057476043806,0.00028889736066041644,0.0
1544.0,436.7914240044135,325.0127396549273,0.0,-1.3057695820550814,0.0002868899439946012,0.0
1545.0,437.05380839469893,324.0465469865062,0.0,-1.3054836955623155,0.00028488237890227677,0.0
1546.0,437.3164644597391,323.08044222317193,0.0,-1.3051998167126886,0.0002828746676150549,0.0
1547.0,437.5793902579405,322.1144248153755,0.0,-1.3049179456512312,0.000280866812311098,0.0
1548.0,437.84258384770936,321.14849421356814,0.0,-1.3046380825208301,0.000278858815146364,0.0
1549.0,438.10604328745217,320.1826498682008,0.0,-1.30436022746218,0.000276850678250562,0.0
1550.0,438.3697666355753,319.21689122972475,0.0,-1.3040843806139195,0.0002748424037031397,0.0
1551.0,438.633751950485,318.251217748591,0.0,-1.3038105421126125,0.0002728339935531248,0.0
1552.0,438.8979972905878,317.2856288752506,0.0,-1.3035387120927353,0.0002708254498292912,0.0
1553.0,439.16250071429,316.32012406015474,0.0,-1.3032688906867609,0.0002688167745222847,0.0
1554.0,439.42726027999805,315.3547027537545,0.0,-1.303001078025315,0.0002668079695848448,0.0
1555.0,439.6922740461182,314.389364406501,0.0,-1.3027352742370026,0.00026479903694017913,0.0
1556.0,439.9575400710569,313.42410846884525,0.0,-1.3024714794483974,0.0002627899784708295,0.0
1557.0,440.22305641322055,312.4589343912384,0.0,-1.30220969378439,0.0002607807960394012,0.0
1558.0,440.48882113101547,311.4938416241316,0.0,-1.301949917367954,0.00025877149148843614,0.0
1559.0,440.7548322828481,310.528829617976,0.0,-1.3016921503202312,0.00025676206660734427,0.0
1560.0,441.02108792712477,309.5638978232226,0.0,-1.3014363927606734,0.0002547525231491995,0.0
1561.0,441.2875861222518,308.59904569032244,0.0,-1.3011826448068509,0.0002527428628522938,0.0
1562.0,441.5543249266357,307.63427266972667,0.0,-1.3009309065746286,0.0002507330874283057,0.0
1563.0,441.82130239868275,306.66957821188646,0.0,-1.3006811781782686,0.0002487231985464078,0.0
1564.0,442.0885165967994,305.7049617672529,0.0,-1.3004334597304301,0.00024671319784831864,0.0
1565.0,442.3559655793919,304.74042278627707,0.0,-1.300187751341982,0.00024470308694839773,0.0
1566.0,442.6236474048668,303.77596071941,0.0,-1.299944053122207,0.00024269286742149645,0.0
1567.0,442.8915601316304,302.81157501710294,0.0,-1.2997023651790478,0.000240682540825892,0.0
1568.0,443.15970181808893,301.84726512980683,0.0,-1.2994626876186,0.00023867210869308952,0.0
1569.0,443.428070522649,300.88303050797293,0.0,-1.299225020545602,0.00023666157250939218,0.0
1570.0,443.6966643037169,299.9188706020522,0.0,-1.2989893640633943,0.0002346509337398344,0.0
1571.0,443.965481219699,298.95478486249584,0.0,-1.298755718273742,0.00023264019383011688,0.0
1572.0,444.23451932900156,297.99077273975485,0.0,-1.298524083276967,0.0002306293541821975,0.0
1573.0,444.5037766900312,297.0268336842804,0.0,-1.2982944591720906,0.00022861841617766957,0.0
1574.0,444.77325136119407,296.06296714652365,0.0,-1.2980668460568066,0.00022660738117812642,0.0
1575.0,445.0429414008966,295.0991725769356,0.0,-1.2978412440272196,0.0002245962504974695,0.0
1576.0,445.3128448675453,294.1354494259674,0.0,-1.2976176531784316,0.00022258502543668978,0.0
1577.0,445.5829598195464,293.1717971440701,0.0,-1.2973960736040773,0.00022057370727906236,0.0
1578.0,445.8532843153064,292.20821518169487,0.0,-1.2971765053965651,0.00021856229725503162,0.0
1579.0,446.1238164132315,291.24470298929276,0.0,-1.296958948647179,0.00021655079658092612,0.0
1580.0,446.3945541717282,290.2812600173149,0.0,-1.2967434034457648,0.0002145392064552316,0.0
1581.0,446.6654956492029,289.3178857162124,0.0,-1.2965298698812255,0.0002125275280399392,0.0
1582.0,446.9366389040619,288.35457953643635,0.0,-1.2963183480412301,0.00021051576247805532,0.0
1583.0,447.20798199471164,287.39134092843784,0.0,-1.296108838012288,0.00020850391087513996,0.0
1584.0,447.47952297955845,286.4281693426679,0.0,-1.2959013398798476,0.00020649197431937033,0.0
1585.0,447.7512599170087,285.46506422957776,0.0,-1.2956958537282357,0.00020447995388114416,0.0
1586.0,448.02319086546885,284.5020250396185,0.0,-1.2954923796408158,0.00020246785058995544,0.0
1587.0,448.29531388334516,283.5390512232412,0.0,-1.2952909176998761,0.0002004556654612141,0.0
1588.0,448.56762702904405,282.5761422308969,0.0,-1.295091467986643,0.0001984433994863017,0.0
1589.0,448.84012836097196,281.61329751303674,0.0,-1.2948940305814767,0.00019643105362367384,0.0
1590.0,449.1128159375352,280.65051652011186,0.0,-1.2946986055637821,0.00019441862881944668,0.0
1591.0,449.3856878171401,279.6877987025733,0.0,-1.2945051930118965,0.00019240612598195713,0.0
1592.0,449.6587420581931,278.7251435108722,0.0,-1.2943137930033786,0.00019039354599881261,0.0
1593.0,449.93197671910065,277.7625503954597,0.0,-1.2941244056149415,0.00018838088975576498,0.0
1594.0,450.205389858269,276.8000188067869,0.0,-1.2939370309222782,0.00018636815808922448,0.0
1595.0,450.47897953410467,275.8375481953048,0.0,-1.2937516690004935,0.0001843553518203121,0.0
1596.0,450.7527438050138,274.8751380114645,0.0,-1.2935683199236427,0.00018234247175589032,0.0
1597.0,451.026680729403,273.9127877057173,0.0,-1.2933869837650354,0.00018032951866039527,0.0
1598.0,451.3007883656785,272.950496728514,0.0,-1.2932076605973941,0.00017831649330264055,0.0
1599.0,451.5750647722467,271.98826453030597,0.0,-1.2930303504923966,0.00017630339642534955,0.0
1600.0,451.8495080075142,271.02609056154415,0.0,-1.292855053521341,0.00017429022872287155,0.0
1601.0,452.124116129887,270.0639742726798,0.0,-1.2926817697546331,0.00017227699088681207,0.0
1602.0,452.3988871977717,269.1019151141638,0.0,-1.2925104992619016,0.00017026368359374097,0.0
1603.0,452.67381926957466,268.1399125364474,0.0,-1.2923412421122797,0.0001682503074929485,0.0
1604.0,452.9489104037023,267.17796598998166,0.0,-1.2921739983742782,0.0001662368632160722,0.0
1605.0,453.22415865856084,266.21607492521775,0.0,-1.292008768115736,0.00016422335136791397,0.0
1606.0,453.49956209255674,265.2542387926066,0.0,-1.2918455514037424,0.00016220977252697934,0.0
1607.0,453.7751187640965,264.2924570425995,0.0,-1.291684348305094,0.00016019612726823695,0.0
1608.0,454.0508267315862,263.3307291256475,0.0,-1.2915251588858552,0.00015818241614865399,0.0
1609.0,454.32668405343253,262.3690544922016,0.0,-1.2913679832115288,0.00015616863968706933,0.0
1610.0,454.6026887880417,261.40743259271306,0.0,-1.2912128213472749,0.00015415479839364643,0.0
1611.0,454.87883899382007,260.4458628776328,0.0,-1.2910596733575277,0.00015214089275873897,0.0
1612.0,455.1551327291741,259.4843447974121,0.0,-1.2909085393064053,0.0001501269232487041,0.0
1613.0,455.4315680525101,258.5228778025019,0.0,-1.290759419257454,0.0001481128903250774,0.0
1614.0,455.7081430222346,257.56146134335347,0.0,-1.2906123132738712,0.00014609879442663485,0.0
1615.0,455.98485569675375,256.6000948704178,0.0,-1.2904672214184556,0.00014408463596549126,0.0
1616.0,456.2617041344741,255.63877783414597,0.0,-1.2903241437534465,0.00014207041533074804,0.0
1617.0,456.53868639380187,254.67750968498916,0.0,-1.290183080340806,0.000140056132903751,0.0
1618.0,456.81580053314354,253.7162898733984,0.0,-1.2900440312420236,0.00013804178907027086,0.0
1619.0,457.09304461090557,252.7551178498249,0.0,-1.2899069965183925,0.00013602738417173296,0.0
1620.0,457.3704166854942,251.79399306471961,0.0,-1.2897719762308364,0.00013401291852050648,0.0
1621.0,457.6479148153158,250.83291496853374,0.0,-1.2896389704398363,0.00013199839243917464,0.0
1622.0,457.92553705877674,249.87188301171835,0.0,-1.2895079792055066,0.00012998380622844926,0.0
1623.0,458.20328147428364,248.91089664472457,0.0,-1.2893790025879912,0.00012796916017602085,0.0
1624.0,458.4811461202425,247.94995531800348,0.0,-1.2892520406469743,0.00012595445454846983,0.0
1625.0,458.75912905505993,246.98905848200616,0.0,-1.289127093441707,0.0001239396895720121,0.0
1626.0,459.03722833714227,246.02820558718375,0.0,-1.2890041610315108,0.00012192486549430663,0.0
1627.0,459.31544202489584,245.06739608398732,0.0,-1.2888832434752537,0.00011990998255849231,0.0
1628.0,459.59376817672717,244.10662942286802,0.0,-1.2887643408317404,0.0001178950409463602,0.0
1629.0,459.87220485104245,243.14590505427688,0.0,-1.2886474531595944,0.00011588004084377752,0.0
1630.0,460.15075010624804,242.18522242866507,0.0,-1.2885325805169832,0.00011386498243309047,0.0
1631.0,460.42940200075054,241.22458099648364,0.0,-1.2884197229621634,0.00011184986587386982,0.0
1632.0,460.7081585929562,240.2639802081837,0.0,-1.2883088805532688,0.00010983469132830327,0.0
1633.0,460.98701794127135,239.30341951421644,0.0,-1.2882000533481361,0.00010781945892124335,0.0
1634.0,461.26597810410243,238.34289836503282,0.0,-1.2880932414045652,0.0001058041687614126,0.0
1635.0,461.54503713985576,237.382416211084,0.0,-1.2879884447801948,0.00010378882096969848,0.0
1636.0,461.82419310693774,236.42197250282112,0.0,-1.2878856635325437,0.00010177341564598928,0.0
1637.0,462.1034440637548,235.4615666906952,0.0,-1.2877848977191364,9.97579528670332e-05,0.0
1638.0,462.38278806871324,234.5011982251574,0.0,-1.2876861473973504,9.774243269543093e-05,0.0
1639.0,462.6622231802195,233.54086655665884,0.0,-1.287589412624506,9.572685519162618e-05,0.0
1640.0,462.9417474566799,232.58057113565056,0.0,-1.287494693457855,9.371122041120942e-05,0.0
1641.0,463.2213589565009,231.6203114125837,0.0,-1.2874019899547078,9.169552838350636e-05,0.0
1642.0,463.5010557380888,230.66008683790938,0.0,-1.2873113021723162,8.967977912448839e-05,0.0
1643.0,463.7808358598499,229.69989686207865,0.0,-1.2872226301677396,8.766397264903246e-05,0.0
1644.0,464.06069738019073,228.7397409355426,0.0,-1.2871359739981836,8.564810895904185e-05,0.0
1645.0,464.34063835751766,227.77961850875243,0.0,-1.2870513337209342,8.363218804994878e-05,0.0
1646.0,464.62065685023697,226.81952903215915,0.0,-1.2869687093931794,8.1616209896456e-05,0.0
1647.0,464.9007509167551,225.8594719562139,0.0,-1.2868881010720952,7.960017445685084e-05,0.0
1648.0,465.18091861547845,224.89944673136776,0.0,-1.286809508815041,7.758408170313987e-05,0.0
1649.0,465.4611580048133,223.93945280807185,0.0,-1.2867329326792836,7.556793158655253e-05,0.0
1650.0,465.7414671431661,222.97948963677726,0.0,-1.2866583727222218,7.355172403739855e-05,0.0
1651.0,466.02184408894317,222.01955666793512,0.0,-1.2865858290013055,7.153545899702645e-05,0.0
1652.0,466.30228690055094,221.05965335199647,0.0,-1.2865153015739683,6.951913638392997e-05,0.0
1653.0,466.5827936363958,220.09977913941245,0.0,-1.2864467904979335,6.750275610369259e-05,0.0
1654.0,466.86336235488403,219.13993348063417,0.0,-1.2863802958308175,6.548631807201664e-05,0.0
1655.0,467.14399111442214,218.1801158261127,0.0,-1.2863158176303604,6.346982217805433e-05,0.0
1656.0,467.42467797341646,217.22032562629917,0.0,-1.2862533559545892,6.145326830624725e-05,0.0
1657.0,467.7054209902733,216.26056233164468,0.0,-1.2861929108614645,5.94366563457476e-05,0.0
1658.0,467.9862182233991,215.30082539260033,0.0,-1.2861344824090546,5.7419986164930485e-05,0.0
1659.0,468.26706773120026,214.34111425961717,0.0,-1.2860780706557264,5.540325763407429e-05,0.0
1660.0,468.54796757208305,213.38142838314639,0.0,-1.286023675659888,5.3386470610531203e-05,0.0
1661.0,468.8289158044539,212.42176721363901,0.0,-1.2859712974800226,5.1369624938790714e-05,0.0
1662.0,469.10991048671923,211.46213020154616,0.0,-1.2859209361748463,4.9352720474618975e-05,0.0
1663.0,469.3909496772854,210.50251679731898,0.0,-1.2858725918032263,4.733575705690678e-05,0.0
1664.0,469.6720314345588,209.54292645140853,0.0,-1.28582626442428,4.531873451490182e-05,0.0
1665.0,469.95315381694564,208.58335861426593,0.0,-1.285781954097096,4.330165267234826e-05,0.0
1666.0,470.2343148828526,207.62381273634224,0.0,-1.2857396608810403,4.1284511348485934e-05,0.0
1667.0,470.5155126906858,206.66428826808863,0.0,-1.2856993848357774,3.9267310372879756e-05,0.0
1668.0,470.7967452988517,205.70478465995615,0.0,-1.2856611260209245,3.7250049550875885e-05,0.0
1669.0,471.0780107657568,204.74530136239588,0.0,-1.2856248844965315,3.523272868263419e-05,0.0
1670.0,471.3593071498072,203.78583782585903,0.0,-1.2855906603226623,3.3215347582715715e-05,0.0
1671.0,471.64063250940956,202.82639350079657,0.0,-1.2855584535596236,3.119790603887752e-05,0.0
1672.0,471.92198490297005,201.86696783765967,0.0,-1.2855282642680401,2.9180403843587225e-05,0.0
1673.0,472.20336238889513,200.90756028689944,0.0,-1.2855000925085394,2.7162840800018122e-05,0.0
1674.0,472.48476302559123,199.94817029896691,0.0,-1.2854739383421203,2.5145216682160537e-05,0.0
1675.0,472.7661848714647,198.98879732431328,0.0,-1.2854498018300373,2.3127531271474998e-05,0.0
1676.0,473.0476259849218,198.02944081338958,0.0,-1.2854276830336084,2.1109784352530652e-05,0.0
1677.0,473.32908442436906,197.07010021664695,0.0,-1.285407582014385,1.9091975698635822e-05,0.0
1678.0,473.61055824821284,196.11077498453648,0.0,-1.2853894988343506,1.707410509437552e-05,0.0
1679.0,473.8920455148594,195.15146456750924,0.0,-1.2853734335555125,1.5056172308696474e-05,0.0
1680.0,474.17354428271517,194.19216841601636,0.0,-1.2853593862401316,1.303817709784129e-05,0.0
1681.0,474.4550526101865,193.23288598050897,0.0,-1.2853473569507472,1.1020119239559176e-05,0.0
1682.0,474.73656855567987,192.2736167114381,0.0,-1.2853373457500892,9.001998508601742e-06,0.0
1683.0,475.0180901776016,191.31436005925494,0.0,-1.2853293527012348,6.983814663003812e-06,0.0
1684.0,475.29961553435805,190.3551154744105,0.0,-1.285323377867389,4.96556746110155e-06,0.0
1685.0,475.5811426843556,189.39588240735594,0.0,-1.285319421311993,2.9472566651010468e-06,0.0
1686.0,475.86266968600063,188.43666030854232,0.0,-1.2853174830987497,9.28882044044193e-07,0.0
1687.0,476.14419459769954,187.4774486284208,0.0,-1.2853175632916123,-1.0895566417344429e-06,0.0
1688.0,476.4257154778587,186.5182468174424,0.0,-1.285319661954811,-3.1080596281413923e-06,0.0
1689.0,476.70723038488444,185.55905432605832,0.0,-1.285323779152714,-5.126627149877803e-06,0.0
1690.0,476.9887373771832,184.59987060471957,0.0,-1.2853299149499935,-7.145259457965101e-06,0.0
1691.0,477.2702345131613,183.6406951038773,0.0,-1.2853380694116145,-9.163956783631022e-06,0.0
1692.0,477.5517198512251,182.68152727398262,0.0,-1.2853482426025613,-1.1182719353376922e-05,0.0
1693.0,477.8331914497811,181.7223665654866,0.0,-1.2853604345882796,-1.3201547412355906e-05,0.0
1694.0,478.1146473672356,180.76321242884038,0.0,-1.2853746454344939,-1.5220441194333363e-05,0.0
1695.0,478.3960856619949,179.80406431449498,0.0,-1.2853908752069003,-1.723940093036256e-05,0.0
1696.0,478.6775043924655,178.84492167290162,0.0,-1.285409123971572,-1.9258426851687105e-05,0.0
1697.0,478.95890161705375,177.8857839545113,0.0,-1.2854293917949084,-2.127751917741743e-05,0.0
1698.0,479.24027539416596,176.92665060977515,0.0,-1.2854516787434203,-2.329667814268291e-05,0.0
1699.0,479.5216237822085,175.9675210891443,0.0,-1.2854759848837807,-2.531590397695079e-05,0.0
1700.0,479.80294483958784,175.00839484306985,0.0,-1.285502310282984,-2.733519688599298e-05,0.0
1701.0,480.08423662471034,174.04927132200285,0.0,-1.2855306550082735,-2.9354557088174484e-05,0.0
1702.0,480.36549719598236,173.09014997639446,0.0,-1.2855610191271183,-3.137398480599986e-05,0.0
1703.0,480.64672461181016,172.1310302566957,0.0,-1.2855934027070313,-3.339348025309187e-05,0.0
1704.0,480.9279169306003,171.1719116133578,0.0,-1.285627805815853,-3.541304363484178e-05,0.0
1705.0,481.2090722107591,170.21279349683172,0.0,-1.2856642285217101,-3.7432675143635385e-05,0.0
1706.0,481.49018851069286,169.25367535756865,0.0,-1.2857026708927748,-3.945237498208837e-05,0.0
1707.0,481.77126388880805,168.2945566460197,0.0,-1.285743132997533,-4.1472143350183644e-05,0.0
1708.0,482.052296403511,167.33543681263592,0.0,-1.285785614904612,-4.349198042826899e-05,0.0
1709.0,482.33328411320804,166.37631530786842,0.0,-1.2858301166827906,-4.551188640539954e-05,0.0
1710.0,482.6142250763056,165.41719158216833,0.0,-1.2858766384011082,-4.753186146165345e-05,0.0
1711.0,482.89511735121005,164.4580650859867,0.0,-1.2859251801286786,-4.955190576568949e-05,0.0
1712.0,483.17595899632784,163.4989352697747,0.0,-1.2859757419348803,-5.1572019489877696e-05,0.0
1713.0,483.45674807006526,162.53980158398338,0.0,-1.2860283238892802,-5.3592202794661155e-05,0.0
1714.0,483.7374826308287,161.58066347906387,0.0,-1.2860829260614908,-5.5612455831141213e-05,0.0
1715.0,484.0181607370246,160.62152040546727,0.0,-1.286139548521374,-5.7632778750324066e-05,0.0
1716.0,484.2987804470592,159.66237181364463,0.0,-1.286198191338887,-5.9653171695825e-05,0.0
1717.0,484.57933981933894,158.7032171540471,0.0,-1.2862588545841371,-6.167363480031567e-05,0.0
1718.0,484.85983691227017,157.7440558771258,0.0,-1.2863215383272857,-6.369416818834722e-05,0.0
1719.0,485.14026978425943,156.7848874333318,0.0,-1.2863862426387778,-6.571477197809499e-05,0.0
1720.0,485.4206364937129,155.82571127311618,0.0,-1.2864529675891243,-6.77354462860372e-05,0.0
1721.0,485.70093509903705,154.86652684693007,0.0,-1.2865217132488511,-6.975619122173704e-05,0.0
1722.0,485.9811636586382,153.90733360522458,0.0,-1.2865924796886505,-7.17770068756618e-05,0.0
1723.0,486.2613202309228,152.94813099845078,0.0,-1.2866652669793037,-7.379789333023761e-05,0.0
1724.0,486.5414028742972,151.9889184770598,0.0,-1.2867400751917248,-7.581885066915943e-05,0.0
1725.0,486.82140964716774,151.02969549150274,0.0,-1.2868169043968023,-7.783987896324364e-05,0.0
1726.0,487.1013386079408,150.0704614922307,0.0,-1.2868957546655204,-7.986097827036456e-05,0.0
1727.0,487.3811878150229,149.1112159296947,0.0,-1.286976626069005,-8.188214863665989e-05,0.0
1728.0,487.66095532682016,148.151958254346,0.0,-1.2870595186783387,-8.390339010517459e-05,0.0
1729.0,487.94063920173915,147.19268791663558,0.0,-1.2871444325646484,-8.592470271448096e-05,0.0
1730.0,488.2202374981861,146.23340436701457,0.0,-1.287231367799091,-8.794608648346865e-05,0.0
1731.0,488.4997482745676,145.27410705593408,0.0,-1.2873203244528508,-8.996754140847392e-05,0.0
1732.0,488.77916958928984,144.31479543384523,0.0,-1.2874113025971488,-9.19890674937315e-05,0.0
1733.0,489.0584995007593,143.3554689511991,0.0,-1.2875043023031767,-9.401066474307955e-05,0.0
1734.0,489.33773606738225,142.39612705844675,0.0,-1.2875993236421173,-9.603233312287834e-05,0.0
1735.0,489.6168773475651,141.43676920603934,0.0,-1.287696366684945,-9.805407259298538e-05,0.0
1736.0,489.89592139971444,140.47739484442795,0.0,-1.2877954315029543,-0.00010007588311344849,0.0
1737.0,490.1748662822363,139.5180034240637,0.0,-1.2878965181671882,-0.00010209776462171454,0.0
1738.0,490.45371005353724,138.55859439539768,0.0,-1.287999626748474,-0.00010411971705221694,0.0
1739.0,490.73245077202364,137.59916720888097,0.0,-1.2881047573178275,-0.00010614174032573332,0.0
1740.0,491.0110864961019,136.63972131496467,0.0,-1.2882119099460863,-0.00010816383433266882,0.0
1741.0,491.28961528417824,135.68025616409992,0.0,-1.2883210847039117,-0.00011018599896994717,0.0
1742.0,491.5680351946592,134.7207712067378,0.0,-1.2884322816618816,-0.00011220823412235894,0.0
1743.0,491.84634428595115,133.7612658933294,0.0,-1.288545500890578,-0.00011423053964641574,0.0
1744.0,492.1245406164603,132.80173967432586,0.0,-1.2886607424602219,-0.00011625291539571084,0.0
1745.0,492.40262224459326,131.84219200017824,0.0,-1.2887780064410195,-0.00011827536120869096,0.0
1746.0,492.6805872287562,130.88262232133764,0.0,-1.288897292902995,-0.00012029787690091632,0.0
1747.0,492.9584336273557,129.9230300882552,0.0,-1.2890186019159686,-0.00012232046228234848,0.0
1748.0,493.2361594987979,128.96341475138198,0.0,-1.2891419335495693,-0.0001243431171537817,0.0
1749.0,493.5137629014894,128.0037757611691,0.0,-1.2892672878731457,-0.00012636584128857185,0.0
1750.0,493.7912418938364,127.04411256806765,0.0,-1.2893946649559267,-0.00012838863444240644,0.0
1751.0,494.0685945342454,126.08442462252876,0.0,-1.289524064866826,-0.0001304114963649778,0.0
1752.0,494.34581888112274,125.12471137500347,0.0,-1.2896554876745683,-0.000132434426794527,0.0
1753.0,494.6229129928747,124.16497227594294,0.0,-1.2897889334474861,-0.0001344574254483596,0.0
1754.0,494.89987492790783,123.20520677579829,0.0,-1.289924402253671,-0.0001364804920198954,0.0
1755.0,495.1767027446284,122.24541432502056,0.0,-1.2900618941609765,-0.00013850362618588504,0.0
1756.0,495.45339450144286,121.28559437406086,0.0,-1.2902014092368619,-0.00014052682761714737,0.0
1757.0,495.7299482567575,120.32574637337034,0.0,-1.2903429475484876,-0.00014255009596944986,0.0
1758.0,496.00636206897866,119.36586977340005,0.0,-1.2904865091625437,-0.00014457343087112152,0.0
1759.0,496.28263399651286,118.40596402460113,0.0,-1.290632094145453,-0.00014659683192977786,0.0
1760.0,496.55876209776636,117.44602857742464,0.0,-1.2907797025632415,-0.00014862029874013985,0.0
1761.0,496.8347444311456,116.4860628823217,0.0,-1.290929334481488,-0.00015064383088332037,0.0
1762.0,497.1105790550569,115.52606638974343,0.0,-1.2910809899653553,-0.00015266742792704614,0.0
1763.0,497.3862640279067,114.56603855014092,0.0,-1.2912346690795,-0.0001546910894148728,0.0
1764.0,497.66179740810134,113.60597881396524,0.0,-1.2913903718882114,-0.000156714814854115,0.0
1765.0,497.9371772540472,112.64588663166752,0.0,-1.2915480984551864,-0.00015873860374850308,0.0
1766.0,498.21240162415074,111.68576145369887,0.0,-1.291707848843789,-0.00016076245559531227,0.0
1767.0,498.4874685768181,110.72560273051037,0.0,-1.2918696231167137,-0.00016278636985782896,0.0
1768.0,498.76237617045587,109.76540991255314,0.0,-1.2920334213359734,-0.00016481034598168708,0.0
1769.0,499.03712246347044,108.80518245027827,0.0,-1.292199243563349,-0.00016683438338308383,0.0
1770.0,499.31170551426806,107.84491979413686,0.0,-1.2923670898598407,-0.00016885848146110303,0.0
1771.0,499.5861233812552,106.88462139458002,0.0,-1.2925369602858803,-0.00017088179497018856,0.0
1772.0,499.86037412283815,105.92428670205882,0.0,-1.292708854901261,-0.00017285402076567494,0.0
1773.0,500.13445579742336,104.96391516702441,0.0,-1.2928827737650774,-0.00017460289671035665,0.0
1774.0,500.40836646341717,104.00350623992787,0.0,-1.2930587169358807,-0.00017592517350925198,0.0
1775.0,500.682104179226,103.04305937122028,0.0,-1.293236672646389,-0.00017673414437746612,0.0
1776.0,500.9556670262306,102.08257401691434,0.0,-1.2934159485436527,-0.0001770235339722616,0.0
1777.0,501.2290544080712,101.12204995310935,0.0,-1.293594825433482,-0.00017679331465114687,0.0
1778.0,501.5022677462059,100.16148744436923,0.0,-1.2937721771413686,-0.00017604430378936883,0.0
1779.0,501.775308632018,99.2008867963925,0.0,-1.2939479160670573,-0.00017482677699834755,0.0
1780.0,502.0481786568906,98.24024831487772,0.0,-1.294122042074893,-0.00017331296922792498,0.0
1781.0,502.320879412207,97.27957230552346,0.0,-1.2942945550311813,-0.00017170610296075265,0.0
1782.0,502.5934124893502,96.31885907402825,0.0,-1.2944654548041397,-0.0001700928585227,0.0
1783.0,502.86577947970346,95.35810892609064,0.0,-1.294634741263879,-0.00016847948515765127,0.0
1784.0,503.13798197464996,94.39732216740916,0.0,-1.2948024142824466,-0.00016686598476684758,0.0
1785.0,503.41002156557283,93.4364991036824,0.0,-1.2949684737338545,-0.00016525235924724768,0.0
1786.0,503.6818998438552,92.47564004060887,0.0,-1.2951329194938892,-0.00016363861048613554,0.0
1787.0,503.9536184008803,91.51474528388715,0.0,-1.295295751440268,-0.0001620247403437374,0.0
1788.0,504.2251788280313,90.55381513921576,0.0,-1.295456969452542,-0.0001604107506759021,0.0
1789.0,504.4965827166914,89.59284991229326,0.0,-1.2956165734122405,-0.00015879664333364105,0.0
1790.0,504.7678316582436,88.63184990881823,0.0,-1.295774563202584,-0.0001571824201489967,0.0
1791.0,505.03892724407126,87.67081543448916,0.0,-1.2959309387085538,-0.00015556808293962617,0.0
1792.0,505.3098710655575,86.70974679500462,0.0,-1.29608569981721,-0.00015395363350513756,0.0
1793.0,505.5806647140854,85.74864429606318,0.0,-1.2962388464172048,-0.00015233907364272815,0.0
1794.0,505.8513097810382,84.78750824336338,0.0,-1.2963903783990385,-0.00015072440514564607,0.0
1795.0,506.12180785779896,83.82633894260374,0.0,-1.2965402956549263,-0.00014910962978260348,0.0
1796.0,506.39216053575103,82.86513669948283,0.0,-1.296688598078928,-0.00014749474930654736,0.0
1797.0,506.66236940627743,81.90390181969921,0.0,-1.2968352855668948,-0.00014587976546991718,0.0
1798.0,506.9324360607614,80.94263460895142,0.0,-1.2969803580162822,-0.00014426468001623883,0.0
1799.0,507.2023620905861,79.981335372938,0.0,-1.297123815326438,-0.0001426494946703866,0.0
1800.0,507.47214908713465,79.02000441735751,0.0,-1.2972656573982684,-0.00014103421114616425,0.0
1801.0,507.74179864179035,78.05864204790849,0.0,-1.2974058841345537,-0.00013941883114433815,0.0
1802.0,508.0113123459361,77.0972485702895,0.0,-1.2975444954396385,-0.00013780335636156705,0.0
1803.0,508.2806917909554,76.13582429019905,0.0,-1.2976814912196013,-0.00013618778848884753,0.0
1804.0,508.54993856823114,75.17436951333576,0.0,-1.2978168713822678,-0.0001345721291898646,0.0
1805.0,508.81905426914665,74.2128845453981,0.0,-1.29795063583693,-0.0001329563801198181,0.0
1806.0,509.0880404850851,73.25136969208465,0.0,-1.2980827844948521,-0.00013134054293999816,0.0
1807.0,509.3568988074295,72.289825259094,0.0,-1.298213317268698,-0.0001297246192942485,0.0
1808.0,509.62563082756316,71.32825155212464,0.0,-1.2983422340727822,-0.00012810861081126643,0.0
1809.0,509.89423813686915,70.36664887687513,0.0,-1.2984695348230875,-0.000126492519108964,0.0
1810.0,510.16272232673083,69.40501753904405,0.0,-1.2985952194373123,-0.00012487634579478563,0.0
1811.0,510.4310849885311,68.44335784432992,0.0,-1.2987192878346763,-0.0001232600924773175,0.0
1812.0,510.6993277136533,67.4816700984313,0.0,-1.2988417399358791,-0.00012164376075710477,0.0
1813.0,510.9674520934806,66.51995460704671,0.0,-1.2989625756634284,-0.00012002735220333667,0.0
1814.0,511.23545971939603,65.55821167587474,0.0,-1.2990817949412488,-0.00011841086837873136,0.0
1815.0,511.5033521827829,64.59644161061392,0.0,-1.2991993976949139,-0.00011679431086857634,0.0
1816.0,511.7711310750243,63.634644716962804,0.0,-1.2993153838515552,-0.00011517768122394832,0.0
1817.0,512.0387979875034,62.67282130061993,0.0,-1.2994297533396912,-0.00011356098098285512,0.0
1818.0,512.3063545116034,61.71097166728385,0.0,-1.2995425060895995,-0.00011194421169178981,0.0
1819.0,512.5738022387076,60.74909612265311,0.0,-1.299653642033116,-0.0001103273748709491,0.0
1820.0,512.8411427601989,59.78719497242626,0.0,-1.299763161103327,-0.00010871047203972076,0.0
1821.0,513.1083776674607,58.82526852230186,0.0,-1.2998710632351103,-0.00010709350471270274,0.0
1822.0,513.3755085518759,57.86331707797845,0.0,-1.2999773483647374,-0.00010547647439458033,0.0
1823.0,513.6425370048279,56.90134094515458,0.0,-1.300082016429925,-0.00010385938257197388,0.0
1824.0,513.9094646176997,55.93934042952879,0.0,-1.3001850673698776,-0.00010224223072658705,0.0
1825.0,514.1762929818747,54.97731583679964,0.0,-1.300286501125391,-0.0001006250203519394,0.0
1826.0,514.4430236887358,54.01526747266568,0.0,-1.3003863176388486,-9.90077529065468e-05,0.0
1827.0,514.7096583296662,53.053195642825436,0.0,-1.300484516853602,-9.739042985266811e-05,0.0
1828.0,514.9761984960495,52.091100652977474,0.0,-1.3005810987150075,-9.577305266066689e-05,0.0
1829.0,515.2426457792683,51.128982808820346,0.0,-1.3006760631697674,-9.415562276187435e-05,0.0
1830.0,515.5090017707059,50.166842416052596,0.0,-1.3007694101655867,-9.253814159577394e-05,0.0
1831.0,515.7752680617458,49.20467978037277,0.0,-1.3008611396521532,-9.092061060276903e-05,0.0
1832.0,516.0414462437708,48.24249520747942,0.0,-1.3009512515803647,-8.930303120024961e-05,0.0
1833.0,516.3075379081642,47.2802890030711,0.0,-1.3010397459025411,-8.768540481402757e-05,0.0
1834.0,516.5735446463091,46.31806147284634,0.0,-1.3011266225722502,-8.606773285137401e-05,0.0
1835.0,516.839468049589,45.3558129225037,0.0,-1.301211881544798,-8.445001671267667e-05,0.0
1836.0,517.1053097093865,44.39354365774173,0.0,-1.3012955227767804,-8.283225780745885e-05,0.0
1837.0,517.3710712170852,43.43125398425898,0.0,-1.30137754622597,-8.12144575112393e-05,0.0
1838.0,517.636754164068,42.468944207753985,0.0,-1.301457951851689,-7.959661721241533e-05,0.0
1839.0,517.9023601417184,41.50661463392531,0.0,-1.3015367396148063,-7.797873830507816e-05,0.0
1840.0,518.1678907414191,40.544265568471495,0.0,-1.301613909477404,-7.636082215001228e-05,0.0
1841.0,518.4333475545536,39.581897317091084,0.0,-1.3016894614025447,-7.47428701053535e-05,0.0
1842.0,518.6987321725053,38.61951018548263,0.0,-1.3017633953554772,-7.312488353502669e-05,0.0
1843.0,518.9640461866568,37.657104479344696,0.0,-1.3018357113023722,-7.15068638013865e-05,0.0
1844.0,519.2292911883915,36.69468050437582,0.0,-1.3019064092104784,-6.988881225706527e-05,0.0
1845.0,519.4944687690926,35.732238566274525,0.0,-1.3019754890486557,-6.827073023737576e-05,0.0
1846.0,519.7595805201435,34.7697789707394,0.0,-1.3020429507873301,-6.66526190761082e-05,0.0
1847.0,520.0246280329269,33.80730202346897,0.0,-1.3021087943980996,-6.503448010153345e-05,0.0
1848.0,520.2896128988261,32.84480803016179,0.0,-1.302173019853448,-6.341631465239013e-05,0.0
1849.0,520.5545367092247,31.882297296516402,0.0,-1.3022356271278972,-6.179812405504581e-05,0.0
1850.0,520.8194010555053,30.919770128231374,0.0,-1.3022966161970178,-6.017990960698644e-05,0.0
1851.0,521.0842075290512,29.957226831005222,0.0,-1.3023559870372543,-5.8561672639861105e-05,0.0
1852.0,521.3489577212459,28.99466771053652,0.0,-1.3024137396270132,-5.6943414457690166e-05,0.0
1853.0,521.6136532234723,28.032093072523814,0.0,-1.3024698739457432,-5.5325136343859735e-05,0.0
1854.0,521.8782956271136,27.069503222665638,0.0,-1.3025243899741843,-5.3706839620185475e-05,0.0
1855.0,522.1428865235529,26.106898466660564,0.0,-1.3025772876943214,-5.208852558133018e-05,0.0
1856.0,522.4074275041735,25.144279110207115,0.0,-1.3026285670894315,-5.047019550936354e-05,0.0
1857.0,522.6719201603585,24.18164545900386,0.0,-1.3026782281442975,-4.885185069009828e-05,0.0
1858.0,522.936366083491,23.21899781874933,0.0,-1.3027262708446572,-4.723349239412121e-05,0.0
1859.0,523.2007668649543,22.25633649514209,0.0,-1.302772695177749,-4.561512191503247e-05,0.0
1860.0,523.4651240961315,21.293661793880666,0.0,-1.3028175011321386,-4.399674053126975e-05,0.0
1861.0,523.7294393684057,20.330974020663643,0.0,-1.3028606886974503,-4.237834949824152e-05,0.0
1862.0,523.9937142731601,19.368273481189522,0.0,-1.302902257864573,-4.075995009118165e-05,0.0
1863.0,524.2579504017781,18.405560481156897,0.0,-1.3029422086259903,-3.914154357430113e-05,0.0
1864.0,524.5221493456424,17.44283532626428,0.0,-1.3029805409751765,-3.7523131208464354e-05,0.0
1865.0,524.7863126961366,16.480098322210253,0.0,-1.3030172549067536,-3.590471425926215e-05,0.0
1866.0,525.0504420446438,15.51734977469333,0.0,-1.3030523504169291,-3.428629397000156e-05,0.0
1867.0,525.314538982547,14.55458998941209,0.0,-1.3030858275029986,-3.266787158882702e-05,0.0
1868.0,525.5786051012294,13.591819272065052,0.0,-1.3031176861635088,-3.1049448384786894e-05,0.0
1869.0,525.8426419920742,12.629037928350797,0.0,-1.3031479263981443,-2.9431025592591932e-05,0.0
1870.0,526.1066512464646,11.66624626396784,0.0,-1.303176548207999,-2.78126044448276e-05,0.0
1871.0,526.3706344557837,10.703444584614765,0.0,-1.3032035515954112,-2.6194186203452675e-05,0.0
1872.0,526.6345932114148,9.740633195990084,0.0,-1.3032289365639058,-2.457577209629453e-05,0.0
1873.0,526.8985291047408,8.777812403792362,0.0,-1.3032527031180732,-2.2957363365010736e-05,0.0
1874.0,527.1624437271453,7.814982513720165,0.0,-1.3032748512640822,-2.133896125714304e-05,0.0
1875.0,527.426338670011,6.8521438314720085,0.0,-1.3032953810092736,-1.9720566978917047e-05,0.0
1876.0,527.6902155247212,5.889296662746472,0.0,-1.3033142923617276,-1.8102181778572352e-05,0.0
1877.0,527.9540758826595,4.9264413132420755,0.0,-1.303331585331526,-1.6483806902461187e-05,0.0
1878.0,528.2179213352083,3.963578088657394,0.0,-1.3033472599294844,-1.4865443555905115e-05,0.0
1879.0,528.4817534737514,3.0007072946909497,0.0,-1.3033613161675375,-1.324709297477268e-05,0.0
1880.0,528.7455738896717,2.037829237041318,0.0,-1.3033737540593415,-1.1628756381768363e-05,0.0
1881.0,529.0093841743525,1.0749442214070202,0.0,-1.3033845736194483,-1.0010434998486417e-05,0.0
1882.0,529.2731859191767,0.11205255348663218,0.0,-1.3033937748636901,-8.392130073087143e-06,0.0
1883.0,529.5369807155276,-0.8508454610213259,0.0,-1.3034013578089578,-6.7738428175851634e-06,0.0
1884.0,529.8007701547887,-1.8137495164182769,0.0,-1.3034073224736404,-5.155574435398792e-06,0.0
1885.0,530.0645558283427,-2.7766593070057013,0.0,-1.3034116688773487,-3.5373261607788265e-06,0.0
1886.0,530.328339327573,-3.739574527085021,0.0,-1.3034143970406964,-1.919099231417754e-06,0.0
1887.0,530.5921222438626,-4.702494870957718,0.0,-1.3034155069856288,-3.008948650557691e-07,0.0
1888.0,530.8559061685949,-5.665420032925214,0.0,-1.3034149987352566,1.3172857285288179e-06,0.0
1889.0,531.119692693153,-6.628349707288988,0.0,-1.3034128723141327,2.9354413317702765e-06,0.0
1890.0,531.3834834089198,-7.591283588350467,0.0,-1.303409127747755,4.553570719664382e-06,0.0
1891.0,531.6472799072789,-8.554221370411126,0.0,-1.303403765062954,6.171672662654995e-06,0.0
1892.0,531.911083779613,-9.517162747772392,0.0,-1.3033967842878358,7.789745934691109e-06,0.0
1893.0,532.1748966173056,-10.480107414735745,0.0,-1.3033881854515645,9.40778932149008e-06,0.0
1894.0,532.4387200117399,-11.443055065602618,0.0,-1.3033779685846854,1.1025801611909613e-05,0.0
1895.0,532.7025555542989,-12.406005394674452,0.0,-1.3033661337189228,1.2643781570763147e-05,0.0
1896.0,532.9664048363659,-13.368958096252728,0.0,-1.3033526808873808,1.4261727962086974e-05,0.0
1897.0,533.2302694493237,-14.331912864638864,0.0,-1.3033376101240062,1.5879639575975902e-05,0.0
1898.0,533.494150984556,-15.294869394134347,0.0,-1.3033209214641361,1.749751518236626e-05,0.0
1899.0,533.7580510334457,-16.257827379040595,0.0,-1.303302614944663,1.911535355416026e-05,0.0
1900.0,534.0219711873758,-17.22078651365909,0.0,-1.3032826906032682,2.0733153474220396e-05,0.0
1901.0,534.2859130377298,-18.183746492291252,0.0,-1.303261148478918,2.2350913692863778e-05,0.0
1902.0,534.5498781758907,-19.14670700923857,0.0,-1.303237988612137,2.3968632974459758e-05,0.0
1903.0,534.8138681932417,-20.109667758802455,0.0,-1.3032132110444083,2.5586310105249082e-05,0.0
1904.0,535.0778846811659,-21.072628435284397,0.0,-1.3031868158183395,2.7203943850203798e-05,0.0
1905.0,535.3419292310466,-22.03558873298581,0.0,-1.3031588029781027,2.8821532956659264e-05,0.0
1906.0,535.6060034342669,-22.99854834620818,0.0,-1.303129172569054,3.0439076193251274e-05,0.0
1907.0,535.8701088822097,-23.96150696925293,0.0,-1.3030979246374037,3.205657231913112e-05,0.0
1908.0,536.1342471662587,-24.92446429642154,0.0,-1.3030650592308797,3.367402008280784e-05,0.0
1909.0,536.3984198777968,-25.887420022015434,0.0,-1.3030305763987822,3.5291418265177245e-05,0.0
1910.0,536.6626286082069,-26.850373840336086,0.0,-1.3029944761910577,3.69087655988246e-05,0.0
1911.0,536.9268749488726,-27.81332544568494,0.0,-1.3029567586592223,3.852606080946762e-05,0.0
1912.0,537.1911604911768,-28.776274532363413,0.0,-1.3029174238560606,4.014330267835106e-05,0.0
1913.0,537.4554868265028,-29.73922079467302,0.0,-1.3028764718353836,4.176048994064541e-05,0.0
1914.0,537.7198555462338,-30.702163926915183,0.0,-1.3028339026526905,4.337762133180664e-05,0.0
1915.0,537.9842682417527,-31.66510362339135,0.0,-1.3027897163642603,4.499469559740962e-05,0.0
1916.0,538.2487265044431,-32.62803957840297,0.0,-1.3027439130279046,4.6611711445107164e-05,0.0
1917.0,538.5132319256877,-33.590971486251476,0.0,-1.3026964927027662,4.822866761974456e-05,0.0
1918.0,538.7777860968699,-34.55389904123837,0.0,-1.3026474554488685,4.984556287071902e-05,0.0
1919.0,539.0423906093731,-35.51682193766508,0.0,-1.3025968013280507,5.146239590620676e-05,0.0
1920.0,539.30704705458,-36.47973986983305,0.0,-1.302544530403162,5.307916543078368e-05,0.0
1921.0,539.571757023874,-37.4426525320437,0.0,-1.3024906427382357,5.4695870163902675e-05,0.0
1922.0,539.8365221086382,-38.40555961859855,0.0,-1.302435138398525,5.631250883174145e-05,0.0
1923.0,540.1013439002561,-39.36846082379902,0.0,-1.302378017450953,5.7929080141477e-05,0.0
1924.0,540.3662239901104,-40.33135584194656,0.0,-1.302319279963687,5.9545582789279265e-05,0.0
1925.0,540.6311639695843,-41.29424436734259,0.0,-1.3022589260056532,6.116201546629046e-05,0.0
1926.0,540.8961654300614,-42.25712609428863,0.0,-1.3021969556476216,6.277837686574639e-05,0.0
1927.0,541.1612299629245,-43.22000071708608,0.0,-1.3021333689616104,6.439466569653694e-05,0.0
1928.0,541.4263591595568,-44.182867930036416,0.0,-1.3020681660207374,6.601088063659269e-05,0.0
1929.0,541.6915546113415,-45.14572742744105,0.0,-1.3020013468994953,6.762702035418526e-05,0.0
1930.0,541.9568179096619,-46.10857890360149,0.0,-1.3019329116738623,6.924308353103582e-05,0.0
1931.0,542.222150645901,-47.07142205281916,0.0,-1.301862860421026,7.085906883698621e-05,0.0
1932.0,542.487554411442,-48.03425656939552,0.0,-1.3017911932194017,7.24749749410693e-05,0.0
1933.0,542.7530307976682,-48.99708214763198,0.0,-1.3017179101489145,7.409080049902705e-05,0.0
1934.0,543.0185813959627,-49.95989848183005,0.0,-1.301643011290883,7.570654415989253e-05,0.0
1935.0,543.2842077977084,-50.92270526629116,0.0,-1.301566496727747,7.732220457821817e-05,0.0
1936.0,543.5499115942888,-51.88550219531676,0.0,-1.3014883665433108,7.893778038973017e-05,0.0
1937.0,543.8156943770871,-52.8482889632083,0.0,-1.3014086208230604,8.055327023189942e-05,0.0
1938.0,544.0815577374862,-53.81106526426719,0.0,-1.3013272596535894,8.21686727455909e-05,0.0
1939.0,544.3475032668694,-54.77383079279497,0.0,-1.3012442831227433,8.378398654281963e-05,0.0
1940.0,544.6135325566199,-55.736585243093046,0.0,-1.3011596913201167,8.539921024189719e-05,0.0
1941.0,544.8796471981208,-56.69932830946285,0.0,-1.3010734843364342,8.701434246714624e-05,0.0
1942.0,545.1458487827553,-57.66205968620584,0.0,-1.3009856622637574,8.862938182036776e-05,0.0
1943.0,545.4121389019065,-58.6247790676235,0.0,-1.3008962251957008,9.02443268906269e-05,0.0
1944.0,545.6785191469577,-59.58748614801726,0.0,-1.3008051732272838,9.185917626989124e-05,0.0
1945.0,545.9449911092919,-60.55018062168858,0.0,-1.300712506454826,9.347392854464065e-05,0.0
1946.0,546.2115563802924,-61.512862182938875,0.0,-1.3006182249760216,9.508858230021313e-05,0.0
1947.0,546.4782165513426,-62.47553052606965,0.0,-1.3005223288903696,9.670313611490462e-05,0.0
1948.0,546.7449732138251,-63.43818534538234,0.0,-1.3004248182984028,9.831758852894635e-05,0.0
1949.0,547.0118279591235,-64.40082633517837,0.0,-1.3003256933021639,9.9931938099429e-05,0.0
1950.0,547.2787823786206,-65.3634531897592,0.0,-1.3002249540050914,0.00010154618340337976,0.0
1951.0,547.5458380637001,-66.32606560342631,0.0,-1.3001226005122846,0.00010316032296891249,0.0
1952.0,547.8129966057447,-67.28866327048114,0.0,-1.30001863293042,0.00010477435532161929,0.0
1953.0,548.0802595961377,-68.25124588522515,0.0,-1.2999130513670356,0.0001063882789968781,0.0
1954.0,548.3476286262625,-69.21381314195972,0.0,-1.2998058559317083,0.00010800209249737871,0.0
1955.0,548.6151052875019,-70.1763647349864,0.0,-1.2996970467354994,0.00010961579434341585,0.0
1956.0,548.8826911712392,-71.13890035860659,0.0,-1.2995866238905647,0.00011122938304751274,0.0
1957.0,549.1503878688577,-72.10141970712178,0.0,-1.2994745875107343,0.00011284285708469875,0.0
1958.0,549.4181969717406,-73.06392247483336,0.0,-1.2993609377116784,0.00011445621494499127,0.0
1959.0,549.6861200712707,-74.0264083560428,0.0,-1.2992456746102183,0.00011606945511564794,0.0
1960.0,549.9541587588315,-74.9888770450516,0.0,-1.299128798324572,0.00011768257605185691,0.0
1961.0,550.2223146258061,-75.95132823616116,0.0,-1.299010308974986,0.00011929557621277133,0.0
1962.0,550.4905892635776,-76.91376162367295,0.0,-1.2988902066829917,0.00012090845406510981,0.0
1963.0,550.7589842635291,-77.87617690188841,0.0,-1.2987684915714532,0.00012252120803847772,0.0
1964.0,551.027501217044,-78.83857376510903,0.0,-1.2986451637651197,0.00012413383655198094,0.0
1965.0,551.2961417155053,-79.80095190763622,0.0,-1.2985202233903141,0.00012574633804391625,0.0
1966.0,551.5649073502962,-80.76331102377145,0.0,-1.298393670574671,0.00012735871092839357,0.0
1967.0,551.8337997127999,-81.72565080781615,0.0,-1.2982655054475807,0.00012897095360139433,0.0
1968.0,552.1028203943996,-82.68797095407182,0.0,-1.2981357281402497,0.00013058306446786118,0.0
1969.0,552.3719709864782,-83.65027115683985,0.0,-1.2980043387851132,0.0001321950418966703,0.0
1970.0,552.6412530804192,-84.61255111042175,0.0,-1.2978713375163342,0.0001338068842596954,0.0
1971.0,552.9106682676056,-85.5748105091189,0.0,-1.2977367244698192,0.0001354185899521568,0.0
1972.0,553.1802181394207,-86.53704904723283,0.0,-1.2976004997830646,0.00013703015731181267,0.0
1973.0,553.4499042872476,-87.49926641906495,0.0,-1.2974626635953672,0.00013864158466443083,0.0
1974.0,553.7197283024692,-88.46146231891673,0.0,-1.2973232160472488,0.0001402528703597123,0.0
1975.0,553.9896917764692,-89.42363644108956,0.0,-1.2971821572812514,0.0001418640127252013,0.0
1976.0,554.2597963006303,-90.385788479885,0.0,-1.2970394874417461,0.00014347501007759358,0.0
1977.0,554.5300434663359,-91.34791812960442,0.0,-1.2968952066743993,0.00014508586070976253,0.0
1978.0,554.800434864969,-92.3100250845493,0.0,-1.2967493151267182,0.0001466965628949308,0.0
1979.0,555.070972087913,-93.27210903902109,0.0,-1.2966018129480128,0.00014830711493827944,0.0
1980.0,555.3416567265509,-94.2341696873212,0.0,-1.2964527002893327,0.00014991751512295957,0.0
1981.0,555.6124903722659,-95.19620672375116,0.0,-1.2963019773033466,0.000151527761683669,0.0
1982.0,555.8834746164413,-96.15821984261237,0.0,-1.2961496441446245,0.00015313785286822208,0.0
1983.0,556.1546110504598,-97.12020873820629,0.0,-1.295995700969237,0.0001547477869161381,0.0
1984.0,556.4259012657052,-98.08217310483435,0.0,-1.2958401479351869,0.00015635756204411343,0.0
1985.0,556.6973468535602,-99.04411263679806,0.0,-1.2956829852023592,0.00015796717647522025,0.0
1986.0,556.9689494054084,-100.00602702839882,0.0,-1.2955242129322166,0.00015957662841411692,0.0
1987.0,557.2407105126326,-100.9679159739381,0.0,-1.295363831288303,0.00016118591603932395,0.0
1988.0,557.5126317666161,-101.92977916771734,0.0,-1.2952018404357588,0.00016279503752712553,0.0
1989.0,557.784714758742,-102.89161630403801,0.0,-1.2950382405415592,0.0001644039910374698,0.0
1990.0,558.0569610803934,-103.85342707720157,0.0,-1.2948730317745047,0.00016601277473117713,0.0
1991.0,558.3293723229538,-104.81521118150944,0.0,-1.2947062143053687,0.00016762138676494422,0.0
1992.0,558.601950077806,-105.77696831126308,0.0,-1.2945377883067977,0.00016922982525473848,0.0
1993.0,558.8746959363334,-106.73869816076395,0.0,-1.2943677539532537,0.0001708380882955599,0.0
1994.0,559.147611489919,-107.70040042431351,0.0,-1.2941961114210294,0.00017244617400145678,0.0
1995.0,559.420698329946,-108.6620747962132,0.0,-1.294022860888323,0.00017405408048246478,0.0
1996.0,559.6939580477978,-109.62372097076445,0.0,-1.2938480025354286,0.00017566180580040413,0.0
1997.0,559.9673922348572,-110.58533864226877,0.0,-1.2936715365444975,0.0001772693480103861,0.0
1998.0,560.2410024825075,-111.54692750502754,0.0,-1.2934934630993555,0.00017887670517055133,0.0
1999.0,560.5147903821321,-112.50848725334228,0.0,-1.2933137823860563,0.00018048387532329117,0.0
2000.0,560.788757525114,-113.47001758151437,0.0,-1.2931324945927893,0.00018209085649305886,0.0
2001.0,561.0629055028362,-114.43151818384533,0.0,-1.2929495999093483,0.00018369764667420477,0.0
2002.0,561.337235906682,-115.39298875463658,0.0,-1.2927650985276165,0.00018530424387121412,0.0
2003.0,561.6117503280348,-116.35442898818957,0.0,-1.2925789906416092,0.0001869106460836711,0.0
2004.0,561.8864503582774,-117.31583857880575,0.0,-1.2923912764474141,0.00018851685127028805,0.0
2005.0,562.1613375887931,-118.27721722078657,0.0,-1.292201956143,0.00019012285738213247,0.0
2006.0,562.436413610965,-119.2385646084335,0.0,-1.2920110299282148,0.00019172866236375323,0.0
2007.0,562.7116800161766,-120.19988043604799,0.0,-1.2918184980054594,0.00019333426414696358,0.0
2008.0,562.9871383958106,-121.16116439793147,0.0,-1.2916243605788942,0.0001949396606462412,0.0
2009.0,563.2627903412505,-122.12241618838539,0.0,-1.2914286178547207,0.00019654484975233682,0.0
2010.0,563.5386374438792,-123.08363550171121,0.0,-1.2912312700414124,0.00019814982934808687,0.0
2011.0,563.8146812950803,-124.04482203221042,0.0,-1.2910323173495535,0.00019975459730397254,0.0
2012.0,564.0909234862364,-125.00597547418442,0.0,-1.2908317599918133,0.00020135915148368686,0.0
2013.0,564.3673656087311,-125.96709552193465,0.0,-1.2906295981828688,0.00020296348973108155,0.0
2014.0,564.6440092539475,-126.92818186976262,0.0,-1.2904258321399322,0.00020456760985544865,0.0
2015.0,564.9208560132686,-127.88923421196976,0.0,-1.2902204620821658,0.00020617150967416897,0.0
2016.0,565.1979074780775,-128.8502522428575,0.0,-1.2900134882306775,0.00020777518698365607,0.0
2017.0,565.4751652397578,-129.8112356567273,0.0,-1.2898049108092204,0.00020937863956029177,0.0
2018.0,565.7526308896922,-130.7721841478806,0.0,-1.2895947300437691,0.00021098186517841202,0.0
2019.0,566.0303060192641,-131.7330974106189,0.0,-1.2893829461621593,0.00021258486158025138,0.0
2020.0,566.3081922198567,-132.69397513924363,0.0,-1.2891695593947516,0.0002141876264959113,0.0
2021.0,566.586291082853,-133.6548170280562,0.0,-1.2889545699742053,0.00021579015765048137,0.0
2022.0,566.8646041996362,-134.61562277135812,0.0,-1.288737978135395,0.0002173924527381394,0.0
2023.0,567.1431331615895,-135.5763920634508,0.0,-1.2885197841153249,0.00021899450944361045,0.0
2024.0,567.4218795600963,-136.5371245986357,0.0,-1.2882999881536303,0.00022059632545387168,0.0
2025.0,567.7008449865394,-137.4978200712143,0.0,-1.2880785904922525,0.00022219789841615434,0.0
2026.0,567.9800310323022,-138.45847817548798,0.0,-1.287855591375342,0.00022379922594634963,0.0
2027.0,568.2594392887677,-139.4190986057583,0.0,-1.2876309910493584,0.0002254003056774304,0.0
2028.0,568.5390713473192,-140.37968105632663,0.0,-1.2874047897632444,0.00022700113523096578,0.0
2029.0,568.8189287993399,-141.34022522149445,0.0,-1.2871769877685297,0.00022860171218352932,0.0
2030.0,569.0990132362128,-142.30073079556317,0.0,-1.2869475853189412,0.00023020203410731695,0.0
2031.0,569.3793262493211,-143.2611974728343,0.0,-1.28671658267053,0.0002318020985518762,0.0
2032.0,569.6598694300483,-144.22162494760929,0.0,-1.2864839800821193,0.0002334019030546213,0.0
2033.0,569.940644369777,-145.18201291418956,0.0,-1.2862497778149058,0.00023500144515410857,0.0
2034.0,570.2216526598908,-146.14236106687656,0.0,-1.2860139761322922,0.00023660072233836326,0.0
2035.0,570.5028958917727,-147.10266909997173,0.0,-1.2857765753005843,0.00023819973208519647,0.0
2036.0,570.7843756568059,-148.0629367077766,0.0,-1.285537575588425,0.0002397984718840927,0.0
2037.0,571.0660935463735,-149.02316358459254,0.0,-1.2852969772668883,0.0002413969391873438,0.0
2038.0,571.3480511518588,-149.983349424721,0.0,-1.2850547806098458,0.00024299513142111984,0.0
2039.0,571.6302500646449,-150.94349392246352,0.0,-1.2848109858936108,0.00024459304599455667,0.0
2040.0,571.9126918761149,-151.90359677212146,0.0,-1.284565593397037,0.0002461906803080037,0.0
2041.0,572.195378177652,-152.8636576679963,0.0,-1.2843186034015381,0.00024778803175787685,0.0
2042.0,572.4783105606396,-153.82367630438947,0.0,-1.2840700161914427,0.00024938509771009276,0.0
2043.0,572.7614906164605,-154.78365237560251,0.0,-1.283819832053643,0.00025098187549183707,0.0
2044.0,573.044919936498,-155.74358557593678,0.0,-1.2835680512773584,0.00025257836242656824,0.0
2045.0,573.3286001121353,-156.7034755996937,0.0,-1.2833146741547654,0.0002541745558392356,0.0
2046.0,573.6125327347556,-157.66332214117483,0.0,-1.2830597009807498,0.0002557704530293168,0.0
2047.0,573.8967193957421,-158.62312489468158,0.0,-1.2828031320530122,0.00025736605125854204,0.0
2048.0,574.1811616864777,-159.58288355451538,0.0,-1.282544967671591,0.0002589613477630584,0.0
2049.0,574.465861198346,-160.5425978149777,0.0,-1.2822852081396405,0.00026055633979182863,0.0
2050.0,574.7508195227298,-161.50226737037,0.0,-1.2820238537630346,0.000262151024577035,0.0
2051.0,575.0360382510125,-162.46189191499369,0.0,-1.281760904850347,0.0002637453993022636,0.0
2052.0,575.3215189745771,-163.42147114315028,0.0,-1.281496361713094,0.00026533946113999854,0.0
2053.0,575.6072632848068,-164.3810047491411,0.0,-1.2812302246653358,0.00026693320725189117,0.0
2054.0,575.8932727730848,-165.3404924272678,0.0,-1.2809624940243478,0.00026852663478365326,0.0
2055.0,576.1795490307943,-166.2999338718317,0.0,-1.2806931701100237,0.0002701197408719404,0.0
2056.0,576.4660936493185,-167.25932877713427,0.0,-1.2804222532452478,0.00027171252259556536,0.0
2057.0,576.7529082200405,-168.21867683747698,0.0,-1.2801497437559008,0.00027330497703097797,0.0
2058.0,577.0399943343433,-169.17797774716126,0.0,-1.2798756419705097,0.0002748971012695683,0.0
2059.0,577.3273535836104,-170.13723120048857,0.0,-1.279599948220724,0.00027648889234386875,0.0
2060.0,577.6149875592248,-171.09643689176036,0.0,-1.2793226628413676,0.00027808034726848973,0.0
2061.0,577.9028978525695,-172.05559451527805,0.0,-1.2790437861698822,0.0002796714630494135,0.0
2062.0,578.1910860550279,-173.01470376534314,0.0,-1.2787633185467153,0.00028126223667895064,0.0
2063.0,578.4795537579832,-173.97376433625712,0.0,-1.278481260315742,0.00028285266512944365,0.0
2064.0,578.7683025528185,-174.93277592232133,0.0,-1.2781976118236478,0.0002844427453250991,0.0
2065.0,579.0573340309168,-175.89173821783731,0.0,-1.277912373420071,0.0002860324741886958,0.0
2066.0,579.3466497836613,-176.8506509171065,0.0,-1.2776255454576575,0.0002876218486419501,0.0
2067.0,579.6362514024356,-177.8095137144303,0.0,-1.277337128292622,0.00028921086556507207,0.0
2068.0,579.9261404786223,-178.76832630411022,0.0,-1.2770471222840765,0.00029079952181232377,0.0
2069.0,580.2163186036048,-179.7270883804477,0.0,-1.2767555277938794,0.00029238781422317013,0.0
2070.0,580.5067873687664,-180.68579963774408,0.0,-1.2764623451875907,0.0002939757396295737,0.0
2071.0,580.7975483654901,-181.64445977030098,0.0,-1.276167574833888,0.00029556329483680443,0.0
2072.0,581.0886031851591,-182.6030684724198,0.0,-1.2758712171044582,0.00029715047661263823,0.0
2073.0,581.3799534191564,-183.56162543840196,0.0,-1.275573272374146,0.00029873728171763466,0.0
2074.0,581.6716006588656,-184.5201303625489,0.0,-1.2752737410213195,0.00030032370689140166,0.0
2075.0,581.9635464956696,-185.47858293916212,0.0,-1.2749726234276637,0.0003019097488566404,0.0
2076.0,582.2557925209513,-186.43698286254306,0.0,-1.2746699199777152,0.00030349540430948556,0.0
2077.0,582.5483403260945,-187.39532982699313,0.0,-1.274365631059708,0.00030508066991830063,0.0
2078.0,582.8411915024818,-188.35362352681378,0.0,-1.2740597570652912,0.0003066655423447084,0.0
2079.0,583.1343476414966,-189.31186365630654,0.0,-1.2737522983890621,0.0003082500182125049,0.0
2080.0,583.427810334522,-190.2700499097728,0.0,-1.2734432554292092,0.0003098340941272624,0.0
2081.0,583.7215811729412,-191.22818198151404,0.0,-1.2731326285874,0.0003114177666994384,0.0
2082.0,584.0156617481375,-192.1862595658317,0.0,-1.2728204182687572,0.0003130010324934159,0.0
2083.0,584.3100536514938,-193.1442823570272,0.0,-1.2725066248816466,0.00031458388803629056,0.0
2084.0,584.6047584743935,-194.10225004940207,0.0,-1.272191248837995,0.00031616632985533217,0.0
2085.0,584.8997778082196,-195.06016233725768,0.0,-1.271874290553212,0.00031774835445443273,0.0
2086.0,585.1951132443554,-196.0180189148955,0.0,-1.2715557504462334,0.0003193299583210843,0.0
2087.0,585.490766374184,-196.97581947661695,0.0,-1.27123562893953,0.0003209111379200832,0.0
2088.0,585.7867387890886,-197.9335637167236,0.0,-1.2709139264591047,0.0003224918896672646,0.0
2089.0,586.0830320804524,-198.89125132951682,0.0,-1.2705906434346905,0.0003240722099713267,0.0
2090.0,586.3796478396583,-199.84888200929805,0.0,-1.270265780299218,0.00032565209524428236,0.0
2091.0,586.6765876580899,-200.8064554503688,0.0,-1.2699393374895422,0.00032723154184804184,0.0
2092.0,586.9738531271302,-201.76397134703043,0.0,-1.269611315446323,0.00032881054612459473,0.0
2093.0,587.2714458381621,-202.72142939358446,0.0,-1.2692817146135238,0.00033038910440530417,0.0
2094.0,587.569367382569,-203.67882928433235,0.0,-1.2689505354388195,0.0003319672129780444,0.0
2095.0,587.8676193517342,-204.63617071357547,0.0,-1.2686177783739425,0.0003335448681230923,0.0
2096.0,588.1662033370405,-205.59345337561533,0.0,-1.2682834438741084,0.00033512206610776724,0.0
2097.0,588.4651209298714,-206.55067696475345,0.0,-1.267947532398126,0.0003366988031564861,0.0
2098.0,588.76437372161,-207.50784117529116,0.0,-1.2676100444089418,0.00033827507547398315,0.0
2099.0,589.0639633036394,-208.46494570153,0.0,-1.2672709803732003,0.0003398508792592355,0.0
2100.0,589.3638912673426,-209.42199023777138,0.0,-1.2669303407611379,0.0003414262106624496,0.0
2101.0,589.6641592041032,-210.37897447831676,0.0,-1.2665881260470147,0.00034300106581511676,0.0
2102.0,589.964768705304,-211.33589811746756,0.0,-1.2662443367091116,0.00034457544085786385,0.0
2103.0,590.2657213623282,-212.29276084952522,0.0,-1.26589897322931,0.00034614933187291996,0.0
2104.0,590.5670187665593,-213.2495623687913,0.0,-1.26555203609365,0.0003477227349217056,0.0
2105.0,590.86866250938,-214.20630236956714,0.0,-1.265203525792006,0.00034929564606827376,0.0
2106.0,591.1706541821737,-215.16298054615427,0.0,-1.264853442818126,0.00035086806131431496,0.0
2107.0,591.4729953763236,-216.11959659285412,0.0,-1.2645017876699913,0.0003524399766716543,0.0
2108.0,591.7756876832127,-217.07615020396807,0.0,-1.2641485608492573,0.00035401138813316384,0.0
2109.0,592.0787326942245,-218.0326410737977,0.0,-1.2637937628619131,0.00035558229161092303,0.0
2110.0,592.3821320007419,-218.98906889664434,0.0,-1.263437394218108,0.0003571526830516028,0.0
2111.0,592.6858871941479,-219.9454333668095,0.0,-1.2630794554314488,0.00035872255837630733,0.0
2112.0,592.9899998658262,-220.9017341785946,0.0,-1.262719947020343,0.00036029191343430904,0.0
2113.0,593.2944716071595,-221.85797102630113,0.0,-1.262358869507236,0.0003618607440991628,0.0
2114.0,593.599304009531,-222.81414360423057,0.0,-1.2619962234181588,0.0003634290462031548,0.0
2115.0,593.9044986643241,-223.7702516066843,0.0,-1.2616320092838216,0.00036499681553828607,0.0
2116.0,594.210057162922,-224.7262947279638,0.0,-1.2612662276392685,0.00036656404791513,0.0
2117.0,594.5159810967075,-225.68227266237054,0.0,-1.2608988790233644,0.0003681307390772025,0.0
2118.0,594.8222720570641,-226.63818510420592,0.0,-1.2605299639793484,0.00036969688474267466,0.0
2119.0,595.1289316353748,-227.59403174777142,0.0,-1.2601594830549074,0.0003712624806454353,0.0
2120.0,595.4359614230228,-228.5498122873685,0.0,-1.2597874368018598,0.0003728275224675416,0.0
2121.0,595.7433630113914,-229.50552641729863,0.0,-1.2594138257764542,0.000374392005865246,0.0
2122.0,596.0511379918635,-230.46117383186322,0.0,-1.2590386505391287,0.0003759559264788611,0.0
2123.0,596.3592879558225,-231.41675422536375,0.0,-1.2586619116549254,0.00037751927991074615,0.0
2124.0,596.6678144946515,-232.37226729210167,0.0,-1.258283609693162,0.0003790820617507938,0.0
2125.0,596.9767191997336,-233.3277127263784,0.0,-1.2579037452274373,0.0003806442675702927,0.0
2126.0,597.2860036624521,-234.28309022249545,0.0,-1.2575223188361144,0.0003822058929052582,0.0
2127.0,597.5956694741901,-235.23839947475423,0.0,-1.2571393311019023,0.0003837669332601117,0.0
2128.0,597.9057182263307,-236.19364017745613,0.0,-1.2567547826119005,0.000385327384117213,0.0
2129.0,598.2161515102571,-237.14881202490275,0.0,-1.2563686739576982,0.0003868872409450283,0.0
2130.0,598.5269709173526,-238.10391471139545,0.0,-1.2559810057356822,0.00038844649919061205,0.0
2131.0,598.8381780390002,-239.05894793123565,0.0,-1.2555917785467636,0.00039000515426622167,0.0
2132.0,599.1497744665832,-240.0139113787249,0.0,-1.2552009929961947,0.00039156320154982397,0.0
2133.0,599.4617617914846,-240.9688047481646,0.0,-1.2548086496941266,0.00039312063639656316,0.0
2134.0,599.7741416050876,-241.92362773385616,0.0,-1.2544147492552216,0.0003946774541506714,0.0
2135.0,600.0869154987755,-242.87838003010108,0.0,-1.2540192922988542,0.00039623365013733265,0.0
2136.0,600.4000850639313,-243.8330613312008,0.0,-1.253622279449047,0.0003977892196283131,0.0
2137.0,600.7136518919385,-244.78767133145675,0.0,-1.2532237113347815,0.00039934415787596614,0.0
2138.0,601.0276175741798,-245.74220972517045,0.0,-1.252823588589555,0.00040089846012563476,0.0
2139.0,601.3419837020386,-246.69667620664328,0.0,-1.2524219118514808,0.00040245212158156776,0.0
2140.0,601.6567518668983,-247.6510704701767,0.0,-1.2520186817640442,0.00040400513743805386,0.0
2141.0,601.9719236601416,-248.60539221007224,0.0,-1.2516138989750405,0.00040555750285447314,0.0
2142.0,602.287500673152,-249.55964112063128,0.0,-1.2512075641372764,0.00040710921293899256,0.0
2143.0,602.6034844973124,-250.51381689615522,0.0,-1.250799677908483,0.00040866026281398995,0.0
2144.0,602.9198767240063,-251.46791923094563,0.0,-1.2503902409512129,0.00041021064756937724,0.0
2145.0,603.2366789446166,-252.42194781930385,0.0,-1.249979253933161,0.0004117603622472472,0.0
2146.0,603.5538927505266,-253.37590235553142,0.0,-1.2495667175267289,0.0004133094018883922,0.0
2147.0,603.8715197331195,-254.32978253392974,0.0,-1.2491526324094002,0.0004148577614860078,0.0
2148.0,604.1895614837783,-255.28358804880034,0.0,-1.2487369992637132,0.0004163957055672058,0.0
2149.0,604.5080195938863,-256.23731859444456,0.0,-1.2483198187771423,0.0004172219672605091,0.0
2150.0,604.8268956548266,-257.1909738651639,0.0,-1.2479010916421795,0.0004148462546250041,0.0
2151.0,605.1461912579825,-258.14455355525985,0.0,-1.2474808185567121,0.00040624991411135943,0.0
2152.0,605.465907994737,-259.0980573590338,0.0,-1.2470591364497208,0.00039011058626731946,0.0
2153.0,605.7860471845789,-260.05148502183073,0.0,-1.2466457274685219,0.0003663267552808419,0.0
2154.0,606.1065910932621,-261.0048398660096,0.0,-1.2462657749028572,0.00033490015788546166,0.0
2155.0,606.4274907596687,-261.9581310762421,0.0,-1.2459363579726972,0.0002958419410033576,0.0
2156.0,606.7486943283182,-262.9113683805671,0.0,-1.2456589118604158,0.0002498544605016465,0.0
2157.0,607.0701499437292,-263.8645615070238,0.0,-1.2454334239849743,0.00019942877327332783,0.0
2158.0,607.3918057504211,-264.8177201836511,0.0,-1.245259884003521,0.00014758397275349558,0.0
2159.0,607.7136098929126,-265.77085413848806,0.0,-1.245138283828865,9.564253273597331e-05,0.0
2160.0,608.0355105157228,-266.72397309957375,0.0,-1.2450686176423547,4.37057579530783e-05,0.0
2161.0,608.3574557633706,-267.6770867949471,0.0,-1.2450508819031978,-8.22862413375956e-06,0.0
2162.0,608.6793937803752,-268.6302049526472,0.0,-1.2450850753538076,-6.016288934185265e-05,0.0
2163.0,609.0012727112555,-269.5833373007131,0.0,-1.2451711990210017,-0.00011209931279996888,0.0
2164.0,609.3230407005304,-270.53649356718387,0.0,-1.2453092562130452,-0.0001640401649878014,0.0
2165.0,609.644645892719,-271.4896834800985,0.0,-1.2454992525133226,-0.00021598770774922116,0.0
2166.0,609.9660364323404,-272.442916767496,0.0,-1.2457411957698492,-0.0002679441903521112,0.0
2167.0,610.2871604639134,-273.3962031574154,0.0,-1.24603509608057,-0.0003199118455487244,0.0
2168.0,610.6079661319571,-274.34955237789575,0.0,-1.2463809657748117,-0.00037189288555006245,0.0
2169.0,610.9284015809905,-275.30297415697606,0.0,-1.2467788193906828,-0.0004238894980335139,0.0
2170.0,611.2484149555327,-276.25647822269536,0.0,-1.247228673649056,-0.0004759038421604046,0.0
2171.0,611.5679544001024,-277.21007430309265,0.0,-1.247730547422673,-0.000527938044518894,0.0
2172.0,611.8869680592188,-278.16377212620705,0.0,-1.2482844617013957,-0.0005799941951071093,0.0
2173.0,612.205404077401,-279.1175814200775,0.0,-1.2488904395542453,-0.0006320743432509339,0.0
2174.0,612.5232105991679,-280.0715119127431,0.0,-1.2495485060864195,-0.0006841804934855564,0.0
2175.0,612.8403357690383,-281.0255733322429,0.0,-1.2502586883922266,-0.000736314601495163,0.0
2176.0,613.1567277315316,-281.9797754066159,0.0,-1.2510210155047674,-0.0007884785699330742,0.0
2177.0,613.4723346311664,-282.934127863901,0.0,-1.2518355183404846,-0.0008406742442237221,0.0
2178.0,613.787104612462,-283.8886404321374,0.0,-1.2527022296400423,-0.0008929034083875939,0.0
2179.0,614.1009858199373,-284.84332283936413,0.0,-1.2536211839049587,-0.0009451677807939936,0.0
2180.0,614.4139263981112,-285.79818481362,0.0,-1.2545924173297454,-0.0009974690098683648,0.0
2181.0,614.7258744915029,-286.75323608294434,0.0,-1.2556159677300516,-0.0010498086697806133,0.0
2182.0,615.0367782446311,-287.70848637537597,0.0,-1.256691874466021,-0.0011021882561114455,0.0
2183.0,615.3465858020152,-288.663945418954,0.0,-1.257820178362089,-0.00115460918143622,0.0
2184.0,615.6552453081738,-289.6196229417175,0.0,-1.25900092162132,-0.001207072770882754,0.0
2185.0,615.9627049076262,-290.5755286717054,0.0,-1.2602341477361354,-0.0012595802577039436,0.0
2186.0,616.2689127448913,-291.53167233695683,0.0,-1.2615199013944258,-0.001312132778710641,0.0
2187.0,616.573816964488,-292.48806366551077,0.0,-1.2628582283803853,-0.0013647313697278752,0.0
2188.0,616.8773657109354,-293.4447123854062,0.0,-1.2642491754717702,-0.0014173769610397494,0.0
2189.0,617.1795071287524,-294.40162822468227,0.0,-1.2656927903321575,-0.0014700703726499482,0.0
2190.0,617.4801893624581,-295.3588209113779,0.0,-1.2671891213979014,-0.0015228123096497268,0.0
2191.0,617.7793605565716,-296.3163001735321,0.0,-1.268738217761698,-0.0015756033575149906,0.0
2192.0,618.0769688556118,-297.274075739184,0.0,-1.270340129050314,-0.001628443977262663,0.0
2193.0,618.3729624040975,-298.23215733637267,0.0,-1.2719949052973465,-0.0016813345006968519,0.0
2194.0,618.667289346548,-299.190554693137,0.0,-1.2737025968125608,-0.0017342751255210614,0.0
2195.0,618.9598978274821,-300.14927753751607,0.0,-1.2754632540448045,-0.0017872659104169702,0.0
2196.0,619.250735991419,-301.10833559754894,0.0,-1.2772769274408005,-0.0018403067701945014,0.0
2197.0,619.5397519828775,-302.0677386012747,0.0,-1.2791436672990144,-0.0018933974707597834,0.0
2198.0,619.8268939463767,-303.0274962767322,0.0,-1.2810635236178798,-0.0019465376241098054,0.0
2199.0,620.1121100264356,-303.98761835196063,0.0,-1.2830365459399697,-0.0019997266833489597,0.0
2200.0,620.3953483675732,-304.94811455499894,0.0,-1.2850627831904138,-0.002052963937592578,0.0
2201.0,620.6765571143084,-305.9089946138862,0.0,-1.2871422835101305,-0.002106248506900903,0.0
2202.0,620.9556844111603,-306.87026825666135,0.0,-1.2892750940847721,-0.0021595793371696403,0.0
2203.0,621.2326784026478,-307.8319452113636,0.0,-1.2914612609677183,-0.0022129551950086208,0.0
2204.0,621.5074872332901,-308.79403520603177,0.0,-1.2937008288983927,-0.0022663746626358583,0.0
2205.0,621.780059047606,-309.7565479687051,0.0,-1.2959938411151142,-0.0023198361327073803,0.0
2206.0,622.0503419901146,-310.7194932274224,0.0,-1.2983403391631103,-0.0023733378031786574,0.0
2207.0,622.3182842053349,-311.6828807102229,0.0,-1.300740362697394,-0.002426877672210773,0.0
2208.0,622.5838338377858,-312.6467201451455,0.0,-1.3031939492800524,-0.0024804535329986865,0.0
2209.0,622.8469390319864,-313.6110212602293,0.0,-1.3057011341727536,-0.0025340629686705996,0.0
2210.0,623.1075479324558,-314.5757937835133,0.0,-1.308261950124238,-0.0025877033472389804,0.0
2211.0,623.3656086837128,-315.54104744303646,0.0,-1.3108764271528237,-0.002641371816509411,0.0
2212.0,623.6210694302763,-316.50679196683797,0.0,-1.3135445923226647,-0.002695065299093199,0.0
2213.0,623.8738783166657,-317.47303708295675,0.0,-1.3162664695169481,-0.002748780487453766,0.0
2214.0,624.1239834873996,-318.4397925194319,0.0,-1.3190420792049018,-0.002802513838957227,0.0
2215.0,624.3713330869973,-319.40706800430235,0.0,-1.3218714382036763,-0.0028562615710798762,0.0
2216.0,624.6158752599777,-320.3748732656072,0.0,-1.3247545594364345,-0.0029100196566474996,0.0
2217.0,624.8575581508597,-321.3432180313855,0.0,-1.3276914516849099,-0.002963783819127525,0.0
2218.0,625.0963299041624,-322.31211202967614,0.0,-1.330682119337553,-0.0030175495281072407,0.0
2219.0,625.3321386644047,-323.28156498851837,0.0,-1.3337265621330536,-0.0030713119948099538,0.0
2220.0,625.5649325761057,-324.251586635951,0.0,-1.3368247748996243,-0.0031250661677572384,0.0
2221.0,625.7946597837844,-325.22218670001325,0.0,-1.339976747290011,-0.0031788067285818716,0.0
2222.0,626.0212684319597,-326.19337490874403,0.0,-1.3431824635120684,-0.003232528087966765,0.0
2223.0,626.2447066651507,-327.1651609901824,0.0,-1.3464419020553817,-0.0032862243818052267,0.0
2224.0,626.4649226278765,-328.13755467236746,0.0,-1.349755035414564,-0.003339889467447566,0.0
2225.0,626.6818644646557,-329.11056568333805,0.0,-1.3531218298080452,-0.003393516920188982,0.0
2226.0,626.8954803200078,-330.0842037511335,0.0,-1.3565422448940962,-0.0034471000300305542,0.0
2227.0,627.1057183384515,-331.05847860379254,0.0,-1.3600162334838548,-0.003500631798527538,0.0
2228.0,627.3125266645058,-332.0333999693543,0.0,-1.3635437412500464,-0.0035541049359810095,0.0
2229.0,627.51585344269,-333.00897757585795,0.0,-1.3671247064346788,-0.003607511858907826,0.0
2230.0,627.7156468175226,-333.9852211513423,0.0,-1.370759059553199,-0.003660844687661733,0.0
2231.0,627.9118549335229,-334.9621404238465,0.0,-1.3744467230961321,-0.0037140952444555714,0.0
2232.0,628.10442593521,-335.93974512140954,0.0,-1.3781876112302112,-0.0037672550516715565,0.0
2233.0,628.2933079671027,-336.9180449720706,0.0,-1.3819816294966398,-0.0038203153304629768,0.0
2234.0,628.47844917372,-337.8970497038685,0.0,-1.3858286745085755,-0.003873266999760078,0.0
2235.0,628.659797699581,-338.8767690448423,0.0,-1.3897286336477037,-0.003926100675579286,0.0
2236.0,628.8373016892047,-339.85721272303124,0.0,-1.3936813847604232,-0.003978806670734485,0.0
2237.0,629.01090928711,-340.8383904664741,0.0,-1.3976867958539363,-0.0040313749949820255,0.0
2238.0,629.180568637816,-341.82031200321,0.0,-1.401744724792036,-0.00408379535556193,0.0
2239.0,629.3462278858417,-342.802987061278,0.0,-1.4058550189924173,-0.004139549786198126,0.0
2240.0,629.507835175706,-343.78642536871706,0.0,-1.4100175151247165,-0.004223319350614644,0.0
2241.0,629.665338651928,-344.7706366535663,0.0,-1.4142320388102472,-0.004379578449721049,0.0
2242.0,629.8186864590266,-345.7556306438647,0.0,-1.418498404323899,-0.004637153011405928,0.0
2243.0,629.967826741521,-346.7414170676513,0.0,-1.4228653110910017,-0.005001505726481281,0.0
2244.0,630.1126111921097,-347.7280199692037,0.0,-1.4276293404319629,-0.005472434111051535,0.0
2245.0,630.2524023564092,-348.7155359963675,0.0,-1.4331162785101041,-0.006049653970162232,0.0
2246.0,630.3864080904563,-349.70408475739424,0.0,-1.4394036074340322,-0.006729289004701361,0.0
2247.0,630.5138361898524,-350.6937858695057,0.0,-1.4464900068538395,-0.00748614236408161,0.0
2248.0,630.6338944501994,-351.6847589499235,0.0,-1.4543736246358456,-0.008275078991019582,0.0
2249.0,630.7457906670984,-352.67712361586945,0.0,-1.4630519740805719,-0.009066442722149275,0.0
2250.0,630.8487326361512,-353.67099948456524,0.0,-1.472521787400148,-0.009853745286737483,0.0
2251.0,630.9419281529595,-354.6665061732327,0.0,-1.4827788572199592,-0.010635941798707478,0.0
2252.0,631.0245850131248,-355.6637632990933,0.0,-1.493817867596382,-0.011411820616857415,0.0
2253.0,631.0959110122485,-356.6628904793692,0.0,-1.5056322164578442,-0.012180581058505708,0.0
2254.0,631.1551139459323,-357.66400733128177,0.0,-1.5182138318443523,-0.012947602771850397,0.0
2255.0,631.2014016097776,-358.667233472053,0.0,-1.5315529848272376,-0.013728063654846863,0.0
2256.0,631.2339817993862,-359.67268851890447,0.0,-1.5456381025251837,-0.014537391950304963,0.0
2257.0,631.2520623103594,-360.680492089058,0.0,-1.560463793774616,-0.015384658294958036,0.0
2258.0,631.2548335762638,-361.69068689137237,0.0,-1.5761032896513967,-0.016276660069521075,0.0
2259.0,631.2413308091651,-362.7026280522207,0.0,-1.5926863263328006,-0.017220639656974814,0.0
2260.0,631.2105075233987,-363.7153088026909,0.0,-1.610287245025695,-0.018223676254009287,0.0
2261.0,631.161316503301,-364.7277191402035,0.0,-1.628944019405914,-0.019286847287163802,0.0
2262.0,631.0927105332072,-365.7388490621789,0.0,-1.648696038238971,-0.020401523727509443,0.0
2263.0,631.0036423974539,-366.74768856603754,0.0,-1.6695840043110977,-0.02155881069429945,0.0
2264.0,630.8930648803764,-367.75322764919986,0.0,-1.691649359544832,-0.02275602483586677,0.0
2265.0,630.7599307663113,-368.7544563090863,0.0,-1.7149335859014738,-0.02399245393938844,0.0
2266.0,630.603192839594,-369.7503645431174,0.0,-1.7394773622678557,-0.025266455871904486,0.0
2267.0,630.4218038845607,-370.73994234871356,0.0,-1.7653195588108324,-0.02657527096864357,0.0
2268.0,630.2147166855474,-371.7221797232952,0.0,-1.7924960533229115,-0.027914853378274294,0.0
2269.0,629.9808840268898,-372.6960666642827,0.0,-1.8210383594734116,-0.029268571940041635,0.0
2270.0,629.7192586929241,-373.6605931690966,0.0,-1.85097206528332,-0.03053810833452264,0.0
2271.0,629.4287934679861,-374.6147492351573,0.0,-1.8823150921336198,-0.031539243904354995,0.0
2272.0,629.1084411364117,-375.5575248598853,0.0,-1.9150758006085262,-0.03214098420927171,0.0
2273.0,628.7571544825369,-376.487910040701,0.0,-1.9490951547213862,-0.03230938413787005,0.0
2274.0,628.3741632864046,-377.4050366413919,0.0,-1.9832352830406188,-0.03203980462160445,0.0
2275.0,627.9604047073972,-378.3089109786632,0.0,-2.016129743754095,-0.03133069976823477,0.0
2276.0,627.5174658592821,-379.1998722504345,0.0,-2.047378447972032,-0.030194625541088302,0.0
2277.0,627.0469351261594,-380.0782603052402,0.0,-2.0769633547148802,-0.028727143365559704,0.0
2278.0,626.5504008921287,-380.94441499161445,0.0,-2.1048810674045217,-0.0271108865414508,0.0
2279.0,626.0294515412901,-381.7986761580916,0.0,-2.131139622092911,-0.025476346525944812,0.0
2280.0,625.4856754577437,-382.64138365320605,0.0,-2.1557560908122375,-0.023858018468104154,0.0
2281.0,624.9206610255893,-383.472877325492,0.0,-2.1787543540676033,-0.022262173534544356,0.0
2282.0,624.3359966289266,-384.29349702348367,0.0,-2.200163084307422,-0.02069315432265752,0.0
2283.0,623.7332706518557,-385.1035825957155,0.0,-2.2200139587819328,-0.019153624922979368,0.0
2284.0,623.1140714784766,-385.90347389072184,0.0,-2.2383401024584377,-0.017650504500143094,0.0
2285.0,622.479987492889,-386.69351075703685,0.0,-2.2551747491445853,-0.01624222353089937,0.0
2286.0,621.8326070791929,-387.4740330431948,0.0,-2.270550100870053,-0.015050364863818182,0.0
2287.0,621.1735186214883,-388.24538059773005,0.0,-2.284496360956807,-0.014165850675771268,0.0
2288.0,620.504310503875,-389.00789326917686,0.0,-2.297121146925037,-0.013609073712182085,0.0
2289.0,619.8264273722904,-389.7618276732676,0.0,-2.309187420882579,-0.013377144903827416,0.0
2290.0,619.1401308219839,-390.5067553702003,0.0,-2.32169473030023,-0.01346719180143926,0.0
2291.0,618.4451009735074,-391.24191121231814,0.0,-2.3349812404009382,-0.013870877140273321,0.0
2292.0,617.7410139091534,-391.96652771357606,0.0,-2.349060643172634,-0.014527402680079394,0.0
2293.0,617.0275457112142,-392.6798373879287,0.0,-2.363944235495588,-0.015312092474188297,0.0
2294.0,616.3043724619826,-393.3810727493309,0.0,-2.3796429115514215,-0.016130393152303957,0.0
2295.0,615.5711702437507,-394.06946631173764,0.0,-2.396166876294249,-0.016957893814401204,0.0
2296.0,614.8276151388111,-394.74425058910344,0.0,-2.4135253290344787,-0.017793196101787836,0.0
2297.0,614.0733832294562,-395.40465809538335,0.0,-2.4317261167869666,-0.01863470381180865,0.0
2298.0,613.3081505979785,-396.049921344532,0.0,-2.450775358046457,-0.019480436393069844,0.0
2299.0,612.5315933266704,-396.67927285050433,0.0,-2.470677038928732,-0.020328006401999464,0.0
2300.0,611.7433874978248,-397.291945127255,0.0,-2.4914325851645196,-0.021168358212524066,0.0
2301.0,610.9432091937334,-397.887170688739,0.0,-2.513040415247811,-0.02190647351455488,0.0
2302.0,610.1307344966891,-398.464182048911,0.0,-2.5354954821008375,-0.022319855709445186,0.0
2303.0,609.3056394889844,-399.0222117217258,0.0,-2.558788812855883,-0.02221742282684791,0.0
2304.0,608.4676002529116,-399.5604922211383,0.0,-2.5828196479408994,-0.021543077383104077,0.0
2305.0,607.6163811724358,-400.07840623408265,0.0,-2.6063724560962926,-0.02029807571597919,0.0
2306.0,606.7528682935739,-400.5772440368609,0.0,-2.627557920811129,-0.018485835775694008,0.0
2307.0,605.8787192211342,-401.0596080811721,0.0,-2.6455956228579933,-0.01611661214515636,0.0
2308.0,604.9956067535583,-401.52812665823967,0.0,-2.6604804609177943,-0.013286422862165097,0.0
2309.0,604.1052036892883,-401.9854280592871,0.0,-2.672228496454563,-0.010218335478962606,0.0
2310.0,603.209182826766,-402.4341405755378,0.0,-2.6808574993618737,-0.007103476012827775,0.0
2311.0,602.3092169644333,-402.8768924982154,0.0,-2.6863835314670976,-0.003997487377004243,0.0
2312.0,601.4069789007322,-403.3163121185433,0.0,-2.6888184926404057,-0.0008983125554627516,0.0
2313.0,600.5041414341046,-403.7550277277449,0.0,-2.6881685809724924,0.0021983356741013577,0.0
2314.0,599.6023773629923,-404.1956676170438,0.0,-2.684433626876219,0.00529700047573651,0.0
2315.0,598.7033594858373,-404.64086007766343,0.0,-2.6776072801776283,0.008401586414553875,0.0
2316.0,597.8087606010813,-405.0932334008272,0.0,-2.6676780529712074,0.011514459811134557,0.0
2317.0,596.9202535071664,-405.5554158777586,0.0,-2.65463124340781,0.014635537234330911,0.0
2318.0,596.0395110025348,-406.0300357996813,0.0,-2.63845178076085,0.017735426343541385,0.0
2319.0,595.1682058856277,-406.5197214578185,0.0,-2.619128033542899,0.020661836814699828,0.0
2320.0,594.3080109548874,-407.02710114339385,0.0,-2.5966566027141154,0.023174342289333506,0.0
2321.0,593.460599008756,-407.55480314763076,0.0,-2.571048083853963,0.025135272755871733,0.0
2322.0,592.6276428374099,-408.1054557416545,0.0,-2.5426968543903046,0.026524775628284515,0.0
2323.0,591.810533122401,-408.68100119402,0.0,-2.5133227633527335,0.0273457866978702,0.0
2324.0,591.0096346986007,-409.28088722544663,0.0,-2.484545740975615,0.02760324737953297,0.0
2325.0,590.2250792929675,-409.9039947089473,0.0,-2.456643464610841,0.027330844409468584,0.0
2326.0,589.4569986324601,-410.54920451753435,0.0,-2.429589490896925,0.026684613218113582,0.0
2327.0,588.705524444037,-411.21539752422035,0.0,-2.4033541315899067,0.025908325705494676,0.0
2328.0,587.9707884546567,-411.90145460201785,0.0,-2.37790509166471,0.02514288711637204,0.0
2329.0,587.2529223912782,-412.6062566239393,0.0,-2.3532080248469973,0.02441170889607856,0.0
2330.0,586.5520579808598,-413.32868446299744,0.0,-2.3292270078424506,0.023716311242416004,0.0
2331.0,585.8683269503601,-414.0676189922047,0.0,-2.3059249366089722,0.02305625033241711,0.0
2332.0,585.2018610267379,-414.82194108457355,0.0,-2.283263849348275,0.0224245064727079,0.0
2333.0,584.5527919369517,-415.59053161311664,0.0,-2.261205181614391,0.021807857008473208,0.0
2334.0,583.9212514079603,-416.3722714508465,0.0,-2.2397100834786166,0.02119436320633253,0.0
2335.0,583.3073696306172,-417.16604301147663,0.0,-2.218761635122161,0.020575330096083935,0.0
2336.0,582.711045837919,-417.9709603576254,0.0,-2.198408390771636,0.01994282864031002,0.0
2337.0,582.1317041437679,-418.78661409260565,0.0,-2.178716643799187,0.01928930934465781,0.0
2338.0,581.5687101741365,-419.61265348266164,0.0,-2.1597142157635805,0.018609180689070942,0.0
2339.0,581.0214295549971,-420.4487277940376,0.0,-2.1414199488484917,0.01790347259516957,0.0
2340.0,580.489227912322,-421.2944862929777,0.0,-2.123849481149834,0.01717950184477341,0.0
2341.0,579.9714708720837,-422.1495782457263,0.0,-2.107015453117964,0.01644341145551866,0.0
2342.0,579.4675240602545,-423.0136529185274,0.0,-2.09092773583582,0.015698226490633092,0.0
2343.0,578.9767531028068,-423.88635957762534,0.0,-2.075593673725603,0.014956837207969744,0.0
2344.0,578.498523625713,-424.7673474892643,0.0,-2.0610183350183924,0.014281834321801823,0.0
2345.0,578.0322012549454,-425.6562659196887,0.0,-2.047204764167114,0.01377429641422304,0.0
2346.0,577.5771516164766,-426.55276413514247,0.0,-2.034154229576095,0.013495481134616927,0.0
2347.0,577.1327403399946,-427.4564914020861,0.0,-2.0217194795106543,0.013458477292469294,0.0
2348.0,576.698653273448,-428.3671156023269,0.0,-2.0091997742519183,0.01366714743513077,0.0
2349.0,576.2757712014582,-429.2843740832962,0.0,-1.9959032649027433,0.01412525686567058,0.0
2350.0,575.8652535820576,-430.20802039263293,0.0,-1.9816814087740426,0.014825957808579949,0.0
2351.0,575.4682598732794,-431.1378080779759,0.0,-1.9665119178753825,0.015712321187201592,0.0
2352.0,575.0859495331566,-432.07349068696385,0.0,-1.950371117218293,0.01668851026581716,0.0
2353.0,574.7194820197224,-433.01482176723607,0.0,-1.9332342804055278,0.017698042039206375,0.0
2354.0,574.3700167910098,-433.96155486643124,0.0,-1.9150760193611023,0.01873207712668055,0.0
2355.0,574.0387133050516,-434.91344353218824,0.0,-1.895870737780648,0.019790406816826818,0.0
2356.0,573.7267310198808,-435.87024131214616,0.0,-1.8755931576525733,0.020872239951315597,0.0
2357.0,573.4352293935306,-436.8317017539437,0.0,-1.8542189274753234,0.021976121490853467,0.0
2358.0,573.165367884034,-437.7975784052199,0.0,-1.831725319400574,0.023099846953307163,0.0
2359.0,572.918305949424,-438.7676248136137,0.0,-1.808092020257526,0.024238924371758928,0.0
2360.0,572.6952030477336,-439.74159452676395,0.0,-1.7833020180478765,0.025344008352386385,0.0
2361.0,572.4972186369956,-440.71924109230946,0.0,-1.757342580846805,0.02627509912576228,0.0
2362.0,572.3255121752435,-441.7003180578894,0.0,-1.730206318948645,0.02688404964243079,0.0
2363.0,572.1812431205097,-442.68457897114246,0.0,-1.7019126352799514,0.027111267163458668,0.0
2364.0,572.0655302044628,-443.6717771233446,0.0,-1.6730833329145358,0.02694982154886402,0.0
2365.0,571.9783053429552,-444.66165833504374,0.0,-1.6450095262006896,0.02639744228307161,0.0
2366.0,571.9181554145323,-445.6539599600918,0.0,-1.6184311184633793,0.02545528042866561,0.0
2367.0,571.8835947716308,-446.6484188958061,0.0,-1.5934051795536017,0.024170315073334794,0.0
2368.0,571.8731377666869,-447.6447720395039,0.0,-1.5699419176569835,0.022681023639570363,0.0
2369.0,571.8852987521378,-448.6427562885025,0.0,-1.5480427901754639,0.021134777329019028,0.0
2370.0,571.9185920804201,-449.64210854011895,0.0,-1.527702238051814,0.019591077323194393,0.0
2371.0,571.9715321039705,-450.64256569167065,0.0,-1.5089093191159861,0.01805741962478507,0.0
2372.0,572.0426331752254,-451.6438646404747,0.0,-1.4916492090452542,0.016537304810427096,0.0
2373.0,572.1304096466218,-452.6457422838486,0.0,-1.4759045530125483,0.015032964730350207,0.0
2374.0,572.2333758705964,-453.6479355191093,0.0,-1.4616566624797112,0.013545501440544117,0.0
2375.0,572.3500461995858,-454.65018124357414,0.0,-1.4488865599838832,0.012078197675996032,0.0
2376.0,572.4789349860264,-455.6522163545604,0.0,-1.437575880502585,0.010664131843061904,0.0
2377.0,572.6185565823555,-456.6537777493853,0.0,-1.42770764149979,0.00937393188347603,0.0
2378.0,572.7674253410094,-457.65460232536606,0.0,-1.4192668955003924,0.00826103411028651,0.0
2379.0,572.9240556144247,-458.65442697981985,0.0,-1.4121968651969035,0.007337097650004168,0.0
2380.0,573.0870560463924,-459.65300902127655,0.0,-1.4060590510580324,0.006599646899677798,0.0
2381.0,573.2558544493206,-460.650283083376,0.0,-1.4002671180655626,0.006046341673494222,0.0
2382.0,573.4302997788244,-461.6462749644631,0.0,-1.3946216268540206,0.005672006348075075,0.0
2383.0,573.6102444519433,-462.64101121217595,0.0,-1.3891214465323891,0.00544121816419764,0.0
2384.0,573.7955408857167,-463.63451837415295,0.0,-1.3837670188744966,0.005280734937960726,0.0
2385.0,573.9860414971837,-464.62682299803214,0.0,-1.3785587346967667,0.00513439588959135,0.0
2386.0,574.1815987033839,-465.6179516314516,0.0,-1.3734969371274781,0.004987845773185624,0.0
2387.0,574.3820649213567,-466.6079308220497,0.0,-1.3685819248286908,0.004841011377186859,0.0
2388.0,574.5872925681415,-467.59678711746443,0.0,-1.363813955163454,0.004693932575321469,0.0
2389.0,574.7971340607775,-468.58454706533405,0.0,-1.3591932473018502,0.004546646180242015,0.0
2390.0,575.0114418163041,-469.5712372132967,0.0,-1.3547199852599607,0.004399186012223507,0.0
2391.0,575.2300682517608,-470.5568841089906,0.0,-1.350394320866309,0.004251582972955216,0.0
2392.0,575.452865784187,-471.5415143000538,0.0,-1.3462163766504538,0.004103865123793079,0.0
2393.0,575.679686830622,-472.5251543341245,0.0,-1.3421862486504028,0.003956057767968764,0.0
2394.0,575.9103838081052,-473.507830758841,0.0,-1.338304009134637,0.003808183536218479,0.0
2395.0,576.1448091336758,-474.4895701218414,0.0,-1.3345697092361348,0.0036602624752344326,0.0
2396.0,576.3828152243735,-475.47039897076377,0.0,-1.3309833814960663,0.0035123121385361683,0.0
2397.0,576.6242544972375,-476.45034385324635,0.0,-1.327545042314182,0.0033643476793163867,0.0
2398.0,576.8689793693073,-477.4294313169273,0.0,-1.324254694305029,0.003216381944835232,0.0
2399.0,577.1168422576222,-478.40768790944486,0.0,-1.3211123285584516,0.0030684255720839454,0.0
2400.0,577.3676955792215,-479.38514017843715,0.0,-1.3181179268028986,0.0029204870843936937,0.0
2401.0,577.6213917511445,-480.3618146715422,0.0,-1.3152714634717118,0.0027725729886768037,0.0
2402.0,577.8777831904308,-481.3377379363984,0.0,-1.3125729076713668,0.0026246878730499246,0.0
2403.0,578.1367223141199,-482.31293652064386,0.0,-1.310022225051659,0.002476834504647672,0.0
2404.0,578.3980615392508,-483.28743697191663,0.0,-1.3076193795770774,0.0023290139275000355,0.0
2405.0,578.6616532828631,-484.26126583785503,0.0,-1.3053643352006583,0.002181225560285866,0.0
2406.0,578.9273499619961,-485.2344496660971,0.0,-1.3032570574401234,0.002033467293803191,0.0
2407.0,579.1950039936894,-486.20701500428106,0.0,-1.3012975148561594,0.001885735588129275,0.0
2408.0,579.4644677949819,-487.17898840004506,0.0,-1.2994856804334505,0.0017380255693643732,0.0
2409.0,579.7355937829135,-488.15039640102736,0.0,-1.297821532865626,0.0015903311259529865,0.0
2410.0,580.0082343745233,-489.1212655548661,0.0,-1.2963050577441553,0.0014426450045849559,0.0
2411.0,580.2822419868507,-490.0916224091994,0.0,-1.2949362486507714,0.0012949589055355956,0.0
2412.0,580.5574690369352,-491.0614935116652,0.0,-1.293715108155863,0.0011472635775987084,0.0
2413.0,580.8337679418161,-492.0309054099022,0.0,-1.2926416487215768,0.0009995489127002494,0.0
2414.0,581.1109911185325,-492.9998846515481,0.0,-1.2917158935105166,0.0008518040400555656,0.0
2415.0,581.3889909841243,-493.9684577842413,0.0,-1.290937877101595,0.000704017420045904,0.0
2416.0,581.6676199556306,-494.9366513556199,0.0,-1.2903076461110996,0.0005561769379477705,0.0
2417.0,581.9467304500909,-495.9044919133221,0.0,-1.2898252597208781,0.00040826999746787095,0.0
2418.0,582.2261748845443,-496.872006004986,0.0,-1.2894907901132706,0.00026028361424672893,0.0
2419.0,582.5058056760306,-497.83922017824983,0.0,-1.2893043228127212,0.00011220450952664769,0.0
2420.0,582.7854752415886,-498.8061609807518,0.0,-1.28926595693345,-3.5980796059756747e-05,0.0
2421.0,583.0650359982583,-499.7728549601299,0.0,-1.2893758053340934,-0.00018428588841046256,0.0
2422.0,583.3443403630788,-500.7393286640225,0.0,-1.289633994678564,-0.0003327243653845941,0.0
2423.0,583.6232407530894,-501.70560864006774,0.0,-1.2900406654007575,-0.00048130974173323155,0.0
2424.0,583.9015895853296,-502.67172143590363,0.0,-1.2905959715760569,-0.0006300553533448319,0.0
2425.0,584.1792392768386,-503.63769359916853,0.0,-1.2913000806958383,-0.0007789742606300371,0.0
2426.0,584.4560422446561,-504.6035516775004,0.0,-1.2921531733455378,-0.0009280791510482475,0.0
2427.0,584.7318509058213,-505.56932221853765,0.0,-1.2931554427848986,-0.0010773822406358522,0.0
2428.0,585.0065176773736,-506.53503176991825,0.0,-1.2943070944294723,-0.001226895174306884,0.0
2429.0,585.2798949763522,-507.5007068792805,0.0,-1.2956083452320055,-0.0013766289248906233,0.0
2430.0,585.5518352197967,-508.46637409426245,0.0,-1.2970594229619914,-0.0015265936908816105,0.0
2431.0,585.8221908247465,-509.43205996250236,0.0,-1.2986605653837249,-0.001676798792727371,0.0
2432.0,586.0908142082408,-510.3977910316384,0.0,-1.3004120193284667,-0.0018272525676057889,0.0
2433.0,586.357557787319,-511.3635938493087,0.0,-1.3023140396613782,-0.0019779622626520427,0.0
2434.0,586.6222739790206,-512.3294949631514,0.0,-1.3043668881414008,-0.0021289339264803442,0.0
2435.0,586.884815200385,-513.2955209208047,0.0,-1.3065708321711533,-0.002280172299175748,0.0
2436.0,587.1450338684517,-514.2616982699069,0.0,-1.3089261434368056,-0.0024316807006535025,0.0
2437.0,587.4027824002596,-515.2280535580958,0.0,-1.31143309643432,-0.0025834609172983303,0.0
2438.0,587.6579132128485,-516.1946133330099,0.0,-1.3140919668821212,-0.002735513087111412,0.0
2439.0,587.9102787232576,-517.1614041422874,0.0,-1.316903030018531,-0.0028878355832733394,0.0
2440.0,588.1597313485263,-518.1284525335664,0.0,-1.319866558780463,-0.0030404248963691945,0.0
2441.0,588.406123505694,-519.0957850544848,0.0,-1.3229828218644926,-0.0031932755153787503,0.0
2442.0,588.6493076118002,-520.0634282526811,0.0,-1.3262520816676213,-0.003346379807419554,0.0
2443.0,588.889136083884,-521.0314086757934,0.0,-1.3296745921061643,-0.0034997278967050832,0.0
2444.0,589.1254613389851,-521.9997528714597,0.0,-1.33325059631413,-0.0036533075428589264,0.0
2445.0,589.3581357941426,-522.9684873873183,0.0,-1.3369803242176137,-0.003807104018815962,0.0
2446.0,589.5870118663962,-523.9376387710074,0.0,-1.3408639899869121,-0.0039610999887588995,0.0
2447.0,589.8119419727849,-524.9072335701652,0.0,-1.344901789365953,-0.004115275386373653,0.0
2448.0,590.0327785303483,-525.8772983324295,0.0,-1.3490938968790276,-0.004269607293922085,0.0
2449.0,590.2493739561257,-526.847859605439,0.0,-1.3534404629165098,-0.004424069822616005,0.0
2450.0,590.4615806671566,-527.8189439368316,0.0,-1.3579416106999005,-0.004578633994786767,0.0
2451.0,590.6692510804802,-528.7905778742455,0.0,-1.362597433129625,-0.0047332676285208874,0.0
2452.0,590.872237613136,-529.7627879653188,0.0,-1.367407989517028,-0.004887935225299701,0.0
2453.0,591.0703926821633,-530.7356007576898,0.0,-1.372373302204122,-0.00504259786149059,0.0
2454.0,591.2635687046017,-531.7090427989966,0.0,-1.3774933530757578,-0.005197213084408966,0.0
2455.0,591.4516180974904,-532.6831406368774,0.0,-1.3827680799685151,-0.005351734813678058,0.0
2456.0,591.6343932778686,-533.6579208189703,0.0,-1.388197372981218,-0.00550611324897681,0.0
2457.0,591.8117466627762,-534.6334098929134,0.0,-1.3937810706960605,-0.005660294784949274,0.0
2458.0,591.9835306692519,-535.609634406345,0.0,-1.3995189563151904,-0.005814221934276292,0.0
2459.0,592.1495977143355,-536.5866209069034,0.0,-1.4054107537229552,-0.005967833260077311,0.0
2460.0,592.3098002150664,-537.5643959422265,0.0,-1.41145612348387,-0.0061210633186157114,0.0
2461.0,592.4639905884839,-538.5429860599526,0.0,-1.4176546587852996,-0.0062738426135162196,0.0
2462.0,592.6120212516273,-539.5224178077199,0.0,-1.4240058813388414,-0.006426097562590684,0.0
2463.0,592.7537446215359,-540.5027177331665,0.0,-1.430509237251974,-0.006577750478413437,0.0
2464.0,592.8890131152494,-541.4839123839305,0.0,-1.4371640928859244,-0.006728719564070601,0.0
2465.0,593.0176791498072,-542.4660283076503,0.0,-1.4439697307145536,-0.00687891892512655,0.0
2466.0,593.1395951422483,-543.4490920519636,0.0,-1.4509253451998616,-0.007028258598985434,0.0
2467.0,593.2546135096121,-544.4331301645091,0.0,-1.4580300387047518,-0.007176644602951342,0.0
2468.0,593.3625866689383,-545.4181691929248,0.0,-1.4652828174614063,-0.007323979002069127,0.0
2469.0,593.4633670372662,-546.4042356848488,0.0,-1.4726825876145064,-0.0074701599979689615,0.0
2470.0,593.5568070316349,-547.3913561879193,0.0,-1.4802281513621052,-0.0076150820396729815,0.0
2471.0,593.642759069084,-548.3795572497745,0.0,-1.487918203217112,-0.0077586127503249495,0.0
2472.0,593.721075566653,-549.3688654180525,0.0,-1.4957513264123337,-0.007900254811793841,0.0
2473.0,593.7916089413811,-550.3593072403913,0.0,-1.503725989473647,-0.008039018780859171,0.0
2474.0,593.8542116103076,-551.3509092644296,0.0,-1.5118405429863881,-0.008174205158689036,0.0
2475.0,593.9087359904721,-552.3436980378049,0.0,-1.5200928916843193,-0.008305850980099568,0.0
2476.0,593.9550349361305,-553.3376959709816,0.0,-1.5284760807567073,-0.008434300192157214,0.0
2477.0,593.9929681394274,-554.3328607707098,0.0,-1.5369809211519327,-0.008559914192083668,0.0
2478.0,594.0224007118566,-555.329098862999,0.0,-1.545604305648931,-0.008683087426158578,0.0
2479.0,594.043197913604,-556.3263152668541,0.0,-1.5543471377019087,-0.008804585465863475,0.0
2480.0,594.0552250048555,-557.3244150012794,0.0,-1.563210380874273,-0.008925672119747057,0.0
2481.0,594.0583472457972,-558.3233030852797,0.0,-1.5721949502749335,-0.009047327256763682,0.0
2482.0,594.052429896615,-559.3228845378596,0.0,-1.581301708361994,-0.009169800072317649,0.0
2483.0,594.0373382174947,-560.323064378024,0.0,-1.5905314606011212,-0.009293038525220834,0.0
2484.0,594.0129374686225,-561.3237476247772,0.0,-1.5998849509839776,-0.009416978573353647,0.0
2485.0,593.9790929101839,-562.324839297124,0.0,-1.6093628574115777,-0.00954155151131004,0.0
2486.0,593.9356698023654,-563.326244414069,0.0,-1.6189657869517091,-0.009666683850904316,0.0
2487.0,593.8825334053525,-564.3278679946168,0.0,-1.6286942709775643,-0.009792521986592466,0.0
2488.0,593.8195489793314,-565.3296150577722,0.0,-1.6385487601985933,-0.009931579358521387,0.0
2489.0,593.7465817844881,-566.3313906225397,0.0,-1.6485296195966748,-0.010126652341376361,0.0
2490.0,593.6634970810081,-567.3330997079242,0.0,-1.6586371232791008,-0.010428509501182204,0.0
2491.0,593.570160129078,-568.33464733293,0.0,-1.6688745961182925,-0.010859901299741015,0.0
2492.0,593.4664301948417,-569.3359347601152,0.0,-1.6794153232965623,-0.011424336363358472,0.0
2493.0,593.3518441449398,-570.3366612052902,0.0,-1.6906864538459936,-0.012123982268946667,0.0
2494.0,593.2254594404659,-571.3362254423291,0.0,-1.7029727370998307,-0.012960846366138526,0.0
2495.0,593.0862945894285,-572.3340018333312,0.0,-1.716308912272701,-0.013924558519255113,0.0
2496.0,592.9333680998367,-573.3293647403959,0.0,-1.7307101766095856,-0.014974376021751983,0.0
2497.0,592.7656984796994,-574.3216885256228,0.0,-1.7461923180314434,-0.016061405384473346,0.0
2498.0,592.5823042370256,-575.3103475511108,0.0,-1.7627712504918893,-0.017164493547777035,0.0
2499.0,592.3822038798243,-576.2947161789599,0.0,-1.780462488192537,-0.018281342432221872,0.0
2500.0,592.1644159161043,-577.2741687712693,0.0,-1.7992805532545466,-0.01941048944032204,0.0
2501.0,591.9279588538743,-578.2480796901381,0.0,-1.8192383130739045,-0.020549774857777994,0.0
2502.0,591.6718512011436,-579.215823297666,0.0,-1.8403462459675057,-0.02169598888469393,0.0
2503.0,591.3951114659208,-580.1767739559523,0.0,-1.8626116369658872,-0.022822188123917942,0.0
2504.0,591.0967581562152,-581.1303060270965,0.0,-1.8860377098396504,-0.02384030111602342,0.0
2505.0,590.7758097800353,-582.0757938731978,0.0,-1.9106227066925743,-0.024643988809784755,0.0
2506.0,590.4312848453902,-583.0126118563558,0.0,-1.936354876377567,-0.025185927668319237,0.0
2507.0,590.0622097098308,-583.9401364828759,0.0,-1.9628987988043678,-0.025462279831762493,0.0
2508.0,589.6682258721831,-584.857912293051,0.0,-1.9893842831484112,-0.025474055659562494,0.0
2509.0,589.2500219844953,-585.7657698709443,0.0,-2.0152161192299856,-0.0252237268632748,0.0
2510.0,588.8083886921033,-586.6635676614374,0.0,-2.0403447510598767,-0.02473793459060972,0.0
2511.0,588.3441166403433,-587.5511641094116,0.0,-2.0647765133903357,-0.024104921879261103,0.0
2512.0,587.8579964745516,-588.4284176597482,0.0,-2.088520682375764,-0.023431725422234897,0.0
2513.0,587.3508188400638,-589.2951867573286,0.0,-2.111589076780225,-0.022766959172572796,0.0
2514.0,586.8233743822166,-590.1513298470339,0.0,-2.133995682670246,-0.02211642489624697,0.0
2515.0,586.2764537463459,-590.9967053737458,0.0,-2.1557563055921882,-0.021481843073128472,0.0
2516.0,585.7108475777876,-591.8311717823453,0.0,-2.176888252697497,-0.02086463347712808,0.0
2517.0,585.127346521878,-592.6545875177139,0.0,-2.1974100460083843,-0.02026594456563882,0.0
2518.0,584.5267412239536,-593.4668110247328,0.0,-2.2173411669892857,-0.019686683078680885,0.0
2519.0,583.9098223293499,-594.2677007482835,0.0,-2.2367018318006124,-0.019127543112432095,0.0
2520.0,583.2773804834034,-595.0571151332472,0.0,-2.2555127960351693,-0.0185890341209848,0.0
2521.0,582.6302063314502,-595.8349126245051,0.0,-2.2737951873342452,-0.01807150746496733,0.0
2522.0,581.9690905188262,-596.6009516669387,0.0,-2.2915703640297216,-0.017574841340192538,0.0
2523.0,581.2948236908677,-597.3550907054293,0.0,-2.308859797834013,-0.01709038929247091,0.0
2524.0,580.6081964929109,-598.0971881848583,0.0,-2.3256849785656555,-0.01659257119394573,0.0
2525.0,579.9099995702917,-598.8271025501068,0.0,-2.342067338941557,-0.016053479301214462,0.0
2526.0,579.2010235683464,-599.5446922460562,0.0,-2.3580234386110366,-0.015459641139636032,0.0
2527.0,578.482054395012,-600.2498339791055,0.0,-2.373456639319338,-0.014806049805204311,0.0
2528.0,577.7537690064396,-600.942824438203,0.0,-2.388147340765317,-0.014088359347539,0.0
2529.0,577.0167354116566,-601.6243802768763,0.0,-2.4019669208156524,-0.013302845892754083,0.0
2530.0,576.2715168832236,-602.2952364065758,0.0,-2.4148982170029867,-0.012454451238243054,0.0
2531.0,575.5186766937015,-602.9561277387518,0.0,-2.4269312566695422,-0.011565181586900453,0.0
2532.0,574.7587781156511,-603.6077891848546,0.0,-2.4380580917032164,-0.010659489552872816,0.0
2533.0,573.9923844216329,-604.2509556563347,0.0,-2.4482725283479345,-0.009747498358527729,0.0
2534.0,573.2200588842077,-604.8863620646424,0.0,-2.4575698669178427,-0.008830958207079036,0.0
2535.0,572.4423647759363,-605.5147433212283,0.0,-2.4659466553834184,-0.007911037659116112,0.0
2536.0,571.6598653693793,-606.1368343375424,0.0,-2.4734004599377704,-0.006988689694407515,0.0
2537.0,570.8731239370976,-606.7533700250353,0.0,-2.479929654900257,-0.006064670739825782,0.0
2538.0,570.0827037516517,-607.3650852951575,0.0,-2.4855332336713785,-0.0051395613717209855,0.0
2539.0,569.2891680856027,-607.9727150593593,0.0,-2.4902106419290058,-0.004213796431782514,0.0
2540.0,568.493080211511,-608.576994229091,0.0,-2.4939616338438504,-0.0032953259915204924,0.0
2541.0,567.6950034019374,-609.178657715803,0.0,-2.496786151779488,-0.002421411425194998,0.0
2542.0,566.8955009294426,-609.7784404309457,0.0,-2.498684229725867,-0.0016472362701314771,0.0
2543.0,566.0951360665875,-610.3770772859696,0.0,-2.499656035640277,-0.0010023639489551428,0.0
2544.0,565.2944719459784,-610.9753030097598,0.0,-2.4998086430790374,-0.0004906756402212687,0.0
2545.0,564.4939416420916,-611.5736826751346,0.0,-2.499554005445328,-0.00011217309877907335,0.0
2546.0,563.693607242077,-612.1722974155358,0.0,-2.499251177936897,0.00013315803595930528,0.0
2547.0,562.8934651175653,-612.7711426409169,0.0,-2.4989541931213313,0.0002529778094354031,0.0
2548.0,562.0935116401869,-613.3702137612315,0.0,-2.4986630514651047,0.0002843595147708568,0.0
2549.0,561.2937431815727,-613.9695061864333,0.0,-2.4983777534231573,0.00028237513527435657,0.0
2550.0,560.4941561133531,-614.5690153264762,0.0,-2.4980982994395564,0.00027653088172068554,0.0
2551.0,559.6947468071589,-615.1687365913139,0.0,-2.497824689947662,0.00027068619974631884,0.0
2552.0,558.8955116346203,-615.7686653908999,0.0,-2.4975569253699113,0.0002648410997599144,0.0
2553.0,558.0964469673685,-616.3687971351877,0.0,-2.4972950061184727,0.0002589955919316544,0.0
2554.0,557.2975491770336,-616.9691272341315,0.0,-2.497038932595666,0.0002531496861592089,0.0
2555.0,556.4988146352466,-617.5696510976849,0.0,-2.4967887051943216,0.00024730339205584047,0.0
2556.0,555.7002397136378,-618.1703641358012,0.0,-2.4965443242973016,0.00024145671897425809,0.0
2557.0,554.901820783838,-618.7712617584344,0.0,-2.496305790278369,0.00023560967602047936,0.0
2558.0,554.1035542174777,-619.3723393755383,0.0,-2.4960731035026207,0.00022976227208177616,0.0
2559.0,553.3054363861877,-619.9735923970665,0.0,-2.495846264326171,0.00022391451578058458,0.0
2560.0,552.5074636615983,-620.5750162329724,0.0,-2.4956252730965733,0.000218066415479485,0.0
2561.0,551.7096324153404,-621.1766062932102,0.0,-2.4954101301532785,0.00021221797936123364,0.0
2562.0,550.9119390190443,-621.7783579877331,0.0,-2.495200835827564,0.00020636921537217236,0.0
2563.0,550.1143798443411,-622.3802667264953,0.0,-2.494997390443131,0.0002005201312134108,0.0
2564.0,549.3169512628609,-622.9823279194499,0.0,-2.494799794315827,0.0001946707344010637,0.0
2565.0,548.5196496462347,-623.5845369765511,0.0,-2.4946080477541055,0.0001888210322480115,0.0
2566.0,547.7224713660927,-624.1868893077525,0.0,-2.4944221510594757,0.00018297103185210034,0.0
2567.0,546.925412794066,-624.7893803230077,0.0,-2.494242104526281,0.0001771207401367761,0.0
2568.0,546.1284703017848,-625.3920054322701,0.0,-2.494067908441956,0.00017127016382301186,0.0
2569.0,545.3316402608799,-625.9947600454941,0.0,-2.4938995630874143,0.00016541930944742004,0.0
2570.0,544.5349190429819,-626.5976395726328,0.0,-2.4937370687373512,0.00015956818339660624,0.0
2571.0,543.7383030197215,-627.20063942364,0.0,-2.4935804256596916,0.00015371679186545632,0.0
2572.0,542.941788562729,-627.8037550084698,0.0,-2.4934296341167186,0.00014786514088225924,0.0
2573.0,542.1453720436353,-628.4069817370754,0.0,-2.4932846943645988,0.00014201323634645467,0.0
2574.0,541.3490498340709,-629.0103150194108,0.0,-2.4931456066536053,0.00013616108397886326,0.0
2575.0,540.5528183056665,-629.6137502654294,0.0,-2.4930123712285153,0.00013030868935083793,0.0
2576.0,539.7566738300527,-630.2172828850851,0.0,-2.4928849883285036,0.0001244560579299733,0.0
2577.0,538.9606127788599,-630.8209082883317,0.0,-2.4927634581874116,0.00011860319501736223,0.0
2578.0,538.1646315237189,-631.4246218851227,0.0,-2.492647781033927,0.00011275010579428876,0.0
2579.0,537.3687264362603,-632.0284190854119,0.0,-2.4925379570915713,0.00010689679533602637,0.0
2580.0,536.5728938881148,-632.6322952991528,0.0,-2.4924339865787264,0.00010104326856654109,0.0
2581.0,535.7771302509128,-633.2362459362995,0.0,-2.4923358697092346,9.518953033141715e-05,0.0
2582.0,534.9814318962848,-633.8402664068053,0.0,-2.492243606691766,8.933558539401887e-05,0.0
2583.0,534.185795195862,-634.4443521206241,0.0,-2.4921571977305486,8.348143837645846e-05,0.0
2584.0,533.3902165212744,-635.0484984877096,0.0,-2.492076643025435,7.762709380866793e-05,0.0
2585.0,532.5946922441528,-635.6527009180153,0.0,-2.492001942771264,7.177255615054001e-05,0.0
2586.0,531.799218736128,-636.256954821495,0.0,-2.4919330971587184,6.591782979322883e-05,0.0
2587.0,531.0037923688304,-636.8612556081026,0.0,-2.491870106374309,6.006291906828538e-05,0.0
2588.0,530.2084095138907,-637.4655986877917,0.0,-2.4918129706003307,5.420782819753889e-05,0.0
2589.0,529.4130665429394,-638.0699794705158,0.0,-2.4917616900145623,4.835256133182776e-05,0.0
2590.0,528.6177598276073,-638.6743933662286,0.0,-2.491716264790647,4.2497122610507525e-05,0.0
2591.0,527.8224857395248,-639.2788357848841,0.0,-2.4916766950983806,3.664151614140338e-05,0.0
2592.0,527.0272406503228,-639.8833021364358,0.0,-2.4916429811035528,3.078574594425223e-05,0.0
2593.0,526.2320209316316,-640.4877878308373,0.0,-2.491615122967784,2.4929815985214837e-05,0.0
2594.0,525.436822955082,-641.0922882780424,0.0,-2.4915931208486963,1.907373023736701e-05,0.0
2595.0,524.6416430923044,-641.6967988880048,0.0,-2.4915769748999637,1.3217492643618249e-05,0.0
2596.0,523.8464777149297,-642.3013150706784,0.0,-2.4915666852717098,7.361107128448347e-06,0.0
2597.0,523.0513231945883,-642.9058322360163,0.0,-2.4915622521097065,1.5045775915949783e-06,0.0
2598.0,522.2561759029111,-643.5103457939729,0.0,-2.491563675555998,-4.352092083445161e-06,0.0
2599.0,521.4610322115282,-644.1148511545015,0.0,-2.4915709557489247,-1.0208897985134309e-05,0.0
2600.0,520.6658884920706,-644.7193437275558,0.0,-2.4915840928226136,-1.606583621652621e-05,0.0
2601.0,519.8707411161688,-645.3238189230897,0.0,-2.4916030869075843,-2.1922902868240103e-05,0.0
2602.0,519.0755864554535,-645.9282721510566,0.0,-2.491627938130244,-2.7780093994004113e-05,0.0
2603.0,518.2804208815551,-646.5326988214106,0.0,-2.4916586466132213,-3.363740567013147e-05,0.0
2604.0,517.4852407661044,-647.137094344105,0.0,-2.4916952124752263,-3.949483391127043e-05,0.0
2605.0,516.6900424807319,-647.7414541290935,0.0,-2.4917376358306336,-4.5352374681918916e-05,0.0
2606.0,515.8948223970685,-648.3457735863302,0.0,-2.4917859167902052,-5.121002393953284e-05,0.0
2607.0,515.0995768867443,-648.9500481257686,0.0,-2.491840055460715,-5.706777757784133e-05,0.0
2608.0,514.3043023213903,-649.5542731573621,0.0,-2.4919000519442407,-6.292563145374582e-05,0.0
2609.0,513.508995072637,-650.1584440910648,0.0,-2.4919659063391344,-6.878358135372789e-05,0.0
2610.0,512.7136515121151,-650.7625563368301,0.0,-2.4920376187394844,-7.464162296898027e-05,0.0
2611.0,511.91826801145504,-651.3666053046121,0.0,-2.492115189235053,-8.049975196395514e-05,0.0
2612.0,511.12284094228755,-651.970586404364,0.0,-2.4921986179111593,-8.635796392218532e-05,0.0
2613.0,510.3273666762431,-652.5744950460398,0.0,-2.4922879048486317,-9.221625431402432e-05,0.0
2614.0,509.53184158495253,-653.178326639593,0.0,-2.492383050123854,-9.807461854790693e-05,0.0
2615.0,508.73626204004614,-653.7820765949776,0.0,-2.492484053808597,-0.00010393305193196715,0.0
2616.0,507.94062441315486,-654.3857403221468,0.0,-2.492590915969689,-0.00010979154966220656,0.0
2617.0,507.1449250759091,-654.989313231055,0.0,-2.4927036366693263,-0.00011565010683036089,0.0
2618.0,506.3491603999396,-655.5927907316553,0.0,-2.492822215964882,-0.00012150871842361456,0.0
2619.0,505.5533267568769,-656.1961682339016,0.0,-2.492946653908378,-0.00012736737932050876,0.0
2620.0,504.7574205183516,-656.7994411477475,0.0,-2.493076950546684,-0.00013322608425297183,0.0
2621.0,503.9614380559943,-657.402604883147,0.0,-2.493213105921427,-0.00013908482781044285,0.0
2622.0,503.1653757414357,-658.0056548500535,0.0,-2.4933551200689545,-0.00014494360447000633,0.0
2623.0,502.3692299463063,-658.6085864584207,0.0,-2.4935029930198183,-0.00015080240856489368,0.0
2624.0,501.57299704223675,-659.2113951182024,0.0,-2.4936567247987385,-0.0001566612342690034,0.0
2625.0,500.7766734008577,-659.8140762393524,0.0,-2.493816315424816,-0.00016252007560349898,0.0
2626.0,499.9802553937997,-660.4166252318241,0.0,-2.493981764911024,-0.00016837892642361318,0.0
2627.0,499.18373939269344,-661.0190375055714,0.0,-2.4941530732639463,-0.0001742377804236282,0.0
2628.0,498.3871217691694,-661.621308470548,0.0,-2.4943302404839307,-0.00018009663112666146,0.0
2629.0,497.5903988948584,-662.2234335367076,0.0,-2.4945132665649,-0.00018595547186668021,0.0
2630.0,496.79356714139084,-662.8254081140037,0.0,-2.4947021514938035,-0.0001918142958013799,0.0
2631.0,495.9966228803974,-663.4272276123903,0.0,-2.494896895250684,-0.0001976730958907729,0.0
2632.0,495.19956248350877,-664.0288874418209,0.0,-2.4950974978086435,-0.00020353186489414324,0.0
2633.0,494.40238232235544,-664.6303830122492,0.0,-2.49530395913333,-0.00020939059537965804,0.0
2634.0,493.6050787685681,-665.2317097336289,0.0,-2.49551627918286,-0.0002152492797030828,0.0
2635.0,492.8076481937773,-665.8328630159137,0.0,-2.495734457907488,-0.00022110790999487127,0.0
2636.0,492.0100869696138,-666.4338382690576,0.0,-2.4959584952498606,-0.00022696647815483625,0.0
2637.0,491.21239146770796,-667.0346309030137,0.0,-2.496188391144158,-0.00023282497588564662,0.0
2638.0,490.4145580596906,-667.6352363277363,0.0,-2.4964241455161726,-0.0002386833946518761,0.0
2639.0,489.61658311719225,-668.2356499531785,0.0,-2.496665758283083,-0.00024454172564066943,0.0
2640.0,488.8184630118435,-668.8358671892945,0.0,-2.496913229353058,-0.0002503999598252474,0.0
2641.0,488.020194115275,-669.4358834460379,0.0,-2.4971665586255307,-0.00025625808793448634,0.0
2642.0,487.22177279911733,-670.035694133362,0.0,-2.4974257459899434,-0.0002621161004144731,0.0
2643.0,486.4231954350012,-670.635294661221,0.0,-2.4976907913263746,-0.00026797398746438084,0.0
2644.0,485.6244583945571,-671.2346804395684,0.0,-2.4979616945051974,-0.000273831739006049,0.0
2645.0,484.8255580494157,-671.8338468783578,0.0,-2.498238455386216,-0.00027968934469673503,0.0
2646.0,484.0264907712076,-672.4327893875429,0.0,-2.4985210738188424,-0.00028554679391417406,0.0
2647.0,483.2272529315634,-673.0315033770777,0.0,-2.4988095496418,-0.00029140407571109125,0.0
2648.0,482.42784090211364,-673.6299842569157,0.0,-2.4991038826828733,-0.00029726117887940434,0.0
2649.0,481.6282510544891,-674.2282274370104,0.0,-2.499404072758355,-0.00030311809192618,0.0
2650.0,480.82847976032025,-674.8262283273157,0.0,-2.4997101196727614,-0.0003089748030232288,0.0
2651.0,480.0285233912378,-675.4239823377852,0.0,-2.500022023218766,-0.0003148313000397783,0.0
2652.0,479.2283783188723,-676.0214848783728,0.0,-2.500339783176959,-0.0003206875705268976,0.0
2653.0,478.4280409148543,-676.6187313590319,0.0,-2.5006633993150658,-0.00032654360171017034,0.0
2654.0,477.6275075508146,-677.2157171897164,0.0,-2.500992871387902,-0.00033239938050736286,0.0
2655.0,476.82677459838357,-677.8124377803802,0.0,-2.5013281991373284,-0.0003382548934795742,0.0
2656.0,476.025838429192,-678.4088885409764,0.0,-2.5016693822912766,-0.0003441101268398329,0.0
2657.0,475.22469541487044,-679.0050648814591,0.0,-2.5020164205637823,-0.00034996506648402433,0.0
2658.0,474.4233419270495,-679.6009622117821,0.0,-2.502369313654848,-0.0003558196979213271,0.0
2659.0,473.62177433735974,-680.1965759418988,0.0,-2.502728061249591,-0.00036167400631719507,0.0
2660.0,472.8199890174319,-680.791901481763,0.0,-2.5030926630181916,-0.0003675279764941815,0.0
2661.0,472.0179823388965,-681.3869342413285,0.0,-2.5034631186155525,-0.00037338159285577835,0.0
2662.0,471.2157506733841,-681.9816696305488,0.0,-2.5038394276805764,-0.00037923483946597107,0.0
2663.0,470.4132903925255,-682.5761030593779,0.0,-2.5042215898364693,-0.00038508770001355325,0.0
2664.0,469.610597867951,-683.170229937769,0.0,-2.504609604689508,-0.0003909401577670517,0.0
2665.0,468.8076694712916,-683.7640456756764,0.0,-2.505003471829103,-0.00039679219562167265,0.0
2666.0,468.0045015741776,-684.3575456830534,0.0,-2.5054031908278596,-0.0004026437960626961,0.0
2667.0,467.2010905482398,-684.9507253698538,0.0,-2.5058087612401128,-0.0004084949411799726,0.0
2668.0,466.39743276510865,-685.5435801460313,0.0,-2.50622018260237,-0.00041434561265583724,0.0
2669.0,465.5935245964149,-686.1361054215395,0.0,-2.5066374544324623,-0.0004201957917281237,0.0
2670.0,464.78936241378904,-686.7282966063324,0.0,-2.507060576229461,-0.00042604545923536583,0.0
2671.0,463.98494258886177,-687.3201491103632,0.0,-2.507489547473036,-0.0004318945955949108,0.0
2672.0,463.1802614932637,-687.9116583435859,0.0,-2.507924367622757,-0.0004377431807632995,0.0
2673.0,462.3753154986254,-688.5028197159544,0.0,-2.5083650361183993,-0.0004435911942642447,0.0
2674.0,461.57010097657746,-689.0936286374221,0.0,-2.508811552378868,-0.0004494386151899628,0.0
2675.0,460.7646142987506,-689.6840805179427,0.0,-2.5092639158019434,-0.000455285422184077,0.0
2676.0,459.95885183677524,-690.2741707674697,0.0,-2.509722125763575,-0.00046113159341145044,0.0
2677.0,459.15280996228216,-690.8638947959575,0.0,-2.5101861816180477,-0.00046697710656960566,0.0
2678.0,458.34648504690193,-691.4532480133591,0.0,-2.5106560826971087,-0.00047282193890445836,0.0
2679.0,457.5398734622652,-692.0422258296286,0.0,-2.5111318283092614,-0.00047866606719084077,0.0
2680.0,456.73297158000247,-692.6308236547193,0.0,-2.5116134177396554,-0.00048450946772365147,0.0
2681.0,455.9257757717444,-693.2190368985854,0.0,-2.5121008502495865,-0.0004903521162928914,0.0
2682.0,455.1182824091216,-693.8068609711801,0.0,-2.5125941250758874,-0.0004961939882012052,0.0
2683.0,454.31048786376476,-694.3942912824574,0.0,-2.513093241430303,-0.0005020350582684494,0.0
2684.0,453.5023885073044,-694.981323242371,0.0,-2.513598198499451,-0.0005078753008034603,0.0
2685.0,452.6939807113711,-695.5679522608744,0.0,-2.514108995443806,-0.0005137146896092887,0.0
2686.0,451.88526084759553,-696.1541737479215,0.0,-2.514625631397381,-0.0005195531979865933,0.0
2687.0,451.07622528760834,-696.7399831134659,0.0,-2.515148105467294,-0.0005253907986894227,0.0
2688.0,450.26687040304006,-697.3253757674613,0.0,-2.5156764167331964,-0.000531227463947451,0.0
2689.0,449.4571925655214,-697.9103471198615,0.0,-2.5162105642468076,-0.0005370631654936389,0.0
2690.0,448.6471881466828,-698.49489258062,0.0,-2.516750547031195,-0.0005428978745092929,0.0
2691.0,447.8368535181551,-699.0790075596905,0.0,-2.517296364080211,-0.0005487315616201954,0.0
2692.0,447.0261850515687,-699.6626874670269,0.0,-2.5178480143583104,-0.0005545641969158917,0.0
2693.0,446.2151791185543,-700.2459277125828,0.0,-2.5184054967997875,-0.0005603957499381425,0.0
2694.0,445.4038320907426,-700.8287237063117,0.0,-2.5189688103080177,-0.0005662261896722967,0.0
2695.0,444.592140339764,-701.4110708581677,0.0,-2.5195379537551554,-0.0005720554845318431,0.0
2696.0,443.78010023724926,-701.9929645781043,0.0,-2.520112925981671,-0.0005778836023577443,0.0
2697.0,442.96770815482904,-702.574400276075,0.0,-2.5206937257954656,-0.0005837105104413075,0.0
2698.0,442.15496046413375,-703.1553733620337,0.0,-2.5212803519713525,-0.0005895361754930978,0.0
2699.0,441.34185353679425,-703.735879245934,0.0,-2.5218728032506146,-0.0005953605636010993,0.0
2700.0,440.52838374444093,-704.3159133377299,0.0,-2.522471078340492,-0.0006011836402858136,0.0
2701.0,439.71454745870454,-704.8954710473747,0.0,-2.5230751759134917,-0.0006070053705102829,0.0
2702.0,438.9003410512156,-705.4745477848222,0.0,-2.5236850946065847,-0.0006128257186012334,0.0
2703.0,438.0857608936048,-706.0531389600261,0.0,-2.524300833020657,-0.0006186446482709621,0.0
2704.0,437.2708033575027,-706.6312399829404,0.0,-2.524922389720481,-0.0006244621226479792,0.0
2705.0,436.45546481453994,-707.2088462635184,0.0,-2.525549763233481,-0.0006302781042364369,0.0
2706.0,435.63974163634714,-707.7859532117137,0.0,-2.526182952048903,-0.0006360925549279615,0.0
2707.0,434.8236301945549,-708.3625562374805,0.0,-2.5268219546179966,-0.0006419054359865545,0.0
2708.0,434.00712686079373,-708.9386507507722,0.0,-2.5274667693530586,-0.0006477167080270859,0.0
2709.0,433.1902280066944,-709.5142321615424,0.0,-2.528117394626328,-0.0006535263310558648,0.0
2710.0,432.3729300038874,-710.089295879745,0.0,-2.5287738287699053,-0.0006593342644413294,0.0
2711.0,431.55522922400337,-710.6638373153336,0.0,-2.5294360700750445,-0.0006651404668918749,0.0
2712.0,430.737122038673,-711.2378518782618,0.0,-2.5301041167912968,-0.0006709448964794529,0.0
2713.0,429.9186048195268,-711.8113349784834,0.0,-2.5307779671258697,-0.0006767475106169865,0.0
2714.0,429.09967393819556,-712.3842820259522,0.0,-2.531457619243209,-0.0006825482660554208,0.0
2715.0,428.2803257663096,-712.9566884306219,0.0,-2.5321430712643327,-0.0006883471188888291,0.0
2716.0,427.4605566754998,-713.5285496024459,0.0,-2.5328343212657662,-0.0006941440245550164,0.0
2717.0,426.64036303739647,-714.0998609513781,0.0,-2.533531367279105,-0.000699938937815725,0.0
2718.0,425.8197412236306,-714.6706178873723,0.0,-2.5342342072906208,-0.0007057318127287841,0.0
2719.0,424.99868760583246,-715.240815820382,0.0,-2.534942839240164,-0.0007115226026893151,0.0
2720.0,424.17719855563297,-715.810450160361,0.0,-2.5356572610207726,-0.0007173112604262422,0.0
2721.0,423.35527044466244,-716.3795163172629,0.0,-2.536377470477726,-0.0007230977379634976,0.0
2722.0,422.5328996445517,-716.9480097010415,0.0,-2.5371034654080185,-0.0007288819866280476,0.0
2723.0,421.7100825269312,-717.5159257216504,0.0,-2.537835243559731,-0.0007346639570510658,0.0
2724.0,420.88681546343173,-718.0832597890435,0.0,-2.5385728026311076,-0.000740443599159273,0.0
2725.0,420.0630948256837,-718.6500073131742,0.0,-2.539316140270107,-0.0007462208621720834,0.0
2726.0,419.2389169853179,-719.2161637039965,0.0,-2.5400652540734705,-0.0007519956946097876,0.0
2727.0,418.41427831396476,-719.7817243714638,0.0,-2.540820141586181,-0.0007577680442870503,0.0
2728.0,417.5891751832551,-720.3466847255299,0.0,-2.5415808003005473,-0.0007635378582733222,0.0
2729.0,416.76360396481937,-720.9110401761486,0.0,-2.5423472276556063,-0.0007693050829122544,0.0
2730.0,415.93756103028835,-721.4747861332737,0.0,-2.54311942103668,-0.0007750696638426329,0.0
2731.0,415.11104275129236,-722.0379180068586,0.0,-2.543897377774177,-0.0007808315459733515,0.0
2732.0,414.28404549946237,-722.600431206857,0.0,-2.544681095142864,-0.0007865906734793513,0.0
2733.0,413.4565656464286,-723.1623211432228,0.0,-2.545470570361485,-0.000792346989786966,0.0
2734.0,412.62859956382204,-723.7235832259097,0.0,-2.5462658005919634,-0.0007981004375704323,0.0
2735.0,411.800143623273,-724.2842128648712,0.0,-2.547066782938392,-0.0008038509587838963,0.0
2736.0,410.97119419641234,-724.8442054700612,0.0,-2.5478735144464726,-0.0008095984946333726,0.0
2737.0,410.1417476548704,-725.4035564514332,0.0,-2.5486859921028313,-0.0008153429855522555,0.0
2738.0,409.3118003702781,-725.9622612189411,0.0,-2.549504212834012,-0.0008210843712403358,0.0
2739.0,408.4813487142657,-726.5203151825384,0.0,-2.5503281735060037,-0.0008268225906324922,0.0
2740.0,407.65038905846416,-727.0777137521789,0.0,-2.5511578709232126,-0.0008325575818832436,0.0
2741.0,406.8189177745039,-727.6344523378162,0.0,-2.5519933018279675,-0.000838289282412966,0.0
2742.0,405.9869312340156,-728.1905263494043,0.0,-2.5528344628997526,-0.0008440176288655137,0.0
2743.0,405.15442580862975,-728.7459311968964,0.0,-2.553681350753967,-0.0008497425570985762,0.0
2744.0,404.32139786997703,-729.3006622902468,0.0,-2.5545339619417025,-0.0008554640022098792,0.0
2745.0,403.48784378968816,-729.8547150394087,0.0,-2.5553922929489223,-0.0008611818985231969,0.0
2746.0,402.6537599393936,-730.4080848543359,0.0,-2.5562563401952105,-0.0008668961795856221,0.0
2747.0,401.81914269072405,-730.9607671449821,0.0,-2.557126100033386,-0.0008726067781456491,0.0
2748.0,400.9839884153101,-731.5127573213013,0.0,-2.5580015687487325,-0.0008783136261642431,0.0
2749.0,400.1482934847823,-732.0640507932469,0.0,-2.5588827425583123,-0.0008840166548450069,0.0
2750.0,399.3120542707713,-732.6146429707725,0.0,-2.559769617609606,-0.0008897157946000814,0.0
2751.0,398.4752671449077,-733.1645292638319,0.0,-2.5606621899801025,-0.0008954109750218818,0.0
2752.0,397.63792847882223,-733.713705082379,0.0,-2.5615604556768217,-0.0009011021249070478,0.0
2753.0,396.8000346441453,-734.2621658363673,0.0,-2.5624644106351413,-0.0009067891722868307,0.0
2754.0,395.9615820125077,-734.8099069357504,0.0,-2.563374050717856,-0.0009124720444024474,0.0
2755.0,395.1225669555399,-735.3569237904821,0.0,-2.5642893717145685,-0.0009181506676602273,0.0
2756.0,394.2829858448726,-735.9032118105164,0.0,-2.565210369341175,-0.0009238249676578443,0.0
2757.0,393.4428350521364,-736.4487664058066,0.0,-2.566137039238759,-0.0009294948692224786,0.0
2758.0,392.6021109489618,-736.9935829863065,0.0,-2.567069376972584,-0.0009351602963841377,0.0
2759.0,391.76080990697966,-737.5376569619697,0.0,-2.5680073780315835,-0.0009408211723261102,0.0
2760.0,390.91892829782034,-738.08098374275,0.0,-2.5689510378275893,-0.0009464774194371131,0.0
2761.0,390.07646249311455,-738.6235587386013,0.0,-2.569900351694523,-0.0009521289593121184,0.0
2762.0,389.2334088644929,-739.1653773594769,0.0,-2.5708553148872797,-0.0009577757127159359,0.0
2763.0,388.38976378358603,-739.7064350153307,0.0,-2.5718159225810293,-0.0009634175996241025,0.0
2764.0,387.5455236220245,-740.2467271161166,0.0,-2.572782169871024,-0.0009690545391817082,0.0
2765.0,386.7006847514389,-740.7862490717878,0.0,-2.5737540517706883,-0.0009746864497128486,0.0
2766.0,385.85524354345995,-741.3249962922985,0.0,-2.574731563211502,-0.0009803132487530444,0.0
2767.0,385.00919636971815,-741.8629641876021,0.0,-2.575714699042408,-0.0009859348529878923,0.0
2768.0,384.1625396018442,-742.4001481676523,0.0,-2.576703454028248,-0.000991551178308038,0.0
2769.0,383.3152696114686,-742.936543642403,0.0,-2.5776978228495344,-0.0009971621398078754,0.0
2770.0,382.467382770222,-743.4721460218076,0.0,-2.578697800101317,-0.0010027676517178857,0.0
2771.0,381.6188754497351,-744.00695071582,0.0,-2.5797033802925666,-0.0010083676274746775,0.0
2772.0,380.7697440216384,-744.540953134394,0.0,-2.5807145578454582,-0.0010139619796994798,0.0
2773.0,379.9199848575626,-745.074148687483,0.0,-2.5817313270940425,-0.0010195506201830754,0.0
2774.0,379.0695943291382,-745.6065327850409,0.0,-2.582753682283918,-0.0010251334599247208,0.0
2775.0,378.218568807996,-746.1381008370213,0.0,-2.5837816175713835,-0.0010307104090824407,0.0
2776.0,377.36690466576636,-746.6688482533779,0.0,-2.5848151270221917,-0.0010362813769977702,0.0
2777.0,376.51459827408013,-747.1987704440644,0.0,-2.585854204611223,-0.001041846272211203,0.0
2778.0,375.6616460045677,-747.7278628190347,0.0,-2.586898844221607,-0.0010474050024255846,0.0
2779.0,374.80804422885984,-748.2561207882422,0.0,-2.587949039643572,-0.0010529574745455112,0.0
2780.0,373.95378931858704,-748.7835397616409,0.0,-2.5890047845738975,-0.0010585035946648294,0.0
2781.0,373.0988776453801,-749.3101151491841,0.0,-2.59006607261502,-0.0010640432680418968,0.0
2782.0,372.2433055808694,-749.8358423608258,0.0,-2.59113289727424,-0.0010695763991272398,0.0
2783.0,371.38706949668574,-750.3607168065196,0.0,-2.5922052519629726,-0.0010751028915709463,0.0
2784.0,370.53016576445964,-750.8847338962191,0.0,-2.5932831299957497,-0.0010806226482162893,0.0
2785.0,369.6725907558217,-751.4078890398782,0.0,-2.5943665245896668,-0.0010861355710877366,0.0
2786.0,368.81434084240254,-751.9301776474505,0.0,-2.5954554288632936,-0.001091641561395613,0.0
2787.0,367.95541239583287,-752.4515951288897,0.0,-2.596549835836169,-0.0010971405195698836,0.0
2788.0,367.09580178774314,-752.9721368941495,0.0,-2.5976497384277764,-0.0011026323452168869,0.0
2789.0,366.23550538976406,-753.4917983531835,0.0,-2.5987551294567117,-0.0011081169371261865,0.0
2790.0,365.3745195735262,-754.0105749159455,0.0,-2.5998660016400392,-0.0011135941933326152,0.0
2791.0,364.51284071066027,-754.5284619923893,0.0,-2.6009823475926614,-0.0011190640110439543,0.0
2792.0,363.6504651727966,-755.0454549924682,0.0,-2.6021041598257915,-0.001124526286659996,0.0
2793.0,362.78738933156626,-755.5615493261364,0.0,-2.6032314307469355,-0.0011299809158243118,0.0
2794.0,361.92360955859937,-756.0767404033473,0.0,-2.604364152659184,-0.0011354277933717236,0.0
2795.0,361.05912222552695,-756.5910236340545,0.0,-2.605502317759377,-0.001140866813351206,0.0
2796.0,360.1939237039793,-757.104394428212,0.0,-2.606645918138351,-0.001146297869046504,0.0
2797.0,359.3280103655872,-757.6168481957734,0.0,-2.6077949457799403,-0.001151720852922081,0.0
2798.0,358.4613785819812,-758.1283803466923,0.0,-2.6089493925599645,-0.001157135656688814,0.0
2799.0,357.59402472479195,-758.6389862909224,0.0,-2.6101092502454053,-0.001162542171314237,0.0
2800.0,356.7259451656501,-759.1486614384174,0.0,-2.6112745104939727,-0.0011679402869519645,0.0
2801.0,355.8571362761861,-759.6574011991311,0.0,-2.612445164853056,-0.0011733298929952024,0.0
2802.0,354.9875944280308,-760.1652009830171,0.0,-2.6136212047591485,-0.0011787108780974315,0.0
2803.0,354.11731599281455,-760.6720562000291,0.0,-2.614802621536979,-0.001184083130143795,0.0
2804.0,353.24629734216813,-761.1779622601209,0.0,-2.61598940639864,-0.0011894465362635007,0.0
2805.0,352.3745348477222,-761.6829145732461,0.0,-2.6171815504431977,-0.0011948009828412407,0.0
2806.0,351.50202488110716,-762.1869085493583,0.0,-2.618379044655536,-0.0012001463555227749,0.0
2807.0,350.62876381395375,-762.6899395984115,0.0,-2.619581879905855,-0.0012054825392103627,0.0
2808.0,349.7547480178926,-763.192003130359,0.0,-2.6207900469488625,-0.0012108094180510887,0.0
2809.0,348.87997386455436,-763.6930945551549,0.0,-2.622003536423119,-0.001216126875488507,0.0
2810.0,348.00443772556946,-764.1932092827526,0.0,-2.623222338850327,-0.0012214347942575302,0.0
2811.0,347.12813597256866,-764.6923427231058,0.0,-2.624446444634237,-0.0012267330563388817,0.0
2812.0,346.2510649771825,-765.1904902861683,0.0,-2.625675844060316,-0.001232021543008832,0.0
2813.0,345.37322111104174,-765.6876473818938,0.0,-2.626910527295257,-0.001237300134849287,0.0
2814.0,344.4946007457768,-766.183809420236,0.0,-2.6281504843857397,-0.001242568711732815,0.0
2815.0,343.6152002530183,-766.6789718111485,0.0,-2.629395705257722,-0.0012478271528544621,0.0
2816.0,342.735016004397,-767.1731299645852,0.0,-2.630646179716383,-0.0012530753367050132,0.0
2817.0,341.8540443715434,-767.6662792904996,0.0,-2.631901897444953,-0.0012583131410775256,0.0
2818.0,340.9722817260881,-768.1584151988454,0.0,-2.6331628480038702,-0.0012635404431222367,0.0
2819.0,340.08972443966184,-768.6495330995765,0.0,-2.634429020830645,-0.0012687571193105943,0.0
2820.0,339.20636888389504,-769.1396284026464,0.0,-2.635700405238798,-0.0012739630454380788,0.0
2821.0,338.32221143041846,-769.6286965180088,0.0,-2.636976990417284,-0.0012791580966594763,0.0
2822.0,337.4372484508627,-770.1167328556174,0.0,-2.6382587654298892,-0.0012843421474733367,0.0
2823.0,336.55147631685827,-770.603732825426,0.0,-2.6395457192145644,-0.0012895150717568019,0.0
2824.0,335.66489140003586,-771.0896918373883,0.0,-2.640837840582905,-0.0012946767427513628,0.0
2825.0,334.777490072026,-771.5746053014577,0.0,-2.642135118219151,-0.0012998270330526471,0.0
2826.0,333.8892687044594,-772.0584686275884,0.0,-2.643437540679991,-0.001304965814662979,0.0
2827.0,333.00022366896667,-772.5412772257338,0.0,-2.6447450963940473,-0.0013100929589689209,0.0
2828.0,332.1103513371784,-773.0230265058474,0.0,-2.6460577736605537,-0.0013152083367680778,0.0
2829.0,331.2196480807251,-773.5037118778832,0.0,-2.6473755606493565,-0.0013203118182715087,0.0
2830.0,330.32811027123756,-773.9833287517948,0.0,-2.648698445400379,-0.0013289764298530951,0.0
2831.0,329.4357342803462,-774.461872537536,0.0,-2.6500264158226554,-0.001384758132844967,0.0
2832.0,328.5425164796818,-774.9393386450604,0.0,-2.6513594596941537,-0.001585419667119733,0.0
2833.0,327.6484532408748,-775.4157224843216,0.0,-2.6526975646607895,-0.002010663438826451,0.0
2834.0,326.7535409355561,-775.8910194652734,0.0,-2.654090742431192,-0.002683368054779026,0.0
2835.0,325.857750931802,-776.3651234944399,0.0,-2.6560987414832384,-0.0036054349241565475,0.0
2836.0,324.9607999091836,-776.8368945550521,0.0,-2.659530468166348,-0.00477896950398298,0.0
2837.0,324.0622558449391,-777.3045889642863,0.0,-2.6646928260269576,-0.006202880836554434,0.0
2838.0,323.16168485358185,-777.7664554774757,0.0,-2.671599187962983,-0.00783635274262392,0.0
2839.0,322.2586530496254,-778.2207428499536,0.0,-2.6802627764920177,-0.009584472713302697,0.0
2840.0,321.3527265475833,-778.6656998370539,0.0,-2.690699820918687,-0.011370320700113614,0.0
2841.0,320.44347146196895,-779.0995751941098,0.0,-2.7029288178850566,-0.013173520760291465,0.0
2842.0,319.53045390729596,-779.5206176764547,0.0,-2.716969604426109,-0.014994147575182056,0.0
2843.0,318.61323999807774,-779.927076039422,0.0,-2.7328422232097154,-0.01683126321317431,0.0
2844.0,317.69139584882777,-780.3171990383452,0.0,-2.750565560785181,-0.01868242954163057,0.0
2845.0,316.7644875740596,-780.6892354285578,0.0,-2.7701557438488402,-0.02054348476367388,0.0
2846.0,315.8320812882867,-781.0414339653931,0.0,-2.7916242866587093,-0.022407667243253507,0.0
2847.0,314.8937431060226,-781.3720434041848,0.0,-2.814975995736436,-0.024227923589550865,0.0
2848.0,313.9490391417807,-781.679312500266,0.0,-2.840206656650136,-0.025862887470980752,0.0
2849.0,312.99753551007467,-781.9614900089703,0.0,-2.867300552352464,-0.027150854753012536,0.0
2850.0,312.0387983254178,-782.2168246856311,0.0,-2.8962186166889095,-0.028024079348477424,0.0
2851.0,311.0724014264252,-782.4435823291179,0.0,-2.926380097559699,-0.028479267229433423,0.0
2852.0,310.0983591210951,-782.6410006514495,0.0,-2.9564216316680527,-0.02852016610829661,0.0
2853.0,309.11735555122027,-782.8097953794571,0.0,-2.9854703653816723,-0.028153666422406715,0.0
2854.0,308.1301309976322,-782.9508061129852,0.0,-3.013467027892157,-0.02742754316385636,0.0
2855.0,307.1374257411621,-783.0648724518782,0.0,-3.040425365706483,-0.026484572870524713,0.0
2856.0,306.13998006264137,-783.1528339959802,0.0,-3.0663641688122696,-0.025488702356453043,0.0
2857.0,305.13853424290147,-783.2155303451362,0.0,-3.091306330142798,-0.02451094482940303,0.0
2858.0,304.1338285627737,-783.2538010991904,0.0,-3.1152779883997996,-0.02355912326340413,0.0
2859.0,303.12660330308944,-783.2684858579869,0.0,-3.138307761015298,-0.022635557427384496,0.0
2860.0,302.11759874468,-783.2604242213706,0.0,-3.1604260690247696,-0.021741931306285336,0.0
2861.0,301.1075551683768,-783.2304557891857,0.0,-3.181664551860702,-0.02087946277133969,0.0
2862.0,300.09721285501126,-783.1794201612767,0.0,-3.2020555674255955,-0.020059596472791714,0.0
2863.0,299.08731208541457,-783.1081569374878,0.0,-3.22163177107654,-0.019324141737625183,0.0
2864.0,298.07859314041826,-783.0175057176637,0.0,-3.2404257661665223,-0.018725670576528252,0.0
2865.0,297.0717963008535,-782.9083061016487,0.0,-3.258471031174831,-0.018286491450840367,0.0
2866.0,296.0676609075119,-782.7813951064355,0.0,-3.275949068859351,-0.018005405513140477,0.0
2867.0,295.06681015498964,-782.6372906260153,0.0,-3.2933227455074694,-0.01787873507980727,0.0
2868.0,294.069640361452,-782.4758871892511,0.0,-3.310927263449398,-0.017902673931800957,0.0
2869.0,293.07652159560087,-782.2970072020439,0.0,-3.328803736148665,-0.01806270232371143,0.0
2870.0,292.08782392613807,-782.1004730702952,0.0,-3.346959279537437,-0.01831354346531274,0.0
2871.0,291.10391742176546,-781.8861071999064,0.0,-3.365400548822927,-0.018598846425510716,0.0
2872.0,290.12517215118487,-781.6537319967788,0.0,-3.3841336835636397,-0.01889228033410901,0.0
2873.0,289.15195818309826,-781.403169866814,0.0,-3.403164249002502,-0.019190834021845626,0.0
2874.0,288.18464558620747,-781.1342432159129,0.0,-3.4224971738786967,-0.019493832405358815,0.0
2875.0,287.22360442921416,-780.8467744499774,0.0,-3.4421366850353206,-0.01980053457508481,0.0
2876.0,286.2692047808204,-780.5405859749085,0.0,-3.4620862392402683,-0.020110131508527345,0.0
2877.0,285.32181670972807,-780.2155001966078,0.0,-3.4823484527516726,-0.020421744391806884,0.0
2878.0,284.38181028463885,-779.8713395209764,0.0,-3.502925029283715,-0.020733699083931585,0.0
2879.0,283.44955557425476,-779.507926353916,0.0,-3.523816687154039,-0.021034398701770356,0.0
2880.0,282.52542264727754,-779.1250831013277,0.0,-3.5450230865314856,-0.021297889750544377,0.0
2881.0,281.60978157240913,-778.722632169113,0.0,-3.5665427578350095,-0.021502513704888124,0.0
2882.0,280.70300241835145,-778.3003959631734,0.0,-3.58836288825405,-0.021642569951201885,0.0
2883.0,279.80545323271815,-777.8582184256652,0.0,-3.610341617846324,-0.021719052555149134,0.0
2884.0,278.9174763080169,-777.3962179393213,0.0,-3.6322635306532383,-0.021733284352191035,0.0
2885.0,278.0393961804151,-776.9147020944066,0.0,-3.654045143250583,-0.021687521220041583,0.0
2886.0,277.1715370344278,-776.4139822283155,0.0,-3.6756925525039974,-0.021594083917011897,0.0
2887.0,276.31422305457,-775.8943696784424,0.0,-3.697213956953615,-0.021479797007238833,0.0
2888.0,275.46777842535664,-775.3561757821819,0.0,-3.7186178683435545,-0.021367342869188097,0.0
2889.0,274.6325273313029,-774.7997118769288,0.0,-3.739913074826087,-0.021263604756776466,0.0
2890.0,273.80879395692375,-774.2252893000768,0.0,-3.7611086061124532,-0.02116893630805364,0.0
2891.0,272.99690248673403,-773.6332193890211,0.0,-3.7822137004884526,-0.021083533840791757,0.0
2892.0,272.197177105249,-773.0238134811558,0.0,-3.803237773584002,-0.021007562979259462,0.0
2893.0,271.4099419969836,-772.3973829138755,0.0,-3.824190388765449,-0.020941160172713382,0.0
2894.0,270.6355213464527,-771.7542390245746,0.0,-3.8450812290049146,-0.020884543773621145,0.0
2895.0,269.87423933817155,-771.0946931506478,0.0,-3.8659200700633396,-0.02084018748815738,0.0
2896.0,269.126420156655,-770.4190566294893,0.0,-3.8867167548159345,-0.020814915311853942,0.0
2897.0,268.3923879864181,-769.7276407984939,0.0,-3.9074811685405932,-0.02081607224834189,0.0
2898.0,267.6724670119759,-769.0207569950556,0.0,-3.9282247508910086,-0.02084746354715529,0.0
2899.0,266.9669876537487,-768.2987184184694,0.0,-3.9489893480156493,-0.020910935196873096,0.0
2900.0,266.2763984308283,-767.5618735296183,0.0,-3.969847628699757,-0.02100822215616306,0.0
2901.0,265.60125339941095,-766.8106023003747,0.0,-3.990849000547393,-0.021140906361918278,0.0
2902.0,264.94211032932066,-766.0452858114159,0.0,-4.012016788181035,-0.021308242989667093,0.0
2903.0,264.2995269903814,-765.2663051434192,0.0,-4.033373129454462,-0.02150506352731707,0.0
2904.0,263.6740611524172,-764.4740413770625,0.0,-4.054939904088348,-0.021725601246414174,0.0
2905.0,263.06627058525197,-763.6688755930227,0.0,-4.0767387044101095,-0.021967546219997174,0.0
2906.0,262.47671305870983,-762.8511888719775,0.0,-4.098790796351888,-0.022230457041822898,0.0
2907.0,261.9059463426147,-762.0213622946043,0.0,-4.121117069745957,-0.022513902665122654,0.0
2908.0,261.35452820679046,-761.1797769415806,0.0,-4.143737976950991,-0.022817382529727252,0.0
2909.0,260.8230164210613,-760.3268138935837,0.0,-4.166673458857398,-0.02314031361434456,0.0
2910.0,260.31196875525114,-759.4628542312911,0.0,-4.18994285736362,-0.023481985221372792,0.0
2911.0,259.8219429791839,-758.5882790353803,0.0,-4.213564813490907,-0.023826742718437478,0.0
2912.0,259.35349686268364,-757.7034693865286,0.0,-4.237557150423732,-0.02410470428798929,0.0
2913.0,258.90718817557433,-756.8088063654135,0.0,-4.261936740939089,-0.024213486526790767,0.0
2914.0,258.48357468767995,-755.9046710527125,0.0,-4.286718918257975,-0.02409582543086687,0.0
2915.0,258.0832132135766,-754.9914445516499,0.0,-4.311710526497098,-0.023739464417782852,0.0
2916.0,257.70621656150706,-754.069518445477,0.0,-4.336166769343141,-0.023139478974374086,0.0
2917.0,257.3515486974905,-753.1393114339435,0.0,-4.359438358252948,-0.02229207169445298,0.0
2918.0,257.01799023714335,-752.201246544479,0.0,-4.381410868633716,-0.021209250401597424,0.0
2919.0,256.70432179608196,-751.2557468045128,0.0,-4.402063597129883,-0.019957978975729467,0.0
2920.0,256.4093239899229,-750.3032352414742,0.0,-4.421382999874175,-0.018638328602803785,0.0
2921.0,256.1317774342826,-749.3441348827927,0.0,-4.439361663045231,-0.017305745426560697,0.0
2922.0,255.87046274477743,-748.3788687558975,0.0,-4.455997287332206,-0.015971064559436674,0.0
2923.0,255.62416053702395,-747.4078598882182,0.0,-4.471291714168245,-0.014638101725685042,0.0
2924.0,255.3916514266385,-746.4315313071841,0.0,-4.4852500138670965,-0.013309820518495448,0.0
2925.0,255.17171602923767,-745.4503060402245,0.0,-4.497879648991417,-0.012005139975486896,0.0
2926.0,254.96313496043783,-744.4646071147689,0.0,-4.5091897206042955,-0.01083341919013828,0.0
2927.0,254.76468883585542,-743.4748575582465,0.0,-4.5191903005593534,-0.009982002049161536,0.0
2928.0,254.57515827110691,-742.4814803980869,0.0,-4.527891849618989,-0.009568120871975212,0.0
2929.0,254.39332388180878,-741.4848986617194,0.0,-4.535539060415265,-0.009614735482154173,0.0
2930.0,254.21845262460576,-740.4855557922642,0.0,-4.5434178097471225,-0.010124930705436644,0.0
2931.0,254.05197244686386,-739.4839859472091,0.0,-4.552871946976481,-0.011102496244133698,0.0
2932.0,253.8959112943936,-738.4807484708592,0.0,-4.564211408089686,-0.012535068846823537,0.0
2933.0,253.75229713623918,-737.476402708495,0.0,-4.577464258256185,-0.014319549291134642,0.0
2934.0,253.62315794144467,-736.471508005397,0.0,-4.592664792783577,-0.01627439962832211,0.0
2935.0,253.51052167905425,-735.466623706846,0.0,-4.609852304812637,-0.01828751111931183,0.0
2936.0,253.416416318112,-734.4623091581221,0.0,-4.629069569077146,-0.020340057958457423,0.0
2937.0,253.34286982766207,-733.4591237045063,0.0,-4.650360991161127,-0.02243170921007939,0.0
2938.0,253.2919101767486,-732.457626691279,0.0,-4.673770360358986,-0.024559576054680333,0.0
2939.0,253.2655653344157,-731.4583774637204,0.0,-4.699338150377546,-0.026717310539395567,0.0
2940.0,253.26586326970747,-730.4619353671114,0.0,-4.727098327386729,-0.028843766436205717,0.0
2941.0,253.29483195166816,-729.4688597467324,0.0,-4.757074652594144,-0.030727980731117436,0.0
2942.0,253.35449934934175,-728.4797099478639,0.0,-4.7892765097675944,-0.03210222684007492,0.0
2943.0,253.44689343177245,-727.4950453157865,0.0,-4.823687711673727,-0.032836859862145955,0.0
2944.0,253.57402924124054,-726.515422743989,0.0,-4.859555578671426,-0.03291304701756546,0.0
2945.0,253.7365375972269,-725.5411365833576,0.0,-4.894767503084331,-0.03232748532465994,0.0
2946.0,253.93245266542954,-724.5719886829639,0.0,-4.92777218341325,-0.03108225251827396,0.0
2947.0,254.15952268591371,-723.6077266609711,0.0,-4.9583803324210685,-0.029235703000616092,0.0
2948.0,254.41549589874452,-722.6480981355425,0.0,-4.986575305805721,-0.026997164751377586,0.0
2949.0,254.69812054398722,-721.692850724841,0.0,-5.012360651101257,-0.024633704706333793,0.0
2950.0,255.0051448617071,-720.7417320470299,0.0,-5.0357551055959,-0.022275250893225795,0.0
2951.0,255.33431709196924,-719.7944897202728,0.0,-5.056788026757878,-0.0199419780559768,0.0
2952.0,255.68338547483893,-718.8508713627323,0.0,-5.075495361517166,-0.017639846236321293,0.0
2953.0,256.0500982503813,-717.9106245925718,0.0,-5.091916190869089,-0.015371603019335503,0.0
2954.0,256.4322036586616,-716.9734970279545,0.0,-5.106089837470391,-0.013149780100000135,0.0
2955.0,256.82744993974507,-716.0392362870438,0.0,-5.118053493540074,-0.011080734779375006,0.0
2956.0,257.2335853336969,-715.1075899880022,0.0,-5.127840310675402,-0.009374631439470385,0.0
2957.0,257.64835808058217,-714.1783057489939,0.0,-5.135477888292452,-0.008179581524276384,0.0
2958.0,258.0695164204663,-713.2511311881814,0.0,-5.141162165461328,-0.007526564341306369,0.0
2959.0,258.4951403408701,-712.3259458327202,0.0,-5.146251509724966,-0.00741314563843184,0.0
2960.0,258.9255268939504,-711.4035107561243,0.0,-5.152404882813874,-0.007837896856671784,0.0
2961.0,259.3618818662384,-710.4849483616883,0.0,-5.160115286865475,-0.008788090111749254,0.0
2962.0,259.80541379522776,-709.5713821465414,0.0,-5.1693999449232795,-0.010156153780369792,0.0
2963.0,260.2573312184125,-708.6639356078123,0.0,-5.180277898230242,-0.011730084132430374,0.0
2964.0,260.7188426732865,-707.7637322426298,0.0,-5.192770856731016,-0.01335958984952157,0.0
2965.0,261.1911566973435,-706.871895548123,0.0,-5.206902458587253,-0.015011348547539669,0.0
2966.0,261.6754818280775,-705.9895490214209,0.0,-5.222697369524218,-0.016685363912293406,0.0
2967.0,262.17302660298236,-705.1178161596525,0.0,-5.2401802008686476,-0.01838052897116896,0.0
2968.0,262.68499955955195,-704.2578204599465,0.0,-5.259374226704003,-0.020094326403279288,0.0
2969.0,263.21260923528007,-703.4106854194318,0.0,-5.280299884750306,-0.021822628533107506,0.0
2970.0,263.7570641676607,-702.5775345352375,0.0,-5.302973053175323,-0.02355795392161721,0.0
2971.0,264.3195728941876,-701.7594913044926,0.0,-5.327403107382301,-0.025236252270259895,0.0
2972.0,264.90134395235475,-700.957679224326,0.0,-5.3535907775818785,-0.026675553012925107,0.0
2973.0,265.50358587965604,-700.1732217918662,0.0,-5.381525849993097,-0.027680329635686323,0.0
2974.0,266.12750721358526,-699.4072425042428,0.0,-5.411163075302409,-0.028172046115852428,0.0
2975.0,266.77428376980276,-698.6608371499354,0.0,-5.4416988840538805,-0.028144429276074155,0.0
2976.0,267.4439712373006,-697.9341530009983,0.0,-5.471432969581381,-0.02759833082492711,0.0
2977.0,268.1352524805719,-697.2261748300797,0.0,-5.499364583243858,-0.026539253604663707,0.0
2978.0,268.84672644617194,-696.5358163486297,0.0,-5.525420222935701,-0.025030378698036145,0.0
2979.0,269.57699208065605,-695.8619912680991,0.0,-5.549595671893517,-0.023253793473954128,0.0
2980.0,270.32464833057975,-695.2036132999384,0.0,-5.571897587230438,-0.021406073506781174,0.0
2981.0,271.0882941424984,-694.559596155598,0.0,-5.59234088853036,-0.019567752603036545,0.0
2982.0,271.8665284629674,-693.9288535465286,0.0,-5.610946372598436,-0.01774813367836162,0.0
2983.0,272.65795023854207,-693.3102991841804,0.0,-5.627738589672183,-0.015950569214468198,0.0
2984.0,273.4611584157779,-692.7028467800044,0.0,-5.642743992247992,-0.014176675569999402,0.0
2985.0,274.27475194123025,-692.1054100454506,0.0,-5.655989350374078,-0.01242657190244767,0.0
2986.0,275.09732976145455,-691.5169026919699,0.0,-5.667500415952202,-0.01070272347273533,0.0
2987.0,275.9274908230061,-690.9362384310128,0.0,-5.677300812174308,-0.009044140697704999,0.0
2988.0,276.7638340724404,-690.3623309740298,0.0,-5.6854111215664815,-0.0075379818938566346,0.0
2989.0,277.6049584563127,-689.7940940324712,0.0,-5.691848146196581,-0.0062521470045127404,0.0
2990.0,278.44946292117857,-689.2304413177876,0.0,-5.696674944692332,-0.005202127738999655,0.0
2991.0,279.296033704283,-688.670351957825,0.0,-5.700425606995712,-0.004384930881799016,0.0
2992.0,280.14417841446516,-688.1134206233817,0.0,-5.70383948214035,-0.0037978602322709266,0.0
2993.0,280.9938552018421,-687.5595796247727,0.0,-5.707180342249108,-0.003435187005938113,0.0
2994.0,281.84502684837105,-687.0087647434547,0.0,-5.710450674223397,-0.0032542346447308463,0.0
2995.0,282.69765613600924,-686.4609117608838,0.0,-5.713650291862579,-0.0031640214308957327,0.0
2996.0,283.55170584671396,-685.9159564585166,0.0,-5.716779019152277,-0.0030928752985674352,0.0
2997.0,284.40713876244223,-685.3738346178094,0.0,-5.71983668981977,-0.003021758366814429,0.0
2998.0,285.26391766515144,-684.8344820202184,0.0,-5.722823146894506,-0.0029504880363687537,0.0
2999.0,286.1220053367988,-684.2978344471999,0.0,-5.725738242274097,-0.0028790729730950705,0.0
3000.0,286.9813645593415,-683.7638276802105,0.0,-5.728581836295306,-0.0028075214185570014,0.0
3001.0,287.84195811473666,-683.2323975007063,0.0,-5.731353797312601,-0.002735841196493029,0.0
3002.0,288.70374878494175,-682.7034796901438,0.0,-5.734054001282537,-0.00266403971973052,0.0
3003.0,289.5666993519137,-682.1770100299792,0.0,-5.73668233135565,-0.002592123997548474,0.0
3004.0,290.43077259761,-681.652924301669,0.0,-5.739238677476195,-0.002520100643337551,0.0
3005.0,291.29593130398763,-681.1311582866696,0.0,-5.741722935988983,-0.002447975882686177,0.0
3006.0,292.162138253004,-680.6116477664369,0.0,-5.744135009255847,-0.0023757555617684367,0.0
3007.0,293.02935622661624,-680.0943285224279,0.0,-5.7464748052792345,-0.0023034451559724722,0.0
3008.0,293.89754800678156,-679.5791363360985,0.0,-5.7487422373353985,-0.002231049778931864,0.0
3009.0,294.7666763754572,-679.066006988905,0.0,-5.750937223617346,-0.0021585741917007663,0.0
3010.0,295.63670411460043,-678.5548762623041,0.0,-5.7530596868855985,-0.0020860228122083135,0.0
3011.0,296.5075940061684,-678.0456799377519,0.0,-5.755109554129861,-0.002013399725007581,0.0
3012.0,297.37930883211834,-677.5383537967048,0.0,-5.757086756240364,-0.0019407086910482793,0.0
3013.0,298.25181137440757,-677.0328336206192,0.0,-5.758991227688277,-0.0018679531577766109,0.0
3014.0,299.1250644149932,-676.5290551909511,0.0,-5.7608229062177205,-0.0017951362694074318,0.0
3015.0,299.99903073583243,-676.0269542891573,0.0,-5.7625817325470186,-0.0017222608772348635,0.0
3016.0,300.8736731188826,-675.526466696694,0.0,-5.764267650080402,-0.001649329550212274,0.0
3017.0,301.74895434610085,-675.0275281950175,0.0,-5.765880604631415,-0.001576344585567594,0.0
3018.0,302.62483719944436,-674.5300745655843,0.0,-5.7674205441557485,-0.0015033080195373369,0.0
3019.0,303.5012844608705,-674.0340415898504,0.0,-5.768887418495765,-0.001430221638301088,0.0
3020.0,304.3782589123364,-673.5393650492724,0.0,-5.770281179135848,-0.0013570869888991205,0.0
3021.0,305.2557233357992,-673.0459807253067,0.0,-5.771601778968096,-0.0012839053902887595,0.0
3022.0,306.1336405132162,-672.5538243994093,0.0,-5.772849172070166,-0.0012106779444860066,0.0
3023.0,307.0119732265447,-672.062831853037,0.0,-5.77402331349347,-0.001137405547738319,0.0
3024.0,307.89068425774184,-671.5729388676458,0.0,-5.775124159062935,-0.001064088901830803,0.0
3025.0,308.76973638876484,-671.0840812246922,0.0,-5.776151665188271,-0.000990728525411187,0.0
3026.0,309.6490924015709,-670.5961947056327,0.0,-5.777105788686046,-0.0009173247653626909,0.0
3027.0,310.5287150781173,-670.1092150919233,0.0,-5.777986486613903,-0.0008438778082412286,0.0
3028.0,311.4085672003612,-669.6230781650205,0.0,-5.778793716115672,-0.0007703876917848034,0.0
3029.0,312.2886115502599,-669.1377197063805,0.0,-5.7795274342783465,-0.0006968543164902157,0.0
3030.0,313.1688109097705,-668.65307549746,0.0,-5.780187598000367,-0.0006232774571488519,0.0
3031.0,314.0491280608503,-668.1690813197152,0.0,-5.780774163871415,-0.0005496567745038356,0.0
3032.0,314.9295257854566,-667.6856729546023,0.0,-5.781287088064778,-0.0004759918269454972,0.0
3033.0,315.8099668655464,-667.2027861835777,0.0,-5.781726326240402,-0.0004022820822116658,0.0
3034.0,316.69041408307714,-666.7203567880979,0.0,-5.782091833459631,-0.0003285269292258189,0.0
3035.0,317.5708302200059,-666.2383205496188,0.0,-5.7823835641129975,-0.00025472568986677804,0.0
3036.0,318.4511780582901,-665.7566132495974,0.0,-5.782601471858258,-0.00018087763081986452,0.0
3037.0,319.3314203798867,-665.2751706694895,0.0,-5.782745509571419,-0.00010698197556699032,0.0
3038.0,320.21151996675303,-664.7939285907519,0.0,-5.782815629309525,-3.3037916307662324e-05,0.0
3039.0,321.0914396008464,-664.3128227948405,0.0,-5.782811782284804,4.095537402453481e-05,0.0
3040.0,321.9711420641239,-663.8317890632119,0.0,-5.7827339188518545,0.0001149987296443936,0.0
3041.0,322.8505901385428,-663.3507631773223,0.0,-5.7825819885061165,0.00018909297982240753,0.0
3042.0,323.72974660606036,-662.8696809186282,0.0,-5.78235593989482,0.00026323893667713955,0.0
3043.0,324.6085742486338,-662.3884780685859,0.0,-5.782055720840092,0.0003374373829104295,0.0
3044.0,325.4870358482202,-661.9070904086517,0.0,-5.781681278374563,0.00041168905952502854,0.0
3045.0,326.365094186777,-661.425453720282,0.0,-5.781232558788867,0.0004859946534409814,0.0
3046.0,327.24271204626126,-660.9435037849331,0.0,-5.780709507691982,0.0005603547850304226,0.0
3047.0,328.1198522086302,-660.4611763840613,0.0,-5.780112070083931,0.0006347699956223656,0.0
3048.0,328.9964774558412,-659.9784072991231,0.0,-5.77944019044069,0.0007092407349429714,0.0
3049.0,329.87255056985134,-659.4951323115747,0.0,-5.778693812812072,0.0007837673484480945,0.0
3050.0,330.74803433261775,-659.0112872028725,0.0,-5.777872880932414,0.0008583500646360344,0.0
3051.0,331.62289152609793,-658.5268077544728,0.0,-5.776977338343529,0.0009329889822536432,0.0
3052.0,332.4970849322489,-658.041629747832,0.0,-5.7760071285307,0.0010076840574064455,0.0
3053.0,333.3705773330279,-657.5556889644064,0.0,-5.7749621950718755,0.0010824350907059988,0.0
3054.0,334.24333151039224,-657.0689211856525,0.0,-5.773842481799132,0.0011572417142721645,0.0
3055.0,335.11531024629903,-656.5812621930263,0.0,-5.772647932973937,0.0012321033786437039,0.0
3056.0,335.9864763227056,-656.0926477679844,0.0,-5.771378493475135,0.0013070193397236424,0.0
3057.0,336.8567925215691,-655.6030136919833,0.0,-5.770034108999467,0.0013819886455753558,0.0
3058.0,337.72622162484674,-655.1122957464789,0.0,-5.768614726276665,0.0014570101232229047,0.0
3059.0,338.59472641449577,-654.6204297129281,0.0,-5.767120293296552,0.0015320823654497876,0.0
3060.0,339.4622696724733,-654.1273513727867,0.0,-5.7655507595498925,0.001607203717402163,0.0
3061.0,340.3288141807368,-653.6329965075113,0.0,-5.76390607628306,0.0016823722632919947,0.0
3062.0,341.1943227212433,-653.1373008985584,0.0,-5.762186196764889,0.0017575858130943595,0.0
3063.0,342.0587580759501,-652.640200327384,0.0,-5.7603910765678865,0.0018328418891212345,0.0
3064.0,342.9220830268144,-652.1416305754445,0.0,-5.758520673863085,0.001908137712699772,0.0
3065.0,343.7842603557934,-651.6415274241966,0.0,-5.756574949726959,0.00198347019077838,0.0
3066.0,344.64525284484426,-651.1398266550963,0.0,-5.754553868462937,0.002058835902578921,0.0
3067.0,345.5050232759244,-650.6364640496001,0.0,-5.75245739793581,0.002134231086381634,0.0
3068.0,346.36353443099074,-650.1313753891643,0.0,-5.750285509919346,0.002209651626238873,0.0
3069.0,347.22074909200086,-649.6244964552451,0.0,-5.748038180457706,0.002285093038788575,0.0
3070.0,348.07663004091165,-649.1157630292992,0.0,-5.745715390238964,0.0023605504602098393,0.0
3071.0,348.9311400596806,-648.6051108927826,0.0,-5.7433171249826644,0.00243601863327379,0.0
3072.0,349.7842419302648,-648.0924758271518,0.0,-5.7408433758400355,0.002511491894559522,0.0
3073.0,350.63589843462137,-647.5777936138632,0.0,-5.73829413980682,0.002586964161737474,0.0
3074.0,351.4860723547078,-647.0610000343728,0.0,-5.735669420148989,0.0026624289211020064,0.0
3075.0,352.33472647248107,-646.5420308701375,0.0,-5.732969226840334,0.0027378792153861676,0.0
3076.0,353.1818235698985,-646.0208219026133,0.0,-5.7301935770128845,0.0028133076317220507,0.0
3077.0,354.0273264289172,-645.4973089132565,0.0,-5.727342495419461,0.0028887062899318116,0.0
3078.0,354.8711978314946,-644.9714276835235,0.0,-5.72441601490674,0.00296406683108863,0.0
3079.0,355.71340055958774,-644.4431139948708,0.0,-5.721414176900554,0.003039380406417523,0.0
3080.0,356.55389739515397,-643.9123036287547,0.0,-5.718337031902193,0.00311463766670255,0.0
3081.0,357.39265112015045,-643.3789323666315,0.0,-5.715184639994571,0.003189828751988826,0.0
3082.0,358.22962451653444,-642.8429359899573,0.0,-5.711957071359511,0.003264943281735163,0.0
3083.0,359.064780366263,-642.3042502801887,0.0,-5.708654406803862,0.0033399703455650226,0.0
3084.0,359.89808145129354,-641.7628110187821,0.0,-5.705276738294648,0.0034148984944881405,0.0
3085.0,360.72949055358316,-641.2185539871938,0.0,-5.701824169503709,0.0034897157327731243,0.0
3086.0,361.55897045508925,-640.6714149668801,0.0,-5.698296816359292,0.0035644095104524964,0.0
3087.0,362.38648393776884,-640.1213297392973,0.0,-5.694694807605544,0.0036389667164310625,0.0
3088.0,363.2119937835793,-639.5682340859017,0.0,-5.6910182853683855,0.0037133736724292345,0.0
3089.0,364.0354627744777,-639.0120637881499,0.0,-5.687267405726873,0.0037876161277225397,0.0
3090.0,364.85685369242134,-638.452754627498,0.0,-5.683442339290165,0.003861679254646231,0.0
3091.0,365.6761293193674,-637.8902423854024,0.0,-5.67954327177831,0.00393554764503014,0.0
3092.0,366.4932524372733,-637.3244628433195,0.0,-5.675570404606038,0.004009205307595933,0.0
3093.0,367.30818582809604,-636.7553517827057,0.0,-5.671523955468848,0.004082635666344433,0.0
3094.0,368.1208922737929,-636.1828449850171,0.0,-5.667404158930942,0.0041558215600080595,0.0
3095.0,368.9313345563211,-635.6068782317103,0.0,-5.663211267012566,0.004228745242599212,0.0
3096.0,369.7394754576378,-635.0273873042415,0.0,-5.658945549776349,0.004301388385102887,0.0
3097.0,370.5452777597004,-634.4443079840671,0.0,-5.654607295911867,0.004373732078430059,0.0
3098.0,371.3487042444659,-633.8575760526435,0.0,-5.650196813316495,0.004445756837667554,0.0
3099.0,372.1497176938917,-633.267127291427,0.0,-5.645714429671464,0.004517442607579548,0.0
3100.0,372.948280889935,-632.6728974818737,0.0,-5.641160493011982,0.0045887687695023785,0.0
3101.0,373.7443566145529,-632.0748224054404,0.0,-5.636535372289787,0.004659714149720186,0.0
3102.0,374.53790764970273,-631.4728378435832,0.0,-5.631839457926375,0.004730257029254036,0.0
3103.0,375.3288967773417,-630.8668795777584,0.0,-5.627073162356426,0.004800375155190955,0.0
3104.0,376.11728677942693,-630.2568833894225,0.0,-5.622236920558756,0.004870045753602488,0.0
3105.0,376.9030404379158,-629.6427850600317,0.0,-5.617331190573523,0.004939245543991928,0.0
3106.0,377.6861205347654,-629.0245203710423,0.0,-5.612356454004879,0.005007950755448957,0.0
3107.0,378.466489851933,-628.4020251039109,0.0,-5.607313216505893,0.005076137144449877,0.0
3108.0,379.2441111713758,-627.7752350400935,0.0,-5.602202008245441,0.0051437800311221315,0.0
3109.0,380.0189472750511,-627.1440859610467,0.0,-5.597023384354834,0.0052165824798281945,0.0
3110.0,380.7909609449161,-626.5085136482269,0.0,-5.591777925351682,0.0053279629286911824,0.0
3111.0,381.5601149629279,-625.8684538830901,0.0,-5.586466237541202,0.005533006272755246,0.0
3112.0,382.32637211104384,-625.223842447093,0.0,-5.581088953155367,0.005864664540854151,0.0
3113.0,383.08969517079606,-624.5746151214336,0.0,-5.57556653670544,0.00632889864331933,0.0
3114.0,383.849902306198,-623.9206198104473,0.0,-5.569511652803655,0.0069265448561568145,0.0
3115.0,384.6062578827963,-623.2613679027277,0.0,-5.562541484129105,0.007658530010871166,0.0
3116.0,385.35789372352747,-622.5962902473257,0.0,-5.554578604899212,0.008520103694668015,0.0
3117.0,386.10394165132806,-621.924817693293,0.0,-5.545618123800834,0.00947880595044762,0.0
3118.0,386.84353348913464,-621.2463810896807,0.0,-5.535654411105855,0.010480466164014577,0.0
3119.0,387.5758010598837,-620.5604112855399,0.0,-5.524681359438518,0.01149294677422276,0.0
3120.0,388.2998761865117,-619.8663391299224,0.0,-5.512692678696937,0.012510940231167958,0.0
3121.0,389.0148906919554,-619.1635954718791,0.0,-5.499682227505891,0.013534035615438977,0.0
3122.0,389.71997639915116,-618.4516111604617,0.0,-5.485644383130665,0.014561431242393777,0.0
3123.0,390.41426513103556,-617.7298170447211,0.0,-5.470574451058534,0.015591897420816648,0.0
3124.0,391.0968887105452,-616.997643973709,0.0,-5.4544691144051605,0.016623740519946813,0.0
3125.0,391.7669789606166,-616.2545227964763,0.0,-5.437326921885383,0.01765170308174646,0.0
3126.0,392.42366770418624,-615.4998843620747,0.0,-5.419148811265478,0.01864639535620606,0.0
3127.0,393.06608676419063,-614.7331595195553,0.0,-5.399938662978545,0.0195533119699381,0.0
3128.0,393.6933679635664,-613.9537791179695,0.0,-5.379703875945029,0.020335550012198982,0.0
3129.0,394.3046431252501,-613.1611740063684,0.0,-5.358498891547077,0.020987090625025507,0.0
3130.0,394.89908052883885,-612.3548695020813,0.0,-5.3366704076552365,0.021511104038551575,0.0
3131.0,395.47609850409225,-611.5350388646175,0.0,-5.314626790229324,0.021911197242682357,0.0
3132.0,396.035220293094,-610.7021272074195,0.0,-5.292471545890433,0.02219452869502606,0.0
3133.0,396.57596949735085,-609.8565805752842,0.0,-5.27018491851007,0.022392425943974153,0.0
3134.0,397.09786971836934,-608.9988450130073,0.0,-5.24774709919423,0.02256142266471674,0.0
3135.0,397.60044455765615,-608.1293665653859,0.0,-5.22513867833179,0.02274059865909647,0.0
3136.0,398.0832176167178,-607.2485912772164,0.0,-5.202340687429951,0.022938360345997198,0.0
3137.0,398.545712497061,-606.3569651932952,0.0,-5.179334648556725,0.023154201137730115,0.0
3138.0,398.9874528001923,-605.454934358419,0.0,-5.156102632021802,0.023385989999487742,0.0
3139.0,399.4079621276184,-604.542944817384,0.0,-5.132627322870605,0.02361331466058271,0.0
3140.0,399.806764080846,-603.6214426149869,0.0,-5.1088920966859375,0.023790071331090217,0.0
3141.0,400.1833822613815,-602.6908737960241,0.0,-5.084881105090141,0.023877518325259302,0.0
3142.0,400.53734027073165,-601.7516844052923,0.0,-5.060600812443051,0.023863573684644007,0.0
3143.0,400.86820478487596,-600.8043279403255,0.0,-5.036292148070532,0.02374679591290223,0.0
3144.0,401.17600883415986,-599.8493385872094,0.0,-5.01232218928088,0.023526226432839588,0.0
3145.0,401.46107076073974,-598.8872998966295,0.0,-4.988829834744016,0.02320276145469911,0.0
3146.0,401.7237130092758,-597.9187961290854,0.0,-4.965810088563375,0.02279581965143278,0.0
3147.0,401.96425802442843,-596.9444115450774,0.0,-4.943254188212537,0.022350736451676335,0.0
3148.0,402.1830282508579,-595.9647304051051,0.0,-4.921151843503788,0.02190569754777215,0.0
3149.0,402.3803461332245,-594.9803369696685,0.0,-4.8994914136636165,0.021472431667204996,0.0
3150.0,402.55653411618863,-593.9918154992677,0.0,-4.878260071729907,0.02105222358296802,0.0
3151.0,402.7119146444105,-592.9997502544022,0.0,-4.857443955298036,0.020646068792130885,0.0
3152.0,402.84681016255036,-592.0047254955724,0.0,-4.83702830305805,0.020252928354072695,0.0
3153.0,402.96154311526857,-591.0073254832778,0.0,-4.816997576908471,0.019858492612341547,0.0
3154.0,403.0564359472255,-590.0081344780185,0.0,-4.797335569705888,0.01943403826150052,0.0
3155.0,403.1318111030814,-589.0077367402944,0.0,-4.778025498920604,0.0189581218336203,0.0
3156.0,403.1879910274965,-588.0067165306054,0.0,-4.759076761289783,0.018423648907834114,0.0
3157.0,403.22535439436257,-587.0056001506214,0.0,-4.74065582753096,0.01782760034134264,0.0
3158.0,403.24460008401456,-586.0045838460887,0.0,-4.722971663835977,0.01716716812445407,0.0
3159.0,403.24654016138385,-585.0037471966247,0.0,-4.706086888849425,0.016441625393427448,0.0
3160.0,403.2319868215516,-584.0031696476931,0.0,-4.690007906407418,0.015663545289093604,0.0
3161.0,403.20175225959895,-583.0029306447576,0.0,-4.674738835428144,0.014859926486205615,0.0
3162.0,403.1566486706072,-582.0031096332821,0.0,-4.660281879455991,0.014050482559388946,0.0
3163.0,403.09748824965743,-581.0037860587303,0.0,-4.646637625246411,0.013240556056895524,0.0
3164.0,403.0250831918309,-580.005039366566,0.0,-4.6338053295270205,0.012431376100958551,0.0
3165.0,402.9402456922088,-579.0069490022535,0.0,-4.621783191033037,0.01162390698097239,0.0
3166.0,402.84378794587224,-578.009594411256,0.0,-4.610568605820919,0.010818868568715865,0.0
3167.0,402.7365221479025,-577.0130550390376,0.0,-4.600158404639386,0.0100167533808667,0.0
3168.0,402.61926049338075,-576.017410331062,0.0,-4.590549071782756,0.009217844580502772,0.0
3169.0,402.4928151773881,-575.022739732793,0.0,-4.581736945367766,0.008427155572291425,0.0
3170.0,402.3579983950058,-574.0291226896945,0.0,-4.5737183993726145,0.007671648891915834,0.0
3171.0,402.215622341315,-573.0366386472305,0.0,-4.566490008068683,0.006994122385523025,0.0
3172.0,402.06649921139694,-572.0453670508642,0.0,-4.560048688364335,0.006418809581022636,0.0
3173.0,401.91144118935864,-571.0553873446618,0.0,-4.554322930477541,0.005948896262891586,0.0
3174.0,401.7511177614303,-570.0667607916868,0.0,-4.549000995495943,0.005583816984601102,0.0
3175.0,401.5856986782208,-569.0794849841595,0.0,-4.543788767528877,0.005323047899303442,0.0
3176.0,401.41524435675353,-568.0935435842105,0.0,-4.538633915487328,0.005161204783073865,0.0
3177.0,401.23981521405176,-567.1089202539713,0.0,-4.53353688157257,0.005070859285821452,0.0
3178.0,401.05947166713884,-566.1255986555727,0.0,-4.528498088084312,0.005008685286086412,0.0
3179.0,400.8742741330383,-565.1435624511458,0.0,-4.5235179377584585,0.004949888402705557,0.0
3180.0,400.6842830287733,-564.1627953028219,0.0,-4.518596814120384,0.0048907166718057705,0.0
3181.0,400.4895587713671,-563.1832808727318,0.0,-4.5137350818516,0.004831188724459232,0.0
3182.0,400.29016177784337,-562.2050028230067,0.0,-4.5089330871680104,0.004771322809455787,0.0
3183.0,400.0861524652252,-561.2279448157776,0.0,-4.5041911582103165,0.004711136782505739,0.0
3184.0,399.8775912505361,-560.2520905131755,0.0,-4.499509605444301,0.004650648096563601,0.0
3185.0,399.66453855079936,-559.2774235773317,0.0,-4.4948887220701526,0.004589873793114485,0.0
3186.0,399.4470547830383,-558.303927670377,0.0,-4.490328784440237,0.00452883049448419,0.0
3187.0,399.22520036427636,-557.3315864544426,0.0,-4.485830052483525,0.004467534397168357,0.0
3188.0,398.99903571153686,-556.3603835916597,0.0,-4.481392770136568,0.004406001266091586,0.0
3189.0,398.76862124184316,-555.390302744159,0.0,-4.477017165779439,0.004344246429800818,0.0
3190.0,398.53401737221856,-554.4213275740719,0.0,-4.472703452676109,0.004282284776548081,0.0
3191.0,398.2952845196865,-553.4534417435295,0.0,-4.468451829418151,0.004220130751229956,0.0
3192.0,398.0524831012702,-552.4866289146626,0.0,-4.46426248037102,0.004157798353141371,0.0
3193.0,397.8056735339931,-551.5208727496024,0.0,-4.460135576122158,0.004095301134536568,0.0
3194.0,397.5549162348786,-550.5561569104799,0.0,-4.456071273929931,0.004032652199963531,0.0
3195.0,397.30027162095,-549.5924650594262,0.0,-4.452069718172943,0.00396986420627478,0.0
3196.0,397.0418001092306,-548.6297808585725,0.0,-4.448131040799085,0.003906949363355291,0.0
3197.0,396.77956211674393,-547.6680879700497,0.0,-4.444255361772951,0.00384391943550317,0.0
3198.0,396.5136180605132,-546.7073700559889,0.0,-4.4404427895218195,0.0037807857434212695,0.0
3199.0,396.2440283575617,-545.7476107785212,0.0,-4.436693421379505,0.0037175591668071124,0.0
3200.0,395.97085342491295,-544.7887937997777,0.0,-4.4330073440266995,0.003654250147460062,0.0
3201.0,395.6941536795902,-543.8309027818896,0.0,-4.429384633928345,0.003590868692929762,0.0
3202.0,395.41398953861693,-542.8739213869875,0.0,-4.425825357766631,0.0035274243806686324,0.0
3203.0,395.1304214190163,-541.9178332772028,0.0,-4.4223295728700975,0.0034639263625945,0.0
3204.0,394.84350973781176,-540.9626221146666,0.0,-4.418897327637498,0.003400383370105572,0.0
3205.0,394.5533149120267,-540.0082715615099,0.0,-4.415528661956256,0.0033368037194653356,0.0
3206.0,394.2598973586844,-539.0547652798637,0.0,-4.412223607615707,0.003273195317551928,0.0
3207.0,393.9633174948082,-538.1020869318592,0.0,-4.408982188714174,0.0032095656679814893,0.0
3208.0,393.66363573742166,-537.1502201796271,0.0,-4.405804422059393,0.0031459218774728525,0.0
3209.0,393.36091250354787,-536.1991486852992,0.0,-4.402690317563069,0.0030822706625355245,0.0
3210.0,393.05520821021037,-535.2488561110058,0.0,-4.399639878627933,0.0030186183564054098,0.0
3211.0,392.74658327443234,-534.2993261188785,0.0,-4.396653102527922,0.002954970916172504,0.0
3212.0,392.43509811323736,-533.3505423710482,0.0,-4.393729980781212,0.002891333930173014,0.0
3213.0,392.12081314364855,-532.4024885296456,0.0,-4.390870499515254,0.0028277126255391266,0.0
3214.0,391.8037887826894,-531.4551482568023,0.0,-4.388074639824952,0.0027641118758806754,0.0
3215.0,391.4840854473833,-530.5085052146492,0.0,-4.3853423781222,0.002700536209163789,0.0
3216.0,391.16176355475346,-529.5625430653172,0.0,-4.3826736864778395,0.002636989815671572,0.0
3217.0,390.8368835218233,-528.6172454709375,0.0,-4.380068532955614,0.0025734765560638806,0.0
3218.0,390.5095057656162,-527.6725960936412,0.0,-4.377526881937911,0.002509999969582312,0.0
3219.0,390.1796907031556,-526.7285785955593,0.0,-4.37504869444293,0.002446563282275438,0.0
3220.0,389.8474987514647,-525.785176638823,0.0,-4.372633928434134,0.002383169415265967,0.0
3221.0,389.5129903275668,-524.8423738855631,0.0,-4.3702825391211775,0.0023198209931144043,0.0
3222.0,389.1762258484855,-523.9001539979108,0.0,-4.367994479251822,0.002256520352185249,0.0
3223.0,388.83726573124403,-522.9585006379974,0.0,-4.3657696993963615,0.0021932695490173766,0.0
3224.0,388.4961703928656,-522.0173974679536,0.0,-4.363608148223369,0.002130070368748032,0.0
3225.0,388.1530002503738,-521.0768281499107,0.0,-4.361509772766555,0.0020669243334679216,0.0
3226.0,387.80781572079184,-520.1367763459997,0.0,-4.359474518683693,0.0020038327105855736,0.0
3227.0,387.4606772211431,-519.1972257183515,0.0,-4.357502330507128,0.0019407965212376863,0.0
3228.0,387.111645168451,-518.2581599290975,0.0,-4.355593151885711,0.0018778165485849713,0.0
3229.0,386.76077997973874,-517.3195626403685,0.0,-4.353746925818737,0.0018148933460836298,0.0
3230.0,386.4081420720298,-516.3814175142957,0.0,-4.351963594881248,0.0017520272457616543,0.0
3231.0,386.05379186234757,-515.44370821301,0.0,-4.350243101441155,0.0016892183664073887,0.0
3232.0,385.6977897677153,-514.5064183986427,0.0,-4.348585387868579,0.0016264666217257356,0.0
3233.0,385.3401962051564,-513.5695317333248,0.0,-4.346990396736498,0.0015637717284437335,0.0
3234.0,384.9810715916943,-512.6330318791873,0.0,-4.34545807101366,0.0015011332143185666,0.0
3235.0,384.62047634435214,-511.6969024983612,0.0,-4.3439883542494755,0.0014385504261268548,0.0
3236.0,384.2584708801534,-510.7611272529777,0.0,-4.3425811907508125,0.0013760225375861904,0.0
3237.0,383.89511561612153,-509.8256898051678,0.0,-4.34123652575096,0.001313548557178785,0.0
3238.0,383.5304709692797,-508.8905738170627,0.0,-4.339954305570982,0.0012511273359455519,0.0
3239.0,383.16459735665137,-507.95576295079326,0.0,-4.3387344777729755,0.0011887575751926402,0.0
3240.0,382.7975551952598,-507.0212408684906,0.0,-4.337576991305895,0.001126437834120697,0.0
3241.0,382.4294049021285,-506.0869912322859,0.0,-4.33648179664376,0.0010641665374303397,0.0
3242.0,382.0602068942807,-505.15299770431017,0.0,-4.3354488459161376,0.0010019419828213622,0.0
3243.0,381.69002158873985,-504.21924394669446,0.0,-4.3344780930314535,0.0009397623484069965,0.0
3244.0,381.31890940252924,-503.28571362156987,0.0,-4.33356949379263,0.000877625700132675,0.0
3245.0,380.9469307526723,-502.3523903910673,0.0,-4.332723006005288,0.0008155299990958907,0.0
3246.0,380.5741460561922,-501.419257917318,0.0,-4.33193858957917,0.0007534731087849142,0.0
3247.0,380.2006157301124,-500.48629986245305,0.0,-4.331216206622002,0.0006914528022970831,0.0
3248.0,379.82640019145634,-499.5534998886034,0.0,-4.330555821525795,0.0006294667694713192,0.0
3249.0,379.4515598572473,-498.6208416579002,0.0,-4.32995740104676,0.0005675126239948877,0.0
3250.0,379.07615514450856,-497.6883088324745,0.0,-4.329420914377843,0.000505587910471902,0.0
3251.0,378.7002464702636,-496.75588507445735,0.0,-4.328946333214081,0.0004436901113933673,0.0
3252.0,378.3238942515357,-495.82355404597985,0.0,-4.328533631811238,0.00038181665410322703,0.0
3253.0,377.94715890534826,-494.8912994091729,0.0,-4.328182787037292,0.0003199649177378916,0.0
3254.0,377.57010084872456,-493.95910482616785,0.0,-4.327893778417273,0.00025813224010397457,0.0
3255.0,377.1927804986881,-493.0269539590956,0.0,-4.327666588171017,0.000196315924546767,0.0
3256.0,376.81525827226204,-492.0948304700872,0.0,-4.327501201244093,0.0001345132467752538,0.0
3257.0,376.43759458646986,-491.16271802127375,0.0,-4.3273976053321785,7.272146166968443e-05,0.0
3258.0,376.05984985833487,-490.23060027478635,0.0,-4.32735579089829,1.093781009827868e-05,0.0
3259.0,375.6820845048805,-489.29846089275605,0.0,-4.327375751183375,-5.084047432773226e-05,0.0
3260.0,375.30435894312996,-488.3662835373139,0.0,-4.327457482210302,-0.00011261615847489382,0.0
3261.0,374.9267335901067,-487.43405187059096,0.0,-4.327600982780888,-0.00017439200289784802,0.0
3262.0,374.54926886283414,-486.5017495547183,0.0,-4.327806254466026,-0.00023617075510763892,0.0
3263.0,374.17202517833545,-485.56936025182705,0.0,-4.328073301589672,-0.0002979551427773381,0.0
3264.0,373.79506295363416,-484.6368676240481,0.0,-4.328402131205248,-0.00035974786695249145,0.0
3265.0,373.4184426057535,-483.7042553335127,0.0,-4.32879275306579,-0.0004215515952989968,0.0
3266.0,373.0422245517169,-482.77150704235186,0.0,-4.329245179587382,-0.0004833689552532811,0.0
3267.0,372.66646920854777,-481.83860641269666,0.0,-4.329759425805178,-0.0005452025271911941,0.0
3268.0,372.2912369932693,-480.9055371066782,0.0,-4.330335509323347,-0.0006070548376085101,0.0
3269.0,371.9165883229049,-479.9722827864274,0.0,-4.330973450257753,-0.0006689283522007499,0.0
3270.0,371.542583614478,-479.03882711407545,0.0,-4.331673271171491,-0.0007308254689640644,0.0
3271.0,371.1692832850119,-478.1051537517534,0.0,-4.332434997004106,-0.0007927485112455556,0.0
3272.0,370.79674775152995,-477.17124636159224,0.0,-4.333258654993451,-0.0008546997207250177,0.0
3273.0,370.4250374310555,-476.23708860572316,0.0,-4.334144274590531,-0.000916681250409747,0.0
3274.0,370.05421274061194,-475.3026641462772,0.0,-4.3350918873675255,-0.0009786951575438962,0.0
3275.0,369.6843340972226,-474.36795664538533,0.0,-4.336101526918437,-0.0010407433964745622,0.0
3276.0,369.3154619179108,-473.4329497651787,0.0,-4.337173228752813,-0.0011028278114824095,0.0
3277.0,368.94765661969996,-472.4976271677884,0.0,-4.338307030182167,-0.0011649501295364192,0.0
3278.0,368.58097861961346,-471.5619725153454,0.0,-4.339502970199044,-0.0012271119530212283,0.0
3279.0,368.2154883346745,-470.6259694699809,0.0,-4.340761089349157,-0.0012893147523890414,0.0
3280.0,367.8512461819066,-469.68960169382575,0.0,-4.342081429595579,-0.0013515598587603428,0.0
3281.0,367.48831257833297,-468.7528528490112,0.0,-4.343464034175987,-0.0014138484564645915,0.0
3282.0,367.1267479409771,-467.81570659766834,0.0,-4.344908947452272,-0.0014761815755145616,0.0
3283.0,366.76661268686223,-466.87814660192817,0.0,-4.346416214752424,-0.0015385600840596148,0.0
3284.0,366.4079672330118,-465.9401565239217,0.0,-4.347985882205201,-0.0016009846807375334,0.0
3285.0,366.0508719964492,-465.00172002578006,0.0,-4.349617996566515,-0.0016634558869629754,0.0
3286.0,365.6953873941976,-464.0628207696343,0.0,-4.35131260503889,-0.001725974039214151,0.0
3287.0,365.3415738432805,-463.1234424176156,0.0,-4.3530697550826805,-0.0017885392812298584,0.0
3288.0,364.98949176072125,-462.1835686318547,0.0,-4.354889494219211,-0.0018511515561591932,0.0
3289.0,364.6392015635432,-461.24318307448306,0.0,-4.35677186982653,-0.0019138105986664653,0.0
3290.0,364.29076366876967,-460.3022694076315,0.0,-4.358716928927165,-0.0019765159269635414,0.0
3291.0,363.944238493424,-459.36081129343125,0.0,-4.3607247179676785,-0.0020392668348581744,0.0
3292.0,363.59968645452955,-458.4187923940132,0.0,-4.362795282590266,-0.002102062383764393,0.0
3293.0,363.2571679691097,-457.47619637150854,0.0,-4.36492866739647,-0.002164901394613862,0.0
3294.0,362.91674345418784,-456.5330068880483,0.0,-4.367124915702591,-0.0022277824397891294,0.0
3295.0,362.5784733267872,-455.5892076057636,0.0,-4.369384069287316,-0.0022907038350877657,0.0
3296.0,362.2424180039312,-454.64478218678533,0.0,-4.371706168131127,-0.00235366363160981,0.0
3297.0,361.90863790264336,-453.69971429324477,0.0,-4.374091250147162,-0.0024166596076650644,0.0
3298.0,361.57719343994677,-452.75398758727283,0.0,-4.3765393509047295,-0.0024796892607267724,0.0
3299.0,361.2481450328649,-451.80758573100076,0.0,-4.379050503344444,-0.0025427497993554095,0.0
3300.0,360.92155309842116,-450.86049238655943,0.0,-4.381624737484829,-0.0026058381351895367,0.0
3301.0,360.5974780536388,-449.9126912160799,0.0,-4.384262080121542,-0.0026689508749983782,0.0
3302.0,360.2759803155412,-448.9641658816935,0.0,-4.386962554518539,-0.0027320843097062837,0.0
3303.0,359.95712030115175,-448.014900045531,0.0,-4.38972618009088,-0.00279453744400669,0.0
3304.0,359.6409584274938,-447.0648773697236,0.0,-4.392552972080063,-0.0028522582445876005,0.0
3305.0,359.32755511159064,-446.11408151640245,0.0,-4.3954429412218055,-0.002898603963186197,0.0
3306.0,359.0169707704657,-445.1624961476984,0.0,-4.398396093363256,-0.002929647005868396,0.0
3307.0,358.7092658210605,-444.2101049257656,0.0,-4.401402671682111,-0.002944743345285415,0.0
3308.0,358.40448185919513,-443.25689678195215,0.0,-4.404415761348487,-0.0029438812539236254,0.0
3309.0,358.10258885034546,-442.3028807013629,0.0,-4.407389328776201,-0.002927050396332247,0.0
3310.0,357.80353972200754,-441.3480704390856,0.0,-4.410314463915375,-0.0028949388130921705,0.0
3311.0,357.5072874016775,-440.3924797502078,0.0,-4.413191095089563,-0.002851586687563642,0.0
3312.0,357.21378481685144,-439.4361223898171,0.0,-4.416019155767236,-0.0028036260392056023,0.0
3313.0,356.9229848950256,-438.4790121130012,0.0,-4.418798584366477,-0.0027549748722218554,0.0
3314.0,356.63484056369583,-437.5211626748477,0.0,-4.42152932406218,-0.0027062687826406545,0.0
3315.0,356.34930475035867,-436.5625878304441,0.0,-4.424211322594308,-0.0026575122458686474,0.0
3316.0,356.0663303825098,-435.6033013348782,0.0,-4.426844532079258,-0.002608709549804189,0.0
3317.0,355.7858703876457,-434.64331694323755,0.0,-4.429428908823424,-0.0025598647971747696,0.0
3318.0,355.50787769326223,-433.68264841060966,0.0,-4.431964413138483,-0.002510981908080443,0.0
3319.0,355.2323052268556,-432.72130949208236,0.0,-4.434451009160477,-0.0024620646226235334,0.0
3320.0,354.959105915922,-431.75931394274306,0.0,-4.436888664670494,-0.002413116503582811,0.0
3321.0,354.6882326879575,-430.7966755176795,0.0,-4.439277350918609,-0.002364140939265878,0.0
3322.0,354.41963847045815,-429.8334079719793,0.0,-4.441617042451005,-0.002315141146401269,0.0
3323.0,354.1532761909202,-428.86952506073004,0.0,-4.44390771693929,-0.002266120173117019,0.0
3324.0,353.88909877683966,-427.9050405390194,0.0,-4.446149355013551,-0.0022170809020296877,0.0
3325.0,353.6270591557128,-426.9399681619349,0.0,-4.448341940098079,-0.0021680260533420664,0.0
3326.0,353.3671102550355,-425.97432168456425,0.0,-4.450485458250499,-0.0021189581880380892,0.0
3327.0,353.1092050023042,-425.00811486199507,0.0,-4.45257989800411,-0.0020698797111525936,0.0
3328.0,352.85329632501464,-424.0413614493149,0.0,-4.454625250213409,-0.002020792875065196,0.0
3329.0,352.5993371506633,-423.07407520161144,0.0,-4.4566215079029945,-0.0019716997828443466,0.0
3330.0,352.34728040674605,-422.1062698739722,0.0,-4.4585686661198345,-0.0019226023916323013,0.0
3331.0,352.09707902075917,-421.137959221485,0.0,-4.460466721789143,-0.0018735025160923385,0.0
3332.0,351.84868592019865,-420.16915699923726,0.0,-4.462315673573399,-0.0018244018318612934,0.0
3333.0,351.6020540325608,-419.1998769623167,0.0,-4.464115521735,-0.0017753018790255732,0.0
3334.0,351.3571362853415,-418.2301328658109,0.0,-4.465866268002462,-0.0017262040656562988,0.0
3335.0,351.11388560603694,-417.2599384648076,0.0,-4.46756791544035,-0.0016771096713365755,0.0
3336.0,350.8722549221434,-416.28930751439424,0.0,-4.469220468322112,-0.001628019850713956,0.0
3337.0,350.63219716115685,-415.31825376965855,0.0,-4.470823932007075,-0.001578935637090138,0.0
3338.0,350.3936652505734,-414.3467909856881,0.0,-4.472378312821091,-0.0015298579459748216,0.0
3339.0,350.1566121178893,-413.3749329175705,0.0,-4.473883617940164,-0.0014807875786743932,0.0
3340.0,349.92099069060055,-412.4026933203934,0.0,-4.47533985527823,-0.0014317252259325689,0.0
3341.0,349.6867538962033,-411.4300859492445,0.0,-4.476747033378493,-0.0013826714714954794,0.0
3342.0,349.4538546621937,-410.4571245592113,0.0,-4.478105161307966,-0.001333626795719578,0.0
3343.0,349.2222459160679,-409.4838229053815,0.0,-4.479414248555937,-0.0012845915792007365,0.0
3344.0,348.99188058532184,-408.5101947428426,0.0,-4.480674304936306,-0.0012355661063439627,0.0
3345.0,348.7627115974519,-407.5362538266823,0.0,-4.481885340492797,-0.0011865505689991579,0.0
3346.0,348.534691879954,-406.56201391198834,0.0,-4.483047365408532,-0.0011375450700569698,0.0
3347.0,348.30777436032446,-405.58748875384816,0.0,-4.484160389918673,-0.0010885496270128642,0.0
3348.0,348.0819119660591,-404.61269210734946,0.0,-4.485224424226867,-0.0010395641755875293,0.0
3349.0,347.8570576246543,-403.63763772757983,0.0,-4.486239478425581,-0.0009905885732941807,0.0
3350.0,347.63316426360615,-402.66233936962686,0.0,-4.48720556241912,-0.0009416226030176668,0.0
3351.0,347.41018481041067,-401.68681078857827,0.0,-4.4881226858513035,-0.0008926659765969371,0.0
3352.0,347.18807219256405,-400.7110657395216,0.0,-4.488990858036025,-0.0008437183383332833,0.0
3353.0,346.9667793375624,-399.7351179775445,0.0,-4.489810087891422,-0.0007947792685771837,0.0
3354.0,346.7462591729017,-398.7589812577346,0.0,-4.490580383878029,-0.0007458482872904705,0.0
3355.0,346.52646462607834,-397.78266933517955,0.0,-4.491301753939867,-0.000696924857539408,0.0
3356.0,346.3073486245883,-396.80619596496683,0.0,-4.491974205449247,-0.0006480434757894266,0.0
3357.0,346.0888640959277,-395.8295749021842,0.0,-4.492597745155535,-0.0006000859501197172,0.0
3358.0,345.8709639675926,-394.85281990191925,0.0,-4.493172379136955,-0.0005555263897819097,0.0
3359.0,345.6536011670792,-393.87594471925956,0.0,-4.493698112755925,-0.0005168422779619089,0.0
3360.0,345.4367286218837,-392.8989631092929,0.0,-4.494175441832574,-0.0004849192125510525,0.0
3361.0,345.22030020549187,-391.9218885517087,0.0,-4.4946162332385535,-0.00045979195374241347,0.0
3362.0,345.00429169205495,-390.9447281504457,0.0,-4.49504327403629,-0.00044145968400969134,0.0
3363.0,344.78870083607217,-389.9674826104929,0.0,-4.495468477244291,-0.0004298866045280926,0.0
3364.0,344.5735263539697,-388.9901523568024,0.0,-4.495892342336205,-0.00042418966605550773,0.0
3365.0,344.35876696217366,-388.0127378143261,0.0,-4.496314869308678,-0.0004218935879925897,0.0
3366.0,344.14442137710984,-387.0352394080161,0.0,-4.496736058160337,-0.0004205197937768063,0.0
3367.0,343.9304883152044,-386.05765756282415,0.0,-4.497155908891555,-0.0004191816777161834,0.0
3368.0,343.71696649288333,-385.0799927037024,0.0,-4.49757442150435,-0.000417843564487327,0.0
3369.0,343.5038546265728,-384.1022452556026,0.0,-4.4979915960023895,-0.0004165054557785374,0.0
3370.0,343.2911514326986,-383.12441564347694,0.0,-4.498407432391066,-0.00041516735323763953,0.0
3371.0,343.07885562768695,-382.1465042922772,0.0,-4.498821930677456,-0.00041382925850573315,0.0
3372.0,342.86696592796375,-381.1685116269554,0.0,-4.49923509087025,-0.00041249117320165036,0.0
3373.0,342.6554810499552,-380.1904380724635,0.0,-4.4996469129796655,-0.0004111530989179585,0.0
3374.0,342.4443997100871,-379.2122840537535,0.0,-4.500057397017554,-0.00040981503722717756,0.0
3375.0,342.2337206247857,-378.2340499957773,0.0,-4.500466542997431,-0.00040847698967365933,0.0
3376.0,342.0234425104769,-377.2557363234868,0.0,-4.500874350934131,-0.0004071389577913515,0.0
3377.0,341.81356408358675,-376.2773434618341,0.0,-4.501280820844176,-0.0004058009430864778,0.0
3378.0,341.6040840605413,-375.298871835771,0.0,-4.501685952745527,-0.0004044629470340487,0.0
3379.0,341.39500115776656,-374.3203218702497,0.0,-4.50208974665761,-0.00040312497110139844,0.0
3380.0,341.18631409168853,-373.3416939902218,0.0,-4.502492202601384,-0.0004017870167250922,0.0
3381.0,340.9780215787334,-372.3629886206396,0.0,-4.502893320599046,-0.0004004490853251369,0.0
3382.0,340.7701223353269,-371.38420618645483,0.0,-4.503293100674416,-0.0003991111783045374,0.0
3383.0,340.56261507789543,-370.4053471126196,0.0,-4.503691542852566,-0.0003977732970225872,0.0
3384.0,340.3554985228647,-369.42641182408573,0.0,-4.504088647159892,-0.0003964354428361691,0.0
3385.0,340.1487713866609,-368.4474007458053,0.0,-4.504484413624363,-0.0003950976170883358,0.0
3386.0,339.94243238571005,-367.46831430273016,0.0,-4.504878842275038,-0.00039375982108401174,0.0
3387.0,339.7364802364382,-366.4891529198124,0.0,-4.505271933142272,-0.00039242205611524284,0.0
3388.0,339.5309136552712,-365.50991702200383,0.0,-4.505663686257864,-0.00039108432344419394,0.0
3389.0,339.32573135863527,-364.5306070342565,0.0,-4.5060541016548346,-0.00038974662431260195,0.0
3390.0,339.1209320629564,-363.5512233815223,0.0,-4.506443179367324,-0.00038840895996017366,0.0
3391.0,338.91651448466064,-362.5717664887533,0.0,-4.506830919430748,-0.0003870713315907715,0.0
3392.0,338.71247734017396,-361.5922367809013,0.0,-4.5072173218817255,-0.00038573374037615646,0.0
3393.0,338.5088193459224,-360.6126346829184,0.0,-4.507602386758052,-0.0003843961874841563,0.0
3394.0,338.305539218332,-359.63296061975643,0.0,-4.507986114098701,-0.00038305867406318583,0.0
3395.0,338.10263567382884,-358.65321501636754,0.0,-4.508368503943706,-0.000381721201231525,0.0
3396.0,337.90010742883885,-357.6733982977035,0.0,-4.508749556334259,-0.00038038377009254527,0.0
3397.0,337.6979531997881,-356.69351088871633,0.0,-4.509129271312678,-0.000379046381724178,0.0
3398.0,337.4961717031027,-355.71355321435794,0.0,-4.509507648922279,-0.0003777090371814522,0.0
3399.0,337.29476165520856,-354.7335256995804,0.0,-4.5098846892074365,-0.00037637173751387773,0.0
3400.0,337.09372177253175,-353.7534287693356,0.0,-4.510260392213636,-0.0003750344837378477,0.0
3401.0,336.8930507714984,-352.7732628485755,0.0,-4.510634757987255,-0.00037369727684495,0.0
3402.0,336.69274736853436,-351.793028362252,0.0,-4.511007786575693,-0.00037236011782410775,0.0
3403.0,336.4928102800657,-350.81272573531714,0.0,-4.511379478027466,-0.00037102300763436347,0.0
3404.0,336.29323822251865,-349.83235539272295,0.0,-4.5117498323918,-0.00036968594720817753,0.0
3405.0,336.09402991231894,-348.85191775942116,0.0,-4.512118849718986,-0.00036834893746881135,0.0
3406.0,335.8951840658928,-347.8714132603639,0.0,-4.512486530060267,-0.00036701197931148546,0.0
3407.0,335.6966993996662,-346.89084232050317,0.0,-4.512852873467687,-0.000365675073615433,0.0
3408.0,335.49857463006526,-345.9102053647907,0.0,-4.5132178799941185,-0.00036433822125018063,0.0
3409.0,335.3008084735158,-344.92950281817866,0.0,-4.513581549693392,-0.0003630014230476978,0.0
3410.0,335.1033996464441,-343.9487351056189,0.0,-4.5139438826201275,-0.000361664679818701,0.0
3411.0,334.9063468652759,-342.96790265206346,0.0,-4.514304878829755,-0.0003603279923755563,0.0
3412.0,334.7096488464375,-341.98700588246425,0.0,-4.5146645383785335,-0.00035899136150848875,0.0
3413.0,334.5133043063548,-341.0060452217732,0.0,-4.515022861323387,-0.0003576547879679457,0.0
3414.0,334.3173119614539,-340.0250210949423,0.0,-4.515379847722029,-0.0003563182724895292,0.0
3415.0,334.1216705281607,-339.0439339269235,0.0,-4.515735497633035,-0.00035498181580522517,0.0
3416.0,333.9263787229014,-338.0627841426689,0.0,-4.516089811115595,-0.00035364541862329237,0.0
3417.0,333.7314352621019,-337.0815721671301,0.0,-4.516442788229476,-0.0003523090816259788,0.0
3418.0,333.5368388621883,-336.1002984252593,0.0,-4.51679442903526,-0.0003509728054804967,0.0
3419.0,333.34258823958646,-335.11896334200856,0.0,-4.517144733594302,-0.00034963659082944327,0.0
3420.0,333.14868211072275,-334.13756734232965,0.0,-4.517493701968345,-0.0003483004383019025,0.0
3421.0,332.95511919202283,-333.1561108511746,0.0,-4.517841334219835,-0.00034696434851687124,0.0
3422.0,332.761898199913,-332.1745942934953,0.0,-4.518187630411956,-0.00034562832206111845,0.0
3423.0,332.56901785081914,-331.19301809424377,0.0,-4.518532590608286,-0.0003442923594992716,0.0
3424.0,332.3764768611674,-330.21138267837205,0.0,-4.5188762148730115,-0.0003429564613884724,0.0
3425.0,332.18427394738364,-329.22968847083195,0.0,-4.51921850327096,-0.0003416206282672108,0.0
3426.0,331.9924078258941,-328.2479358965754,0.0,-4.519559455867457,-0.0003402848606553884,0.0
3427.0,331.80087721312464,-327.2661253805545,0.0,-4.51989907272818,-0.00033894915905406463,0.0
3428.0,331.60968082550136,-326.2842573477212,0.0,-4.5202373539194385,-0.000337613523937273,0.0
3429.0,331.41881737945016,-325.30233222302735,0.0,-4.520574299508093,-0.000336277955760205,0.0
3430.0,331.2282855913973,-324.320350431425,0.0,-4.5209099095613245,-0.0003349424549819854,0.0
3431.0,331.03808417776867,-323.33831239786605,0.0,-4.52124418414673,-0.00033360702203096996,0.0
3432.0,330.8482118549904,-322.3562185473025,0.0,-4.521577123332364,-0.0003322716573006217,0.0
3433.0,330.6586673394883,-321.37406930468626,0.0,-4.5219087271866965,-0.0003309363611823736,0.0
3434.0,330.4694493476886,-320.3918650949693,0.0,-4.522238995778688,-0.00032960113405655633,0.0
3435.0,330.2805565960174,-319.4096063431036,0.0,-4.522567929177364,-0.00032826597628154985,0.0
3436.0,330.0919878009004,-318.4272934740411,0.0,-4.522895527452376,-0.0003269308881888351,0.0
3437.0,329.903741678764,-317.4449269127337,0.0,-4.5232217906735945,-0.0003255958700954282,0.0
3438.0,329.7158169460339,-316.46250708413356,0.0,-4.523546718911252,-0.000324260922308639,0.0
3439.0,329.52821231913646,-315.48003441319236,0.0,-4.5238703122357835,-0.0003229260451140803,0.0
3440.0,329.34092651449737,-314.4975093248622,0.0,-4.52419257071792,-0.0003215912387768733,0.0
3441.0,329.15395824854295,-313.5149322440952,0.0,-4.5245134944288,-0.0003202565035452639,0.0
3442.0,328.96730623769906,-312.532303595843,0.0,-4.524833083439573,-0.00031892183965303336,0.0
3443.0,328.7809691983918,-311.54962380505776,0.0,-4.5251513378217645,-0.00031758724732038654,0.0
3444.0,328.59494584704714,-310.5668932966914,0.0,-4.525468257647082,-0.0003162527267413269,0.0
3445.0,328.4092349000912,-309.58411249569576,0.0,-4.525783842987398,-0.00031491827810008796,0.0
3446.0,328.2238350739499,-308.601281827023,0.0,-4.52609809391478,-0.0003135839015631398,0.0
3447.0,328.03874508504936,-307.6184017156249,0.0,-4.526411010501409,-0.0003122495972718297,0.0
3448.0,327.8539636498155,-306.63547258645355,0.0,-4.52672259281969,-0.0003109153653618587,0.0
3449.0,327.66948948467456,-305.65249486446083,0.0,-4.527032840942084,-0.00030958120595014904,0.0
3450.0,327.48532130605236,-304.6694689745987,0.0,-4.527341754941137,-0.0003082471191303401,0.0
3451.0,327.30145783037506,-303.68639534181915,0.0,-4.5276493348895155,-0.00030691310498699915,0.0
3452.0,327.1178977740685,-302.70327439107416,0.0,-4.527955580860031,-0.00030557916358483643,0.0
3453.0,326.934639853559,-301.7201065473156,0.0,-4.528260492925449,-0.0003042452949662306,0.0
3454.0,326.75168278527235,-300.73689223549553,0.0,-4.528564071158565,-0.00030291149917032503,0.0
3455.0,326.56902528563467,-299.75363188056576,0.0,-4.528866315632352,-0.00030157777621830917,0.0
3456.0,326.386666071072,-298.77032590747837,0.0,-4.5291672264196094,-0.00030024412610142804,0.0
3457.0,326.2046038580104,-297.78697474118536,0.0,-4.529466803593139,-0.0002989105488026159,0.0
3458.0,326.0228373628757,-296.8035788066386,0.0,-4.529765047225898,-0.0002975770442928801,0.0
3459.0,325.8413653020942,-295.82013852879004,0.0,-4.530061957390704,-0.0002962436125234344,0.0
3460.0,325.66018639209176,-294.83665433259165,0.0,-4.530357534160196,-0.00029491025343293084,0.0
3461.0,325.4792993492945,-293.85312664299533,0.0,-4.530651777607055,-0.00029357696694086243,0.0
3462.0,325.2987028901283,-292.86955588495323,0.0,-4.530944687803962,-0.00029224375294413713,0.0
3463.0,325.11839573101946,-291.8859424834171,0.0,-4.5312362648233275,-0.000290910611335095,0.0
3464.0,324.93837658839374,-290.902286863339,0.0,-4.531526508737482,-0.0002895775419921824,0.0
3465.0,324.75864417867734,-289.91858944967095,0.0,-4.531815419618727,-0.0002882445447652973,0.0
3466.0,324.5791972182962,-288.93485066736474,0.0,-4.532102997539093,-0.0002869116194997697,0.0
3467.0,324.4000344236764,-287.9510709413724,0.0,-4.532389242570498,-0.0002855787660322382,0.0
3468.0,324.2211545112439,-286.96725069664586,0.0,-4.532674154784643,-0.00028424598415943686,0.0
3469.0,324.0425561974248,-285.98339035813717,0.0,-4.532957734253088,-0.000282913273677846,0.0
3470.0,323.86423819864507,-284.9994903507983,0.0,-4.533239981047198,-0.00028158063438032954,0.0
3471.0,323.6861992313308,-284.01555109958105,0.0,-4.533520895238063,-0.00028024806602688907,0.0
3472.0,323.5084380119081,-283.0315730294375,0.0,-4.533800476896379,-0.00027891556837251433,0.0
3473.0,323.3309532568027,-282.0475565653196,0.0,-4.534078726092932,-0.0002775831411468818,0.0
3474.0,323.15374368244096,-281.0635021321792,0.0,-4.534355642897984,-0.00027625078406260224,0.0
3475.0,322.97680800524864,-280.0794101549684,0.0,-4.534631227381533,-0.0002749184968418028,0.0
3476.0,322.80014494165204,-279.0952810586391,0.0,-4.534905479613413,-0.0002735862791763489,0.0
3477.0,322.623753208077,-278.11111526814324,0.0,-4.53517839966293,-0.00027225413073704374,0.0
3478.0,322.44763152094964,-277.1269132084328,0.0,-4.535449987599208,-0.0002709220511871406,0.0
3479.0,322.27177859669587,-276.1426753044597,0.0,-4.535720243491019,-0.0002695900401664833,0.0
3480.0,322.09619315174183,-275.1584019811759,0.0,-4.53598916740676,-0.000268258097322338,0.0
3481.0,321.9208739025135,-274.17409366353354,0.0,-4.536256759414474,-0.00026692622227488167,0.0
3482.0,321.74581956543705,-273.18975077648423,0.0,-4.536523019581663,-0.00026559441461802635,0.0
3483.0,321.5710288569382,-272.2053737449802,0.0,-4.536787947975614,-0.00026426267394860246,0.0
3484.0,321.3965004934433,-271.22096299397333,0.0,-4.537051544663242,-0.0002629309998376834,0.0
3485.0,321.2222331913782,-270.23651894841555,0.0,-4.537313809710744,-0.0002615993918496809,0.0
3486.0,321.048225667169,-269.2520420332589,0.0,-4.537574743184135,-0.0002602678495446296,0.0
3487.0,320.8744766372417,-268.2675326734552,0.0,-4.537834345148925,-0.00025893637244437225,0.0
3488.0,320.70098481802233,-267.28299129395646,0.0,-4.538092615670037,-0.00025760496006612044,0.0
3489.0,320.5277489259369,-266.29841831971476,0.0,-4.538349554811996,-0.00025627361192955987,0.0
3490.0,320.3547676774115,-265.3138141756819,0.0,-4.538605162638906,-0.0002549423275211967,0.0
3491.0,320.18203978887215,-264.3291792868099,0.0,-4.53885943921417,-0.00025361110631795725,0.0
3492.0,320.0095639767448,-263.34451407805074,0.0,-4.539112384600741,-0.00025227994779384943,0.0
3493.0,319.83733895745553,-262.3598189743563,0.0,-4.539363998861152,-0.0002509488513959823,0.0
3494.0,319.6653634474304,-261.3750944006787,0.0,-4.5396142820572045,-0.0002496178165618217,0.0
3495.0,319.4936361630954,-260.39034078196966,0.0,-4.539863234250209,-0.0002482868427236947,0.0
3496.0,319.32215582087656,-259.4055585431813,0.0,-4.540110855500938,-0.0002469559292865852,0.0
3497.0,319.15092113719993,-258.42074810926556,0.0,-4.540357145869508,-0.0002456250756501481,0.0
3498.0,318.97993082849155,-257.43590990517436,0.0,-4.540602105415434,-0.0002442942812082016,0.0
3499.0,318.80918361117745,-256.4510443558597,0.0,-4.5408457341976085,-0.00024296354532956803,0.0
3500.0,318.6386782016836,-255.46615188627345,0.0,-4.541088032274296,-0.00024163286736917606,0.0
3501.0,318.46841331643606,-254.48123292136765,0.0,-4.541328999703162,-0.00024030224667408767,0.0
3502.0,318.2983876718609,-253.49628788609428,0.0,-4.541568636541166,-0.00023897168258260997,0.0
3503.0,318.1285999843841,-252.5113172054052,0.0,-4.541806942844595,-0.0002376411744232801,0.0
3504.0,317.95904897043175,-251.52632130425243,0.0,-4.54204391866902,-0.00023631072150268447,0.0
3505.0,317.7897333464298,-250.54130060758794,0.0,-4.54227956406936,-0.00023498032310438028,0.0
3506.0,317.6206518288043,-249.55625554036365,0.0,-4.54251387909984,-0.0002336499785142086,0.0
3507.0,317.45180313398123,-248.57118652753155,0.0,-4.542746863813991,-0.00023231968701223745,0.0
3508.0,317.2831859783868,-247.58609399404358,0.0,-4.542978518264505,-0.00023098944785690127,0.0
3509.0,317.11479907844694,-246.60097836485167,0.0,-4.543208842503285,-0.000229659260292043,0.0
3510.0,316.9466411505876,-245.61584006490781,0.0,-4.543437836581675,-0.00022832912354412267,0.0
3511.0,316.7787109112349,-244.63067951916395,0.0,-4.5436655005501105,-0.0002269990368338272,0.0
3512.0,316.6110070768148,-243.64549715257206,0.0,-4.5438918344582655,-0.00022566899938444453,0.0
3513.0,316.44352836375344,-242.6602933900841,0.0,-4.544116838355023,-0.00022433901038836673,0.0
3514.0,316.27627348847676,-241.675068656652,0.0,-4.544340512288426,-0.00022300906902250617,0.0
3515.0,316.1092411674108,-240.6898233772277,0.0,-4.544562856305744,-0.00022167917446802576,0.0
3516.0,315.9424301169816,-239.70455797676325,0.0,-4.544783870453428,-0.00022034932588654854,0.0
3517.0,315.77583905361524,-238.7192728802105,0.0,-4.545003554776969,-0.00021901952242504258,0.0
3518.0,315.6094666937376,-237.73396851252147,0.0,-4.545221909321132,-0.00021768976322184789,0.0
3519.0,315.4433117537749,-236.74864529864809,0.0,-4.5454389341297965,-0.0002163532353747222,0.0
3520.0,315.277372950153,-235.76330366354233,0.0,-4.545654629245903,-0.00021492578410604272,0.0
3521.0,315.1116489992981,-234.7779440321561,0.0,-4.545868994711496,-0.0002132178059079948,0.0
3522.0,314.94613861763605,-233.79256682944148,0.0,-4.54608203056778,-0.0002110747324915531,0.0
3523.0,314.78084052159306,-232.8071724803503,0.0,-4.546293641486638,-0.00020845364361411962,0.0
3524.0,314.6157532265418,-231.82176136319515,0.0,-4.546502744721243,-0.0002053538579186918,0.0
3525.0,314.45087316651046,-230.83633337346717,0.0,-4.546707768659569,-0.00020177524156610765,0.0
3526.0,314.286195545024,-229.85088812121072,0.0,-4.546908121046241,-0.0001977244779000869,0.0
3527.0,314.12171554960116,-228.86542521275732,0.0,-4.547103793340057,-0.00019328559727137062,0.0
3528.0,313.9574283677612,-227.87994425443827,0.0,-4.547294784628204,-0.00018864808387128053,0.0
3529.0,313.793329187023,-226.89444485258505,0.0,-4.547481094032997,-0.00018396639177391857,0.0
3530.0,313.6294131949056,-225.90892661352908,0.0,-4.547662720712022,-0.00017928333209387453,0.0
3531.0,313.4656755789281,-224.9233891436017,0.0,-4.547839663857658,-0.00017459948214058687,0.0
3532.0,313.3021115266093,-223.9378320491344,0.0,-4.548011922697352,-0.00016991487676592295,0.0
3533.0,313.13871622546833,-222.9522549364586,0.0,-4.548179496493293,-0.00016522955071580317,0.0
3534.0,312.9754848630241,-221.96665741190563,0.0,-4.548342384542319,-0.00016054353862950317,0.0
3535.0,312.8124126267957,-220.98103908180695,0.0,-4.54850058617591,-0.00015585687504733007,0.0
3536.0,312.64949470430207,-219.995399552494,0.0,-4.548654100760014,-0.00015116959441836234,0.0
3537.0,312.48672628306224,-219.00973843029817,0.0,-4.548802927695027,-0.00014648173109125092,0.0
3538.0,312.3241025505953,-218.02405532155083,0.0,-4.548947066415467,-0.00014179331932310087,0.0
3539.0,312.16161869442004,-217.03834983258346,0.0,-4.549086516390206,-0.00013710439328892425,0.0
3540.0,311.99926990205563,-216.05262156972745,0.0,-4.549221277122296,-0.00013241498706165596,0.0
3541.0,311.83705136102105,-215.0668701393142,0.0,-4.549351348148593,-0.00012772513464032187,0.0
3542.0,311.67495825883515,-214.08109514767514,0.0,-4.549476729040159,-0.000123034869946359,0.0
3543.0,311.51298578301714,-213.09529620114165,0.0,-4.54959741940181,-0.00011834422680813615,0.0
3544.0,311.3511291210859,-212.10947290604517,0.0,-4.549713418872094,-0.00011365323898677409,0.0
3545.0,311.18938346056046,-211.12362486871712,0.0,-4.549824727123364,-0.00010896194016517061,0.0
3546.0,311.0277439889598,-210.1377516954889,0.0,-4.549931343861558,-0.0001042703639495863,0.0
3547.0,310.86620589380294,-209.15185299269191,0.0,-4.550033268826258,-9.957854388233298e-05,0.0
3548.0,310.7047643626089,-208.16592836665762,0.0,-4.550130501790446,-9.488651343397032e-05,0.0
3549.0,310.5434145828966,-207.1799774237174,0.0,-4.550223042560619,-9.019430601206071e-05,0.0
3550.0,310.38215174218516,-206.19399977020265,0.0,-4.550310890976644,-8.550195496833827e-05,0.0
3551.0,310.2209710279935,-205.20799501244477,0.0,-4.550394046911612,-8.080949359065163e-05,0.0
3552.0,310.0598676278407,-204.2219627567752,0.0,-4.550472510271922,-7.611695509465326e-05,0.0
3553.0,309.8988367292456,-203.23590260952537,0.0,-4.550546280997169,-7.142437265114257e-05,0.0
3554.0,309.73787351972726,-202.24981417702668,0.0,-4.550615359060203,-6.673177939596287e-05,0.0
3555.0,309.5769731868049,-201.26369706561053,0.0,-4.55067974446677,-6.203920839821717e-05,0.0
3556.0,309.41613091799724,-200.27755088160833,0.0,-4.55073943725562,-5.734669267657263e-05,0.0
3557.0,309.25534190082334,-199.29137523135154,0.0,-4.550794437498759,-5.2654265206683194e-05,0.0
3558.0,309.09460132280225,-198.30516972117155,0.0,-4.550844745301041,-4.796195892315629e-05,0.0
3559.0,308.933904371453,-197.31893395739968,0.0,-4.550890360800068,-4.32698067385852e-05,0.0
3560.0,308.7732462342945,-196.3326675463675,0.0,-4.550931284166495,-3.857784150688e-05,0.0
3561.0,308.61262209884586,-195.34637009440632,0.0,-4.550967515603771,-3.3886096040016055e-05,0.0
3562.0,308.45202715262593,-194.3600412078476,0.0,-4.550999055348126,-2.919460313728044e-05,0.0
3563.0,308.2914565831539,-193.3736804930227,0.0,-4.551025903668604,-2.450339556674714e-05,0.0
3564.0,308.1309055779486,-192.38728755626306,0.0,-4.551048060866871,-1.981250606737055e-05,0.0
3565.0,307.97036932452914,-191.40086200390013,0.0,-4.551065527277489,-1.5121967340357501e-05,0.0
3566.0,307.8098430104145,-190.41440344226527,0.0,-4.551078303267542,-1.0431812073719016e-05,0.0
3567.0,307.64932182312356,-189.42791147768992,0.0,-4.551086389236955,-5.7420729496929615e-06,0.0
3568.0,307.4888009501755,-188.44138571650547,0.0,-4.551089785618254,-1.052782613277157e-06,0.0
3569.0,307.3282755790893,-187.45482576504338,0.0,-4.551088492876408,3.636026291799408e-06,0.0
3570.0,307.16774089738374,-186.46823122963502,0.0,-4.551082511509354,8.324321139063782e-06,0.0
3571.0,307.0071920925781,-185.48160171661183,0.0,-4.551071842047417,1.301206932875181e-05,0.0
3572.0,306.8466243521912,-184.49493683230517,0.0,-4.551056485053529,1.7699238231979765e-05,0.0
3573.0,306.6860328637421,-183.5082361830465,0.0,-4.551036441123417,2.2385795239403855e-05,0.0
3574.0,306.5254128147499,-182.52149937516722,0.0,-4.551011710885134,2.7071707759761055e-05,0.0
3575.0,306.36475939273345,-181.5347260149988,0.0,-4.550982294999473,3.175694318516672e-05,0.0
3576.0,306.20406778521175,-180.54791570887255,0.0,-4.5509481941599415,3.644146890919535e-05,0.0
3577.0,306.0433331797039,-179.56106806311993,0.0,-4.550909409092469,4.112525230879983e-05,0.0
3578.0,305.88255076372883,-178.57418268407238,0.0,-4.550865940555665,4.580826076175778e-05,0.0
3579.0,305.7217157248056,-177.58725917806132,0.0,-4.550817789340688,5.049046164622745e-05,0.0
3580.0,305.56082325045304,-176.60029715141803,0.0,-4.550764956271529,5.517182231778201e-05,0.0
3581.0,305.39986852819044,-175.61329621047412,0.0,-4.550707442204699,5.985231010966326e-05,0.0
3582.0,305.2388467455366,-174.62625596156084,0.0,-4.550645248029244,6.453189233373331e-05,0.0
3583.0,305.07775309001056,-173.6391760110097,0.0,-4.550578374667124,6.92105362953832e-05,0.0
3584.0,304.91658274913135,-172.65205596515213,0.0,-4.550506823072838,7.388820928002003e-05,0.0
3585.0,304.75533091041785,-171.66489543031943,0.0,-4.550430594233761,7.856487853320968e-05,0.0
3586.0,304.59399276138925,-170.67769401284312,0.0,-4.55034968916992,8.32405112694953e-05,0.0
3587.0,304.43256348956436,-169.69045131905455,0.0,-4.5502641089341616,8.791507468318218e-05,0.0
3588.0,304.27103828246237,-168.70316695528516,0.0,-4.5501738546121455,9.258853594148622e-05,0.0
3589.0,304.1094123276021,-167.71584052786633,0.0,-4.550078927322332,9.726086216556493e-05,0.0
3590.0,303.94768081250265,-166.72847164312952,0.0,-4.549979328216263,0.00010193202043800349,0.0
3591.0,303.7858389246831,-165.74105990740614,0.0,-4.5498750584781344,0.0001066019778081438,0.0
3592.0,303.62388185166225,-164.7536049270276,0.0,-4.549766119325284,0.00011127070127470162,0.0
3593.0,303.46180478095926,-163.76610630832525,0.0,-4.5496525120080795,0.0001159381577970591,0.0
3594.0,303.299602900093,-162.77856365763057,0.0,-4.54953423780987,0.00012060431428695394,0.0
3595.0,303.13727139658266,-161.79097658127498,0.0,-4.549411298047123,0.00012526913760391167,0.0
3596.0,302.974805457947,-160.80334468558982,0.0,-4.5492836940695085,0.00012993259455721225,0.0
3597.0,302.81220027170525,-159.81566757690663,0.0,-4.549151427259927,0.000134594651893075,0.0
3598.0,302.64945102537627,-158.82794486155666,0.0,-4.5490144990344525,0.0001392552763104555,0.0
3599.0,302.4865529064791,-157.84017614587145,0.0,-4.548872910842511,0.0001439144344472787,0.0
3600.0,302.32350110253265,-156.85236103618237,0.0,-4.548726664167051,0.0001485720928826595,0.0
3601.0,302.1602908010561,-155.8644991388208,0.0,-4.548575760524395,0.00015322821812567355,0.0
3602.0,301.9969171895683,-154.87659006011822,0.0,-4.548420201464252,0.00015788277660882294,0.0
3603.0,301.83337545558834,-153.888633406406,0.0,-4.548259988570118,0.0001625357347165211,0.0
3604.0,301.66966078663523,-152.90062878401554,0.0,-4.54809512345896,0.00016718705875901868,0.0
3605.0,301.5057683702278,-151.91257579927833,0.0,-4.54792560778166,0.0001718367149642194,0.0
3606.0,301.34169339388535,-150.92447405852567,0.0,-4.54775144322278,0.00017648466948250174,0.0
3607.0,301.1774310451266,-149.93632316808905,0.0,-4.547572631500751,0.0001811308883857673,0.0
3608.0,301.0129765114707,-148.9481227342999,0.0,-4.547389174368069,0.00018577533767873329,0.0
3609.0,300.8483249804366,-147.9598723634895,0.0,-4.547201073611078,0.000190417983276855,0.0
3610.0,300.6834716395432,-146.97157166198946,0.0,-4.547008331050536,0.0001950587910070237,0.0
3611.0,300.51841167630977,-145.98322023613105,0.0,-4.546810948541141,0.00019969772661245142,0.0
3612.0,300.353140278255,-144.99481769224573,0.0,-4.546608927971977,0.00020653075190140465,0.0
3613.0,300.18765263289816,-144.0063636366649,0.0,-4.5464022712665875,0.00024030888363668623,0.0
3614.0,300.02194392775806,-143.01785767571997,0.0,-4.546190980382845,0.00035498824297031106,0.0
3615.0,299.85600935035376,-142.02929941574237,0.0,-4.545975057313401,0.0005931490280432097,0.0
3616.0,299.6898440882043,-141.04068846306353,0.0,-4.545723760139127,0.0009661488854051699,0.0
3617.0,299.5233836102059,-140.05204101255399,0.0,-4.545121320151574,0.0014742671612825323,0.0
3618.0,299.35600971158624,-139.06352705763015,0.0,-4.54372812403852,0.002117730575403558,0.0
3619.0,299.18680406688514,-138.07539995873123,0.0,-4.541387666081993,0.0028946119125513115,0.0
3620.0,299.0148453845983,-137.08791390019917,0.0,-4.538097448760898,0.0037804528218845185,0.0
3621.0,298.83921237322147,-136.101323066376,0.0,-4.533856062630579,0.004721591781221335,0.0
3622.0,298.6589837412505,-135.11588164160366,0.0,-4.528661747010017,0.0056757192164341875,0.0
3623.0,298.473238197181,-134.13184381022407,0.0,-4.522512503666793,0.006631694246367749,0.0
3624.0,298.2810544495087,-133.14946375657928,0.0,-4.515406237117525,0.007589366559894791,0.0
3625.0,298.0815112067295,-132.16899566501118,0.0,-4.507340922135469,0.008548512933235091,0.0
3626.0,297.873687177339,-131.1906937198618,0.0,-4.498314798954965,0.009508700934274979,0.0
3627.0,297.6566610698331,-130.21481210547307,0.0,-4.488326596438778,0.010469261909189191,0.0
3628.0,297.42951159270746,-129.24160500618697,0.0,-4.477375783114172,0.011426835642784397,0.0
3629.0,297.19131745445793,-128.2713266063455,0.0,-4.465462845461133,0.012350680307374262,0.0
3630.0,296.94115736358003,-127.30423109029054,0.0,-4.452589592135827,0.013173575465837748,0.0
3631.0,296.6781100285698,-126.34057264236414,0.0,-4.438759481919842,0.01384160307426401,0.0
3632.0,296.4012541579227,-125.38060544690822,0.0,-4.424011978334171,0.014340408317043212,0.0
3633.0,296.10973752109925,-124.42457752286086,0.0,-4.408734218453024,0.014670528926515467,0.0
3634.0,295.8034128268025,-123.47267395584903,0.0,-4.393477120418991,0.014832933284445142,0.0
3635.0,295.4825450393072,-122.5250430274653,0.0,-4.378442816094263,0.01483131234362789,0.0
3636.0,295.1474043125766,-121.58183255599387,0.0,-4.363630096042437,0.014696792278148305,0.0
3637.0,294.79826080057427,-120.64319035971883,0.0,-4.3490349365833065,0.01449705828467142,0.0
3638.0,294.43538465726357,-119.70926425692438,0.0,-4.334653071490131,0.014286604601719727,0.0
3639.0,294.0590460366079,-118.7802020658947,0.0,-4.320480015953092,0.014080508861500174,0.0
3640.0,293.6695150925708,-117.85615160491389,0.0,-4.306511088940026,0.013879141980599348,0.0
3641.0,293.2670619791156,-116.93726069226614,0.0,-4.292741433946588,0.01368267303560687,0.0
3642.0,292.85195685020574,-116.02367714623558,0.0,-4.27916603814259,0.013491252703116543,0.0
3643.0,292.4244698598047,-115.1155487851064,0.0,-4.265779749933108,0.013305014811450442,0.0
3644.0,291.9848711618758,-114.21302342716275,0.0,-4.252577294964245,0.01312407786292142,0.0
3645.0,291.53343091038255,-113.31624889068875,0.0,-4.239553290610696,0.012948546519073479,0.0
3646.0,291.0704192592883,-112.42537299396861,0.0,-4.226702258988895,0.012778498741785476,0.0
3647.0,290.5961063625566,-111.54054355528643,0.0,-4.214018638543918,0.012612662182114003,0.0
3648.0,290.11076237415074,-110.6619083929264,0.0,-4.201496794261797,0.012445891715536688,0.0
3649.0,289.6146574480342,-109.78961532517269,0.0,-4.189131026560352,0.01227126701731494,0.0
3650.0,289.1080617381705,-108.9238121703094,0.0,-4.176915779130349,0.012084925435313348,0.0
3651.0,288.59124530042254,-108.06464579424217,0.0,-4.164863995217408,0.011885556863564833,0.0
3652.0,288.0644693471713,-107.21217720849887,0.0,-4.15302410634002,0.01167213173926905,0.0
3653.0,287.5279793416916,-106.36631452898835,0.0,-4.141433705017162,0.01144367038302718,0.0
3654.0,286.98201912213125,-105.52695009454494,0.0,-4.130098236421263,0.0112005660347322,0.0
3655.0,286.42683252663795,-104.69397624400298,0.0,-4.119019400294544,0.010947106513965972,0.0
3656.0,285.86266339335936,-103.86728531619676,0.0,-4.108198576177839,0.01068937563692656,0.0
3657.0,285.28975556044327,-103.04676964996065,0.0,-4.097636844150482,0.010430419156820239,0.0
3658.0,284.70835286603744,-102.23232158412898,0.0,-4.087335005711024,0.010170748547007565,0.0
3659.0,284.11869914828964,-101.42383345753606,0.0,-4.07729360465088,0.009910611524937694,0.0
3660.0,283.5210382453475,-100.62119760901625,0.0,-4.06751294778933,0.009650235417216482,0.0
3661.0,282.91561399535885,-99.82430637740386,0.0,-4.057993125453612,0.009389827434247051,0.0
3662.0,282.30267023647144,-99.03305210153323,0.0,-4.04873403160409,0.009129575039154172,0.0
3663.0,281.682450806833,-98.2473271202387,0.0,-4.039735383519165,0.008869704941341792,0.0
3664.0,281.05519954459123,-97.4670237723546,0.0,-4.030996740968124,0.008614836080904218,0.0
3665.0,280.4211602878939,-96.69203439671523,0.0,-4.022517524813923,0.008381146531081463,0.0
3666.0,279.7805768748887,-95.92225133215494,0.0,-4.014297034999823,0.008188367273087485,0.0
3667.0,279.1336931437234,-95.15756691750812,0.0,-4.006333648261602,0.008045277358538057,0.0
3668.0,278.480751735796,-94.39787461874079,0.0,-3.9985647198486807,0.007952662880421972,0.0
3669.0,277.8219063422975,-93.6431516775653,0.0,-3.99082638577388,0.00791059577283867,0.0
3670.0,277.15716189914724,-92.89351543749147,0.0,-3.98300588752615,0.00791907026966673,0.0
3671.0,276.4865091838582,-92.14909657680494,0.0,-3.9750923539416068,0.007973652542483674,0.0
3672.0,275.8099389739431,-91.41002577379128,0.0,-3.9670846315145325,0.008058316360830858,0.0
3673.0,275.12744204691506,-90.67643370673609,0.0,-3.9589815874794714,0.008153451807082332,0.0
3674.0,274.4390091802868,-89.948451053925,0.0,-3.9507821120066193,0.008250372519415215,0.0
3675.0,273.74463115157147,-89.2262084936436,0.0,-3.942485120508892,0.008348359032671455,0.0
3676.0,273.0442987382818,-88.5098367041775,0.0,-3.9340895560620366,0.008447382189476571,0.0
3677.0,272.3380027179307,-87.79946636381229,0.0,-3.9255943919388407,0.008547410241282487,0.0
3678.0,271.6257338680311,-87.09522815083359,0.0,-3.916998634257103,0.008648408735348698,0.0
3679.0,270.90748296609604,-86.397252743527,0.0,-3.908301324741636,0.008750340402212802,0.0
3680.0,270.18324078963826,-85.70567082017811,0.0,-3.899501543599696,0.008853165044240083,0.0
3681.0,269.45299811617076,-85.02061305907253,0.0,-3.89059841250844,0.008956839425872077,0.0
3682.0,268.7167457232065,-84.34221013849586,0.0,-3.8815910977121897,0.009061317166188916,0.0
3683.0,267.9744743882582,-83.67059273673371,0.0,-3.87247881322776,0.009166548634521566,0.0
3684.0,267.22617488883895,-83.0058915320717,0.0,-3.8632608241537563,0.009272466537539721,0.0
3685.0,266.4718380024616,-82.34823720279542,0.0,-3.853936450079978,0.009377365345769256,0.0
3686.0,265.7114545066391,-81.69776042719046,0.0,-3.844505068592116,0.00947483582243277,0.0
3687.0,264.94501517888415,-81.05459188354243,0.0,-3.834966118865914,0.009556652765524707,0.0
3688.0,264.17251079671,-80.41886225013693,0.0,-3.8253193057166657,0.009618947279806691,0.0
3689.0,263.39393236871257,-79.79070187640151,0.0,-3.8155870896631945,0.00966129388098813,0.0
3690.0,262.6092970479958,-79.17020390510548,0.0,-3.8058351197626963,0.009683625786893302,0.0
3691.0,261.8186718153411,-78.55739056847092,0.0,-3.796111378901474,0.009685902906243016,0.0
3692.0,261.02212924617436,-77.95227613689373,0.0,-3.786420633414967,0.009669732758802896,0.0
3693.0,260.2197419159215,-77.35487488076974,0.0,-3.7767627709232934,0.009641436308347143,0.0
3694.0,259.41158240000834,-76.76520107049487,0.0,-3.7671376555182303,0.009609160597303528,0.0
3695.0,258.5977232738611,-76.18326897646502,0.0,-3.757545128376947,0.009576706865971276,0.0
3696.0,257.7782371129054,-75.60909286907602,0.0,-3.7479850083796724,0.009544443853595461,0.0
3697.0,256.9531964925674,-75.04268701872378,0.0,-3.7384570927293583,0.009512392925850646,0.0
3698.0,256.1226739882727,-74.48406569580419,0.0,-3.7289611575725625,0.009480574829694157,0.0
3699.0,255.28674217544759,-73.93324317071311,0.0,-3.7194969586202804,0.009449009693762151,0.0
3700.0,254.44547362951775,-73.39023371384641,0.0,-3.7100642317676433,0.009417717029764903,0.0
3701.0,253.59894092590915,-72.8550515956,0.0,-3.7006626937119713,0.009386715734812803,0.0
3702.0,252.74721664004775,-72.32771108636976,0.0,-3.691292042567488,0.009356024094635318,0.0
3703.0,251.89037334735949,-71.80822645655155,0.0,-3.6819519584764615,0.009325659787604992,0.0
3704.0,251.0284836232702,-71.29661197654126,0.0,-3.6726421042158606,0.009295649589868804,0.0
3705.0,250.16162004320586,-70.79288191673477,0.0,-3.663362125798681,0.00926861062872602,0.0
3706.0,249.2898551825924,-70.29705054752796,0.0,-3.6541116530692674,0.00925583635975594,0.0
3707.0,248.41326161685572,-69.80913213931672,0.0,-3.6448903002921864,0.00927312862380452,0.0
3708.0,247.53191192142174,-69.32914096249691,0.0,-3.635697530929265,0.009328708177830509,0.0
3709.0,246.64587866604836,-68.85709159407607,0.0,-3.62649665654803,0.009423940290689683,0.0
3710.0,245.75523291884076,-68.39307984278969,0.0,-3.6171656354593362,0.009559327662146748,0.0
3711.0,244.86004223660044,-67.93739146093623,0.0,-3.6076046264997226,0.009735359773055523,0.0
3712.0,243.96037367504283,-67.49033930700529,0.0,-3.597797689025192,0.0099499291890219,0.0
3713.0,243.0562942898834,-67.05223623948645,0.0,-3.587740925773101,0.010192242931519322,0.0
3714.0,242.14787113683764,-66.62339511686933,0.0,-3.5774304403182984,0.010446987549723412,0.0
3715.0,241.2351712716209,-66.20412879764356,0.0,-3.5668623540803757,0.010706415489486443,0.0
3716.0,240.31826174994873,-65.7947501402987,0.0,-3.5560328247506128,0.01096961616012867,0.0
3717.0,239.39720962753654,-65.39557200332436,0.0,-3.544938066215483,0.011236519434179628,0.0
3718.0,238.47208196009976,-65.00690724521019,0.0,-3.533574370047448,0.011507032767326468,0.0
3719.0,237.54294580335392,-64.62906872444572,0.0,-3.5219381286246563,0.011781039566999368,0.0
3720.0,236.6098682130144,-64.2623692995206,0.0,-3.5100258599318352,0.012058397520939654,0.0
3721.0,235.67291624479668,-63.90712182892442,0.0,-3.4978342340810493,0.012338936900671577,0.0
3722.0,234.73215695441624,-63.56363917114678,0.0,-3.485360101575054,0.012622458857583048,0.0
3723.0,233.78765739758848,-63.232234184677296,0.0,-3.472600523317943,0.012908733732437172,0.0
3724.0,232.83948463002886,-62.91321972800556,0.0,-3.4595528023549975,0.013197209581777105,0.0
3725.0,231.88770570745288,-62.606908659621176,0.0,-3.4462145172985315,0.013472498779441582,0.0
3726.0,230.93238768557595,-62.31361383801375,0.0,-3.43258355736741,0.013683824296128768,0.0
3727.0,229.97359762011354,-62.03364812167289,0.0,-3.418658158934961,0.013772220029979434,0.0
3728.0,229.0114025667811,-61.76732436908818,0.0,-3.404441000933044,0.013712407760188736,0.0
3729.0,228.04587039529116,-61.51494726974837,0.0,-3.390138351810877,0.013501886683678084,0.0
3730.0,227.07710961812427,-61.27641363602021,0.0,-3.3762487329363173,0.013140031204922922,0.0
3731.0,226.10528743482172,-61.05103131670346,0.0,-3.3630935123169112,0.012626722922933478,0.0
3732.0,225.13057562118337,-60.8380622348109,0.0,-3.3507000986939754,0.01197683980683885,0.0
3733.0,224.15314595300896,-60.636768313355326,0.0,-3.339071562400473,0.011240787621801345,0.0
3734.0,223.1731702060983,-60.44641147534952,0.0,-3.328209717032977,0.010477279407961978,0.0
3735.0,222.1908201562512,-60.26625364380627,0.0,-3.318115321913959,0.009711440551944315,0.0
3736.0,221.20626757926738,-60.09555674173837,0.0,-3.3087882735342182,0.008945703548506259,0.0
3737.0,220.21968425094664,-59.933582692158616,0.0,-3.3002277845077574,0.00818069679563422,0.0
3738.0,219.23124194708888,-59.779593418079784,0.0,-3.2924325490340034,0.007416891277856274,0.0
3739.0,218.2411124434937,-59.632850842514664,0.0,-3.285400894249663,0.006654614266492878,0.0
3740.0,217.24946751596102,-59.49261688847605,0.0,-3.279130917165698,0.005894063333966803,0.0
3741.0,216.25647894029063,-59.35815347897673,0.0,-3.273620607128873,0.005135320457702517,0.0
3742.0,215.26231849228225,-59.2287225370295,0.0,-3.2688679539280754,0.0043783660477023,0.0
3743.0,214.26715794773568,-59.10358598564713,0.0,-3.2648710417892017,0.003623092784284092,0.0
3744.0,213.27116908245074,-58.98200574784243,0.0,-3.2616281295772387,0.0028716378794185916,0.0
3745.0,212.27452367222722,-58.86324374662818,0.0,-3.259137717556687,0.0021469629529067276,0.0
3746.0,211.2773934928648,-58.74656190501716,0.0,-3.257398601059147,0.0014971602366038133,0.0
3747.0,210.27995032016344,-58.63122214602217,0.0,-3.2564099113762364,0.0009584182107425904,0.0
3748.0,209.28236592992283,-58.51648639265599,0.0,-3.2561386826064744,0.0005395337421669437,0.0
3749.0,208.28479848332464,-58.401680624332215,0.0,-3.25629239710978,0.00024037185909918184,0.0
3750.0,207.28729713584818,-58.28664368927363,0.0,-3.256486355295044,6.078667683435362e-05,0.0
3751.0,206.28985870071153,-58.17146070459115,0.0,-3.2565949611210003,-1.6358749885814186e-06,0.0
3752.0,205.2924796596249,-58.05621834713141,0.0,-3.256617413622588,2.985853749340858e-05,0.0
3753.0,204.29515649429842,-57.94100329374101,0.0,-3.2565536989658574,0.00010690087816495846,0.0
3754.0,203.2978856864422,-57.82590222126656,0.0,-3.256403799993845,0.00019304553875849298,0.0
3755.0,202.30066371776653,-57.711001806554684,0.0,-3.256167696238706,0.00027926868673623846,0.0
3756.0,201.30348706998151,-57.596388726451984,0.0,-3.255845363952641,0.0003655170785864684,0.0
3757.0,200.3063522247973,-57.482149657805095,0.0,-3.2554367761578735,0.0004517938717756298,0.0
3758.0,199.3092556639241,-57.368371277460604,0.0,-3.2549419027155517,0.000538102145183128,0.0
3759.0,198.312193869072,-57.25514026226514,0.0,-3.2543607104137293,0.0006244448799889327,0.0
3760.0,197.31516332195127,-57.14254328906531,0.0,-3.2536931630745056,0.0007108249404876231,0.0
3761.0,196.31816050427202,-57.03066703470773,0.0,-3.252939221680338,0.0007972450548234493,0.0
3762.0,195.32118189774442,-56.91959817603901,0.0,-3.252098844519649,0.0008837077956292802,0.0
3763.0,194.32422398407866,-56.809423389905774,0.0,-3.2511719873518525,0.000970215560577557,0.0
3764.0,193.32728324498487,-56.70022935315461,0.0,-3.250158603591835,0.0010567705528255556,0.0
3765.0,192.33035616217325,-56.59210274263217,0.0,-3.249058644514062,0.0011433747613466111,0.0
3766.0,191.33343921735394,-56.485130235185046,0.0,-3.2478720594764092,0.0012300299411557142,0.0
3767.0,190.33652889223714,-56.37939850765984,0.0,-3.24659879616374,0.0013167375934183107,0.0
3768.0,189.33962166853297,-56.27499423690319,0.0,-3.245238800851546,0.001403498945439769,0.0
3769.0,188.34271402795164,-56.17200409976169,0.0,-3.2437920186895886,0.0014903149305405894,0.0
3770.0,187.34580245220332,-56.070514773081975,0.0,-3.242258394005733,0.0015771861678119312,0.0
3771.0,186.34888342299814,-55.97061293371063,0.0,-3.2406378706300982,0.001664112941759166,0.0
3772.0,185.35195342204628,-55.8723852584943,0.0,-3.238930392239642,0.0017510951818401183,0.0
3773.0,184.3550089310579,-55.77591842427957,0.0,-3.237135902723261,0.0018381324418978993,0.0
3774.0,183.3580464317432,-55.68129910791306,0.0,-3.235254346567521,0.0019252238795020658,0.0
3775.0,182.36106240581228,-55.58861398624139,0.0,-3.2332856692631364,0.002012368235207467,0.0
3776.0,181.3640533349754,-55.49794973611118,0.0,-3.2312298177322365,0.0020995638117473304,0.0
3777.0,180.36701570094266,-55.40939303436903,0.0,-3.2290867407765145,0.0021868084531711913,0.0
3778.0,179.36994598542424,-55.323030557861564,0.0,-3.226856389546288,0.002274099523945448,0.0
3779.0,178.37284067013033,-55.2389489834354,0.0,-3.224538718030548,0.002361433888047802,0.0
3780.0,177.3756962367711,-55.15723498793712,0.0,-3.2221336835678924,0.0024488078880674346,0.0
3781.0,176.37850916705662,-55.07797524821338,0.0,-3.219641247378493,0.002536217324341537,0.0
3782.0,175.38127594269716,-55.00125644111076,0.0,-3.2170613751169284,0.002623657434166577,0.0
3783.0,174.3839930454029,-54.92716524347589,0.0,-3.2143940374457753,0.0027111228711006303,0.0
3784.0,173.38665695688394,-54.85578833215539,0.0,-3.2116392106300315,0.0027986076844071905,0.0
3785.0,172.38926415885044,-54.78721238399585,0.0,-3.2087968771519892,0.0028861052986825747,0.0
3786.0,171.39181113301265,-54.7215240758439,0.0,-3.2058670263465143,0.002973608493693483,0.0
3787.0,170.39429436108065,-54.65881008454616,0.0,-3.202849655056517,0.0030611093844890975,0.0
3788.0,169.39671032476465,-54.599157086949226,0.0,-3.1997447683081677,0.003148599401830289,0.0
3789.0,168.3990555057748,-54.54265175989973,0.0,-3.1965523800056976,0.0032360692729892027,0.0
3790.0,167.40132638582133,-54.48938078024426,0.0,-3.1932725136452973,0.0033235090029875647,0.0
3791.0,166.4035194466143,-54.43943082482945,0.0,-3.1899052030476622,0.0034109078563206675,0.0
3792.0,165.40563116986397,-54.39288857050192,0.0,-3.1864504931087345,0.0034982543392449677,0.0
3793.0,164.40765803728044,-54.34984069410825,0.0,-3.18290844056792,0.003585536182697016,0.0
3794.0,163.40959653057388,-54.31037387249509,0.0,-3.1792791147932853,0.0036727403259091086,0.0
3795.0,162.4114431314545,-54.27457478250904,0.0,-3.17556259858291,0.003759852900814169,0.0
3796.0,161.41319432163243,-54.2425301009967,0.0,-3.1717589889815256,0.0038468592173061767,0.0
3797.0,160.41484658281792,-54.21432650480471,0.0,-3.167868398111711,0.003933743749445677,0.0
3798.0,159.41639639672098,-54.19005067077966,0.0,-3.163890954018521,0.004020490122709029,0.0
3799.0,158.41784024505193,-54.169789275768174,0.0,-3.1598268015264774,0.00410708110235244,0.0
3800.0,157.41917460952087,-54.153628996616874,0.0,-3.155676103107891,0.004193498582998873,0.0
3801.0,156.42039597183796,-54.14165651017235,0.0,-3.151439039761075,0.0042797235795482,0.0
3802.0,155.42150081371335,-54.133958493281234,0.0,-3.147115811897194,0.00436573621949735,0.0
3803.0,154.42248561685727,-54.13062162279014,0.0,-3.142706640234308,0.004451515736782945,0.0
3804.0,153.42334686297983,-54.13173257554567,0.0,-3.1382117666969447,0.00453704046724322,0.0
3805.0,152.42408103379123,-54.13737802839445,0.0,-3.1336314553196125,0.004622287845807728,0.0
3806.0,151.42468461100162,-54.147644658183076,0.0,-3.128965993152423,0.00470723578815635,0.0
3807.0,150.42515407632115,-54.16261914175818,0.0,-3.124215691166984,0.004792358009777699,0.0
3808.0,149.42548591146002,-54.18238815596637,0.0,-3.119380885160577,0.004879871546645978,0.0
3809.0,148.4256765981284,-54.20703837765425,0.0,-3.114461936656384,0.004972983899099154,0.0
3810.0,147.42572261803645,-54.23665648366845,0.0,-3.1094592144409288,0.005073438639953957,0.0
3811.0,146.42562051749454,-54.27132918753379,0.0,-3.104366180353436,0.005181590330740996,0.0
3812.0,145.42538979984957,-54.31115623714382,0.0,-3.0991588400100776,0.005297613173729391,0.0
3813.0,144.4251067247501,-54.3562696050463,0.0,-3.0938168338745697,0.005421685261502361,0.0
3814.0,143.42485616981438,-54.40680615683327,0.0,-3.088336709485482,0.005553492944283216,0.0
3815.0,142.4247230126609,-54.4629027580968,0.0,-3.082717602211705,0.005690982976103217,0.0
3816.0,141.42479213090797,-54.52469627442896,0.0,-3.0769586351730442,0.005831115017057575,0.0
3817.0,140.42514840217396,-54.592323571421794,0.0,-3.0710589222632354,0.005972315649465955,0.0
3818.0,139.42587670407727,-54.66592151466736,0.0,-3.0650175713111643,0.00611440306293958,0.0
3819.0,138.42706191423628,-54.74562696975773,0.0,-3.058833687386904,0.0062573779796108375,0.0
3820.0,137.42878891026933,-54.831576802284964,0.0,-3.052506376258937,0.006401237574146964,0.0
3821.0,136.43114256979482,-54.9239078778411,0.0,-3.046034748008591,0.006545975314578805,0.0
3822.0,135.4342077704311,-55.02275706201823,0.0,-3.0394179208074417,0.006691580797890958,0.0
3823.0,134.43806938979657,-55.1282612204084,0.0,-3.032655024862756,0.006838039580922534,0.0
3824.0,133.44281230550953,-55.24055721860365,0.0,-3.025745206535466,0.006985333007193648,0.0
3825.0,132.44852139518846,-55.35978192219606,0.0,-3.01868763263483,0.007133438030383925,0.0
3826.0,131.45528153645165,-55.4860721967777,0.0,-3.011481494892765,0.00728232703528997,0.0
3827.0,130.4631776069175,-55.61956490794061,0.0,-3.004126014620161,0.0074319676571718805,0.0
3828.0,129.47229448420438,-55.76039692127685,0.0,-2.9966204475466562,0.0075823226005388945,0.0
3829.0,128.48271704593066,-55.90870510237849,0.0,-2.9889640888440017,0.007733349458531182,0.0
3830.0,127.49453016971472,-56.06462631683759,0.0,-2.9811562783321364,0.007884993289256055,0.0
3831.0,126.50781873317493,-56.22829743024621,0.0,-2.9731964058656795,0.00803373564076667,0.0
3832.0,125.52266761392966,-56.39985530819639,0.0,-2.9650839168970724,0.0081636188103112,0.0
3833.0,124.53916168959725,-56.579436816280214,0.0,-2.956818318211086,0.00825166257409639,0.0
3834.0,123.55738583779615,-56.76717882008974,0.0,-2.948399285252255,0.008285808408163016,0.0
3835.0,122.57742486913257,-56.9632179917353,0.0,-2.939874877943829,0.008264408795393426,0.0
3836.0,121.59933171915851,-57.16759897157656,0.0,-2.9314189951024723,0.008187284651740376,0.0
3837.0,120.62307654329433,-57.38012739173935,0.0,-2.9231780960363163,0.008054295593398177,0.0
3838.0,119.64861623255291,-57.60057058648091,0.0,-2.9151732704472173,0.007868789784742924,0.0
3839.0,118.67590767794718,-57.828695890058526,0.0,-2.9074053291800266,0.007646578611113064,0.0
3840.0,117.70490777049002,-58.06427063672944,0.0,-2.8998749208037666,0.007410518946724493,0.0
3841.0,116.73557340119434,-58.30706216075092,0.0,-2.892582544352,0.007172568002549585,0.0
3842.0,115.76786146107302,-58.556837796380215,0.0,-2.885528561857683,0.006934293163487513,0.0
3843.0,114.80172884113902,-58.8133648778746,0.0,-2.8787132106330353,0.006695813785066055,0.0
3844.0,113.83713243240517,-59.076410739491315,0.0,-2.8721366152516103,0.006457237475183675,0.0
3845.0,112.8740291258844,-59.345742715487646,0.0,-2.865798799196229,0.006218660432182745,0.0
3846.0,111.91237581258962,-59.621128140120824,0.0,-2.8596996961421897,0.00598016781157965,0.0
3847.0,110.95212938353372,-59.902334347648114,0.0,-2.853839160850679,0.005741834116206672,0.0
3848.0,109.99324672972958,-60.189128672326795,0.0,-2.8482169796525163,0.005503723604971279,0.0
3849.0,109.03568474219013,-60.4812784484141,0.0,-2.842832880506608,0.005265890715869961,0.0
3850.0,108.07940031192827,-60.77855101016732,0.0,-2.837686542621995,0.005028380499329537,0.0
3851.0,107.12435032995688,-61.080713691843684,0.0,-2.832777605635757,0.0047912290583885,0.0
3852.0,106.1704916872889,-61.38753382770047,0.0,-2.8281056783424843,0.004554463992640985,0.0
3853.0,105.21778127493717,-61.698778751994936,0.0,-2.823670346973755,0.004318411325298691,0.0
3854.0,104.26617598391465,-62.01421579898433,0.0,-2.8194711830285,0.004092244014411455,0.0
3855.0,103.3156327052342,-62.33361230292592,0.0,-2.815507750657256,0.0039028493103796208,0.0
3856.0,102.36610832990874,-62.65673559807697,0.0,-2.8117796136048945,0.003778237801303692,0.0
3857.0,101.41755974895115,-62.98335301869473,0.0,-2.808282050969527,0.0037289064389127713,0.0
3858.0,100.46994737136276,-63.313239792250805,0.0,-2.804890681086465,0.003755398105213827,0.0
3859.0,99.52332971334194,-63.64639126665119,0.0,-2.801352712546462,0.0038577736849373535,0.0
3860.0,98.57787402280604,-63.983046748185636,0.0,-2.7975279835515257,0.004035797292740696,0.0
3861.0,97.6337531976103,-64.32345821975477,0.0,-2.7934088563059505,0.0042803874588416115,0.0
3862.0,96.69114013560996,-64.66787766425918,0.0,-2.788994503906812,0.00456474928098381,0.0
3863.0,95.75020773466015,-65.01655706459955,0.0,-2.7842840287662156,0.0048609646955781105,0.0
3864.0,94.81112889261611,-65.36974840367647,0.0,-2.779276473709836,0.005158628570223105,0.0
3865.0,93.87407650733306,-65.72770366439059,0.0,-2.773970833922373,0.005457288053045968,0.0
3866.0,92.93922347666619,-66.09067482964252,0.0,-2.7683660697767802,0.00575696921012955,0.0
3867.0,92.00674269847069,-66.45891388233291,0.0,-2.7624611205831138,0.00605768381721794,0.0
3868.0,91.07680707060177,-66.83267280536234,0.0,-2.756254919291239,0.006359428396852915,0.0
3869.0,90.14958949091465,-67.2122035816315,0.0,-2.74974640817888,0.0066621832282778605,0.0
3870.0,89.22526285726452,-67.59775819404095,0.0,-2.742934555552334,0.006965911334727538,0.0
3871.0,88.3040000675066,-67.98958862549138,0.0,-2.7358183734826667,0.007270557453970459,0.0
3872.0,87.38597401949608,-68.38794685888337,0.0,-2.728396936593602,0.007576046999315672,0.0
3873.0,86.47135761108815,-68.7930848771176,0.0,-2.7206694019096616,0.007882285019710951,0.0
3874.0,85.56032374013805,-69.20525466309464,0.0,-2.712635029764047,0.008189155169113243,0.0
3875.0,84.65304530450095,-69.62470819971514,0.0,-2.7042932057547193,0.00849651869692528,0.0
3876.0,83.74969520203207,-70.05169746987973,0.0,-2.69564346372498,0.008804213472951126,0.0
3877.0,82.8504463305866,-70.48647445648905,0.0,-2.6866855097302804,0.009111882559120417,0.0
3878.0,81.95547158801978,-70.9292911424437,0.0,-2.6774192469371347,0.009410527138137599,0.0
3879.0,81.06494387218679,-71.38039951064434,0.0,-2.66784480138218,0.009670688160777033,0.0
3880.0,80.17903608094282,-71.84005154399155,0.0,-2.6579625484997678,0.00985841533253013,0.0
3881.0,79.29792111214307,-72.30849922538602,0.0,-2.647775527346255,0.009959457836222539,0.0
3882.0,78.42176949926993,-72.78599040032486,0.0,-2.637405328238585,0.009972735484361981,0.0
3883.0,77.55063468397347,-73.27256801593421,0.0,-2.627141706990236,0.009898186867233998,0.0
3884.0,76.68440158434294,-73.76798012086203,0.0,-2.6171694518096027,0.009735996425207378,0.0
3885.0,75.82294203831594,-74.2719518748689,0.0,-2.607502895150697,0.009495040880573147,0.0
3886.0,74.96612788383017,-74.78420843771548,0.0,-2.59814285638755,0.00920470719054405,0.0
3887.0,74.11383095882321,-75.30447496916238,0.0,-2.5890898773531217,0.008898923411398085,0.0
3888.0,73.26592310123274,-75.83247662897023,0.0,-2.5803442485399977,0.008591968082844664,0.0
3889.0,72.42227614899636,-76.36793857689965,0.0,-2.571906034716818,0.008284999439557166,0.0
3890.0,71.58276194005174,-76.91058597271127,0.0,-2.5637750998443862,0.00797820787951488,0.0
3891.0,70.7472523123365,-77.46014397616574,0.0,-2.5559511311958794,0.007671760254270663,0.0
3892.0,69.91561910378827,-78.01633774702367,0.0,-2.548433662604595,0.007365800738177988,0.0
3893.0,69.0877341523447,-78.57889244504565,0.0,-2.5412220967798516,0.007060451752406881,0.0
3894.0,68.26346929594342,-79.1475332299924,0.0,-2.5343157266476117,0.006755814928947184,0.0
3895.0,67.44269637252208,-79.72198526162445,0.0,-2.5277137556857183,0.006451972101391558,0.0
3896.0,66.62528722001831,-80.30197369970249,0.0,-2.5214153172366056,0.006148986310863405,0.0
3897.0,65.81111367636974,-80.8872237039871,0.0,-2.5154194927909024,0.005846902817008059,0.0
3898.0,65.00004757951402,-81.47746043423895,0.0,-2.5097253292441026,0.00554575010540037,0.0
3899.0,64.19196076738879,-82.07240905021864,0.0,-2.50433185513689,0.005246251190820894,0.0
3900.0,63.386725077931665,-82.6717947116868,0.0,-2.499238095895469,0.00496002046945887,0.0
3901.0,62.5842123490803,-83.27534257840408,0.0,-2.4944430880938815,0.004715777669081663,0.0
3902.0,61.78429441877233,-83.88277781013106,0.0,-2.4899458927638434,0.00453914646256862,0.0
3903.0,60.986843124945395,-84.49382556662842,0.0,-2.485735663486988,0.004438107579555174,0.0
3904.0,60.191742953166965,-85.1082264894161,0.0,-2.4816588599680958,0.004412831582875023,0.0
3905.0,59.39905994596712,-85.72594346095855,0.0,-2.477465074699766,0.004463314029961918,0.0
3906.0,58.60899607774654,-86.34710575572679,0.0,-2.473044059205266,0.0045888503017047335,0.0
3907.0,57.82175660524627,-86.97184666605168,0.0,-2.4683923857133205,0.004777840340103629,0.0
3908.0,57.037546785207375,-87.60029948426401,0.0,-2.4635091561157796,0.005001576074966366,0.0
3909.0,56.256571874370906,-88.23259750269466,0.0,-2.4583934283224784,0.005234443972052257,0.0
3910.0,55.479037129477895,-88.86887401367441,0.0,-2.4530442237044867,0.0054684728668625525,0.0
3911.0,54.70514780726942,-89.50926230953411,0.0,-2.4474605349891463,0.005703501917324415,0.0
3912.0,53.93510916448652,-90.1538956826046,0.0,-2.4416413346291863,0.005939545956067128,0.0
3913.0,53.16912645787023,-90.8029074252167,0.0,-2.435585583667114,0.006176610654734071,0.0
3914.0,52.40740494416162,-91.45643082970125,0.0,-2.4292922411153968,0.006414692002387914,0.0
3915.0,51.65014988010174,-92.11459918838905,0.0,-2.4227602738711616,0.0066537757670551215,0.0
3916.0,50.89756652243164,-92.77754579361094,0.0,-2.4159886671821567,0.006893836942686812,0.0
3917.0,50.14986012789237,-93.44540393769778,0.0,-2.4089764356785315,0.007134839184333933,0.0
3918.0,49.407235953224976,-94.11830691298039,0.0,-2.4017226349816707,0.007376734234917263,0.0
3919.0,48.669899255170506,-94.79638801178957,0.0,-2.39422637389789,0.00761946134753631,0.0
3920.0,47.938055290470025,-95.47978052645617,0.0,-2.3864868272007946,0.007862946707904835,0.0
3921.0,47.211909315864574,-96.16861774931103,0.0,-2.378503249001041,0.008107102862175435,0.0
3922.0,46.491666588095214,-96.86303297268496,0.0,-2.3702749866966757,0.00835182815609113,0.0
3923.0,45.777532363902985,-97.56315948890881,0.0,-2.361801495491134,0.008597006192152661,0.0
3924.0,45.069711900028935,-98.2691305903134,0.0,-2.3530823534588863,0.008842505312226301,0.0
3925.0,44.368410453214125,-98.98107956922952,0.0,-2.34411727713086,0.009088178113716712,0.0
3926.0,43.67383328019961,-99.69913971798807,0.0,-2.3349061375634252,0.009333861008183675,0.0
3927.0,42.986185637726436,-100.42344432891984,0.0,-2.3254489768451223,0.009579372033373921,0.0
3928.0,42.30567278253563,-101.1541266943557,0.0,-2.315746024985545,0.00982043893472771,0.0
3929.0,41.63249997136829,-101.89132010662641,0.0,-2.3057977171201376,0.010035974730447799,0.0
3930.0,40.96687246096543,-102.63515785806284,0.0,-2.295604710953101,0.010193781340196661,0.0
3931.0,40.308995508068115,-103.38577324099585,0.0,-2.2851679295296847,0.010276066036843215,0.0
3932.0,39.65907433188891,-104.14329951430942,0.0,-2.2745455559738734,0.010280337887864961,0.0
3933.0,39.01722917533051,-104.90779420288679,0.0,-2.2639742124941424,0.010206659828266407,0.0
3934.0,38.3833143753636,-105.67907784650149,0.0,-2.253667963151652,0.010055163777553888,0.0
3935.0,37.75713239862894,-106.45692475618856,0.0,-2.2436621141632105,0.009830121006747546,0.0
3936.0,37.13848571176728,-107.24110924298301,0.0,-2.2339568975123627,0.009552665207347526,0.0
3937.0,36.5271767814194,-108.03140561791984,0.0,-2.224552292965146,0.009255087687833514,0.0
3938.0,35.92300807422604,-108.8275881920341,0.0,-2.215448054631885,0.008955319939855702,0.0
3939.0,35.32578205682797,-109.62943127636076,0.0,-2.2066437367772074,0.008656036405194063,0.0
3940.0,34.735301195865944,-110.43670918193486,0.0,-2.198138718787943,0.00835740179553276,0.0
3941.0,34.15136795798074,-111.24919621979139,0.0,-2.189932229228182,0.008059557341436723,0.0
3942.0,33.57378480981309,-112.06666670096541,0.0,-2.1820233689287005,0.007762621745642192,0.0
3943.0,33.002354218003774,-112.8888949364919,0.0,-2.174411133074156,0.007466692169196979,0.0
3944.0,32.43687864919354,-113.71565523740584,0.0,-2.1670944322658943,0.00717184523679967,0.0
3945.0,31.877160570023154,-114.5467219147423,0.0,-2.1600721125510227,0.006878138049350779,0.0
3946.0,31.323002447133373,-115.38186927953629,0.0,-2.153342974419079,0.0065856091933266725,0.0
3947.0,30.774206747164957,-116.22087164282279,0.0,-2.1469057907773137,0.006294279738086399,0.0
3948.0,30.230575936758672,-117.06350331563684,0.0,-2.140759323923616,0.006004154213664943,0.0
3949.0,29.691912482555274,-117.90953860901344,0.0,-2.1349023415423556,0.0057152215629125026,0.0
3950.0,29.158018851195518,-118.75875183398762,0.0,-2.1293336317539273,0.005427456063042575,0.0
3951.0,28.628697509320173,-119.61091730159437,0.0,-2.124052017252913,0.005141025877603582,0.0
3952.0,28.103750923569986,-120.46580932286872,0.0,-2.1190563685726946,0.004860021493977669,0.0
3953.0,27.58298156058573,-121.32320220884567,0.0,-2.114345616516632,0.004595243010625559,0.0
3954.0,27.066191887008156,-122.18287027056026,0.0,-2.1099187637971646,0.004356825895973542,0.0
3955.0,26.553184369478025,-123.04458781904748,0.0,-2.105771988617315,0.004148022329557577,0.0
3956.0,26.04376505617977,-123.90813455815348,0.0,-2.1018493759329693,0.003968752751103516,0.0
3957.0,25.53780441037603,-124.77338718296161,0.0,-2.098053195214556,0.003818842379257591,0.0
3958.0,25.035228676255763,-125.640306379155,0.0,-2.094336891248655,0.0036979217812040947,0.0
3959.0,24.535965941501686,-126.50885560820693,0.0,-2.0906991819631466,0.003601700701775013,0.0
3960.0,24.03994429379653,-127.37899833159071,0.0,-2.087140264610731,0.0035191829064459756,0.0
3961.0,23.54709182082302,-128.25069801077962,0.0,-2.0836603223934596,0.0034400424211422642,0.0
3962.0,23.05733661026388,-129.12391810724694,0.0,-2.0802595250841627,0.003360844063535508,0.0
3963.0,22.57060674980184,-129.99862208246603,0.0,-2.0769380296412714,0.0032814936458251003,0.0
3964.0,22.086830327119625,-130.87477339791016,0.0,-2.07369598081601,0.003202003093204667,0.0
3965.0,21.605935429899958,-131.75233551505264,0.0,-2.070533511751209,0.003122383737991611,0.0
3966.0,21.12785014582557,-132.63127189536675,0.0,-2.0674507445710955,0.003042646328965734,0.0
3967.0,20.65250256257918,-133.51154600032578,0.0,-2.0644477909612307,0.002962801041372,0.0
3968.0,20.179820767843516,-134.39312129140308,0.0,-2.0615247527380944,0.0028828574875326813,0.0
3969.0,19.709732849301307,-135.2759612300719,0.0,-2.0586817224076452,0.0028028247280338686,0.0
3970.0,19.242166894635282,-136.16002927780556,0.0,-2.0559187837122685,0.0027227112834270956,0.0
3971.0,18.777050991528164,-137.04528889607738,0.0,-2.053236012165805,0.0026425251464176546,0.0
3972.0,18.314313227662673,-137.93170354636058,0.0,-2.0506334755759568,0.0025622737944908103,0.0
3973.0,17.853881690721543,-138.81923669012855,0.0,-2.0481112345538737,0.0024819642029228245,0.0
3974.0,17.395684468387497,-139.70785178885455,0.0,-2.045669343010473,0.0024016028581667227,0.0
3975.0,16.93964964834326,-140.59751230401187,0.0,-2.043307848639005,0.0023211957715577446,0.0
3976.0,16.48570531827156,-141.48818169707386,0.0,-2.0410267933838635,0.002240748493299297,0.0
3977.0,16.03377956585512,-142.37982342951378,0.0,-2.0388262138951307,0.0021602661267280544,0.0
3978.0,15.58380047877667,-143.27240096280488,0.0,-2.0367061419686086,0.002079753342801352,0.0
3979.0,15.135696144718933,-144.16587775842055,0.0,-2.0346666049713447,0.0019992143947796643,0.0
3980.0,14.689394651364637,-145.06021727783408,0.0,-2.0327076262522956,0.0019186531331015935,0.0
3981.0,14.244824086396507,-145.9553829825187,0.0,-2.0308292255378584,0.0018380730204089954,0.0
3982.0,13.801912537497271,-146.85133833394775,0.0,-2.0290314193124006,0.0017574780231405715,0.0
3983.0,13.36058809234965,-147.74804679359457,0.0,-2.0273142211835524,0.0016774794495574444,0.0
3984.0,12.920778838636377,-148.6454718229324,0.0,-2.0256776422320195,0.0016009601943515037,0.0
3985.0,12.482412864040171,-149.54357688343453,0.0,-2.024121691345994,0.0015321444043574811,0.0
3986.0,12.045418256243764,-150.44232543657435,0.0,-2.0226463632699914,0.0014732663052685613,0.0
3987.0,11.60972312477521,-151.34168095498165,0.0,-2.0212431556598447,0.0014246103256802137,0.0
3988.0,11.175270704390096,-152.24161463586262,0.0,-2.0198802534093883,0.0013861771888422476,0.0
3989.0,10.74204575590271,-153.14211888411816,0.0,-2.018530369779866,0.0013579664781211418,0.0
3990.0,10.31004010384601,-154.0431897121475,0.0,-2.017189542442327,0.0013393698582475,0.0
3991.0,9.879245572752966,-154.94482313234988,0.0,-2.0158577764137218,0.001327506887840795,0.0
3992.0,9.449653987156534,-155.84701515712453,0.0,-2.0145350765205,0.001318155408683503,0.0
3993.0,9.02125717158968,-156.74976179887074,0.0,-2.013221447401789,0.0013090827718313617,0.0
3994.0,8.594046950585366,-157.65305906998773,0.0,-2.011916893512582,0.0013000057642011634,0.0
3995.0,8.168015148676556,-158.5569029828748,0.0,-2.01062141912688,0.0012909245652476134,0.0
3996.0,7.74315359039621,-159.46128954993108,0.0,-2.0093350283408054,0.001281839351291891,0.0
3997.0,7.3194541002772935,-160.3662147835559,0.0,-2.0080577250757488,0.001272750295537734,0.0
3998.0,6.89690850285277,-161.27167469614847,0.0,-2.006789513081484,0.0012636575680883436,0.0
3999.0,6.4755086226556,-162.1776653001081,0.0,-2.0055303959392714,0.0012545613359575506,0.0
4000.0,6.055246284218747,-163.08418260783395,0.0,-2.0042803770649313,0.0012454617630803324,0.0
4001.0,5.636113312075174,-163.99122263172535,0.0,-2.0030394597119114,0.0012363590103343963,0.0
4002.0,5.218101530757844,-164.89878138418143,0.0,-2.0018076469743136,0.0012272532355579932,0.0
4003.0,4.80120276479972,-165.80685487760158,0.0,-2.000584941789966,0.0012181445935614621,0.0
4004.0,4.385408838733765,-166.71543912438497,0.0,-1.9993713469434635,0.0012090332361468026,0.0
4005.0,3.9707115770929406,-167.62453013693084,0.0,-1.9981668650690876,0.0011999193121227894,0.0
4006.0,3.557102804410211,-168.53412392763846,0.0,-1.9969714986538558,0.0011908029673192947,0.0
4007.0,3.144574345218539,-169.44421650890706,0.0,-1.9957852500404865,0.0011816843446125055,0.0
4008.0,2.7331180240508854,-170.35480389313585,0.0,-1.994608121430301,0.0011725635839394519,0.0
4009.0,2.3227256654402146,-171.26588209272415,0.0,-1.9934401148862049,0.0011634408223126305,0.0
4010.0,1.9133890939194913,-172.17744712007118,0.0,-1.9922812323356045,0.001154316193843065,0.0
4011.0,1.5051001340216745,-173.08949498757616,0.0,-1.9911314755732499,0.0011451898297571825,0.0
4012.0,1.0978506102797285,-174.00202170763836,0.0,-1.989990846264149,0.0011360618584150353,0.0
4013.0,0.6916323472266169,-174.91502329265703,0.0,-1.9888593459464177,0.0011269324053326335,0.0
4014.0,0.2864371693953038,-175.8284957550314,0.0,-1.9877369760341217,0.0011178015931998361,0.0
4015.0,-0.11774309868125142,-176.74243510716073,0.0,-1.9866237378200653,0.0011086695418993178,0.0
4016.0,-0.5209166324700841,-177.6568373614443,0.0,-1.9855196324786302,0.0010995363685286006,0.0
4017.0,-0.9230916074382298,-178.57169853028128,0.0,-1.9844246610685223,0.0010904021874186263,0.0
4018.0,-1.324276199052729,-179.487014626071,0.0,-1.9833388245355343,0.0010812671101540097,0.0
4019.0,-1.7244785827806173,-180.40278166121257,0.0,-1.982262123715274,0.0010721312455962576,0.0
4020.0,-2.12370693408893,-181.31899564810539,0.0,-1.9811945593358922,0.0010629946999036743,0.0
4021.0,-2.521969428444708,-182.2356525991486,0.0,-1.9801361320207864,0.001053857576549918,0.0
4022.0,-2.9192742413149864,-183.15274852674153,0.0,-1.9790868422912444,0.0010447199763478868,0.0
4023.0,-3.3156295481668003,-184.07027944328334,0.0,-1.9780466905691034,0.001035581997471367,0.0
4024.0,-3.7110435244671915,-184.98824136117338,0.0,-1.9770156771793976,0.0010264437354762235,0.0
4025.0,-4.105524345683193,-185.9066302928108,0.0,-1.9759938023529602,0.0010173052833215566,0.0
4026.0,-4.499080187281847,-186.8254422505949,0.0,-1.9749810662289777,0.0010081667313927328,0.0
4027.0,-4.891719224730185,-187.7446732469249,0.0,-1.9739774688575893,0.0009990281675224927,0.0
4028.0,-5.283449633495245,-188.66431929420006,0.0,-1.9729830102024222,0.0009898896770137602,0.0
4029.0,-5.67427958904407,-189.5843764048196,0.0,-1.9719976901431069,0.000980751342663003,0.0
4030.0,-6.064217266843689,-190.50484059118278,0.0,-1.9710215084777427,0.0009716132447790761,0.0
4031.0,-6.453270842361144,-191.4257078656889,0.0,-1.9700544649254434,0.0009624754612104531,0.0
4032.0,-6.841448491063473,-192.34697424073713,0.0,-1.9690965591287217,0.000953338067367209,0.0
4033.0,-7.2287583884177105,-193.26863572872676,0.0,-1.9681477906559341,0.0009442011362393865,0.0
4034.0,-7.615208709890893,-194.19068834205703,0.0,-1.9672081590037258,0.0009350647384254808,0.0
4035.0,-8.000807630950064,-195.11312809312716,0.0,-1.9662776635993393,0.0009259289421533122,0.0
4036.0,-8.38556332706225,-196.03595099433645,0.0,-1.9653563038030488,0.0009167938133013577,0.0
4037.0,-8.769483973694499,-196.95915305808407,0.0,-1.9644440789104494,0.0009076594154272056,0.0
4038.0,-9.152577746313842,-197.88273029676935,0.0,-1.96354098815478,0.0008985258097849683,0.0
4039.0,-9.534852820387314,-198.80667872279147,0.0,-1.9626470307092387,0.0008893930553496615,0.0
4040.0,-9.916317371381961,-199.7309943485497,0.0,-1.9617622056891981,0.0008802612088441971,0.0
4041.0,-10.296979574764812,-200.65567318644327,0.0,-1.960886512154481,0.0008711303247601292,0.0
4042.0,-10.676847606002905,-201.58071124887147,0.0,-1.9600199491115946,0.000862000455382412,0.0
4043.0,-11.055929640563283,-202.5061045482335,0.0,-1.9591625155158983,0.0008528716508114138,0.0
4044.0,-11.434233853912977,-203.43184909692866,0.0,-1.9583142102737812,0.0008437439589863743,0.0
4045.0,-11.811768421519027,-204.35794090735612,0.0,-1.9574750322448065,0.0008346174257115273,0.0
4046.0,-12.18854151884847,-205.28437599191523,0.0,-1.9566449802438586,0.0008254920946800486,0.0
4047.0,-12.564561321368345,-206.21115036300512,0.0,-1.9558240530432185,0.0008163680074944692,0.0
4048.0,-12.939836004545683,-207.13826003302512,0.0,-1.9550122493746513,0.0008072452036914486,0.0
4049.0,-13.31437374384753,-208.0657010143744,0.0,-1.9542095679314628,0.0007981237207672788,0.0
4050.0,-13.688182714740913,-208.9934693194523,0.0,-1.9534160073705094,0.0007890035942006593,0.0
4051.0,-14.061271092692875,-209.92156096065798,0.0,-1.9526315663142475,0.0007798848574769787,0.0
4052.0,-14.433647053170455,-210.84997195039074,0.0,-1.9518562433526598,0.0007707675421111392,0.0
4053.0,-14.80531877164069,-211.77869830104984,0.0,-1.9510900370452633,0.0007616516776711077,0.0
4054.0,-15.17629442357061,-212.70773602503445,0.0,-1.9503329459230045,0.0007525372918039119,0.0
4055.0,-15.546582184427262,-213.6370811347439,0.0,-1.9495849684901876,0.0007434244102589067,0.0
4056.0,-15.916190229677678,-214.5667296425774,0.0,-1.9488461032263706,0.0007343130569102169,0.0
4057.0,-16.28512673478889,-215.4966775609342,0.0,-1.948116348588206,0.0007252032537806231,0.0
4058.0,-16.653399875227944,-216.4269209022135,0.0,-1.947395703011296,0.0007160950210662241,0.0
4059.0,-17.02101782646188,-217.35745567881463,0.0,-1.9466841649119866,0.0007069883771610837,0.0
4060.0,-17.38798876395772,-218.2882779031368,0.0,-1.9459817326891935,0.0006978833386794678,0.0
4061.0,-17.754320863182517,-219.21938358757924,0.0,-1.9452884047261456,0.0006887799204814414,0.0
4062.0,-18.1200222996033,-220.1507687445412,0.0,-1.9446041793921194,0.0006796781356938698,0.0
4063.0,-18.4851012486871,-221.08242938642195,0.0,-1.9439290550441837,0.00067057799573408,0.0
4064.0,-18.84956588590097,-222.0143615256207,0.0,-1.9432630300288805,0.0006614795103389819,0.0
4065.0,-19.213424386711942,-222.94656117453673,0.0,-1.9426061026838815,0.0006523826875846231,0.0
4066.0,-19.576684926587042,-223.8790243455693,0.0,-1.941958271339687,0.0006432875339081719,0.0
4067.0,-19.93935568099332,-224.8117470511176,0.0,-1.941319534321216,0.0006341940541346894,0.0
4068.0,-20.30144482539781,-225.7447253035809,0.0,-1.9406898899493774,0.0006251022514991275,0.0
4069.0,-20.66296053526754,-226.67795511535846,0.0,-1.9400693365427029,0.0006160121276706113,0.0
4070.0,-21.023910986069563,-227.61143249884952,0.0,-1.9394578724188858,0.0006069236827781328,0.0
4071.0,-21.384304353270903,-228.5451534664533,0.0,-1.9388554958962927,0.0005978369154307256,0.0
4072.0,-21.7441488123386,-229.4791140305691,0.0,-1.9382622052954814,0.0005887518227392086,0.0
4073.0,-22.1034525387397,-230.41331020359613,0.0,-1.9376779989406985,0.0005796684003440213,0.0
4074.0,-22.462223707941234,-231.34773799793362,0.0,-1.9371028751613106,0.0005705866424383802,0.0
4075.0,-22.820470495410234,-232.28239342598084,0.0,-1.9365368322932526,0.0005615065417891188,0.0
4076.0,-23.178201076613743,-233.21727250013708,0.0,-1.9359798686804788,0.0005524280897625561,0.0
4077.0,-23.5354236270188,-234.15237123280153,0.0,-1.9354319826762936,0.0005433512763456541,0.0
4078.0,-23.892146322092433,-235.08768563637344,0.0,-1.9348931726447476,0.0005342760901665252,0.0
4079.0,-24.248377337301687,-236.02321172325202,0.0,-1.9343634369619789,0.0005252025185240276,0.0
4080.0,-24.604124848113603,-236.9589455058366,0.0,-1.9338427740175252,0.0005161305474103824,0.0
4081.0,-24.95939702999521,-237.89488299652638,0.0,-1.9333311822156447,0.000507060161528445,0.0
4082.0,-25.314202058413546,-238.83102020772066,0.0,-1.9328286599765871,0.0004979913443183667,0.0
4083.0,-25.668548108835655,-239.76735315181858,0.0,-1.9323352057378078,0.0004889240779801637,0.0
4084.0,-26.02244335672856,-240.70387784121945,0.0,-1.9318508179552192,0.0004798583434960011,0.0
4085.0,-26.375895977559317,-241.64059028832253,0.0,-1.9313754951044237,0.0004707941206559342,0.0
4086.0,-26.72891414679495,-242.57748650552702,0.0,-1.9309092356818456,0.0004617313880778922,0.0
4087.0,-27.081506039902496,-243.51456250523222,0.0,-1.9304520382059362,0.00045267012323008907,0.0
4088.0,-27.433679832349004,-244.45181429983737,0.0,-1.9300039012182897,0.00044361030245671743,0.0
4089.0,-27.785443699601498,-245.3892379017417,0.0,-1.929564823284759,0.0004345519009972027,0.0
4090.0,-28.13680581712702,-246.3268293233444,0.0,-1.9291348029965454,0.0004254948930094704,0.0
4091.0,-28.487774360392606,-247.2645845770448,0.0,-1.9287138389712604,0.00041643925159625826,0.0
4092.0,-28.8383575048653,-248.20249967524208,0.0,-1.9283019298539885,0.0004073849488243234,0.0
4093.0,-29.18856342601213,-249.14057063033556,0.0,-1.92789907431832,0.000398331955745885,0.0
4094.0,-29.53840029930014,-250.07879345472443,0.0,-1.9275052710673293,0.0003892802424237475,0.0
4095.0,-29.887876300196364,-251.01716416080797,0.0,-1.927120518834549,0.0003802297779527595,0.0
4096.0,-30.23699960416783,-251.9556787609854,0.0,-1.9267448163849592,0.0003711805304811141,0.0
4097.0,-30.585778386681596,-252.89433326765598,0.0,-1.9263781625159029,0.00036213246723558267,0.0
4098.0,-30.934220823204683,-253.8331236932189,0.0,-1.9260205560579704,0.0003530855545400557,0.0
4099.0,-31.282335089204135,-254.77204605007353,0.0,-1.9256719958759398,0.0003440397578381596,0.0
4100.0,-31.630129360146984,-255.71109635061902,0.0,-1.925332480869633,0.00033499504172237614,0.0
4101.0,-31.977611811500275,-256.65027060725464,0.0,-1.925002009974718,0.00032595136994681016,0.0
4102.0,-32.32479061873103,-257.58956483237966,0.0,-1.9246805821635995,0.00031690870545044076,0.0
4103.0,-32.67167395730631,-258.5289750383933,0.0,-1.9243681964461745,0.0003078670103856381,0.0
4104.0,-33.018270002693136,-259.46849723769475,0.0,-1.9240648518705743,0.0002988262461346266,0.0
4105.0,-33.36458693035854,-260.4081274426834,0.0,-1.9237705475240436,0.00028978637333613007,0.0
4106.0,-33.71063291576957,-261.34786166575833,0.0,-1.9234852825335604,0.000280747351903294,0.0
4107.0,-34.05641613439327,-262.287695919319,0.0,-1.9232090560666135,0.00027170914104002186,0.0
4108.0,-34.401944761696654,-263.22762621576436,0.0,-1.9229418673318528,0.0002626716992756295,0.0
4109.0,-34.74722697314678,-264.1676485674939,0.0,-1.922683715579759,0.0002536349844834497,0.0
4110.0,-35.09227094421068,-265.10775898690684,0.0,-1.922434600103369,0.00024459895389226737,0.0
4111.0,-35.43708485035537,-266.0479534864023,0.0,-1.9221945202388195,0.00023556356411951512,0.0
4112.0,-35.781676867047935,-266.9882280783796,0.0,-1.9219634753659396,0.00022652877118868792,0.0
4113.0,-36.12605516975537,-267.92857877523807,0.0,-1.9217414649088962,0.0002174945305487563,0.0
4114.0,-36.47022793394471,-268.8690015893768,0.0,-1.921528488336786,0.00020846079710195347,0.0
4115.0,-36.81420333508303,-269.80949253319505,0.0,-1.921324545164007,0.00019942752521890609,0.0
4116.0,-37.15798954863734,-270.75004761909224,0.0,-1.921129634950963,0.00019039466876152083,0.0
4117.0,-37.50159475007467,-271.6906628594674,0.0,-1.9209437573044823,0.0001813621811106923,0.0
4118.0,-37.845027114862084,-272.63133426672,0.0,-1.9207669118782789,0.00017233001518032355,0.0
4119.0,-38.188294818466595,-273.572057853249,0.0,-1.9205990983734156,0.00016329812343913408,0.0
4120.0,-38.53140603635526,-274.512829631454,0.0,-1.920440316538759,0.00015426645794027114,0.0
4121.0,-38.87436894399509,-275.4536456137339,0.0,-1.9202905661713736,0.0001452349703348383,0.0
4122.0,-39.21719171685315,-276.3945018124882,0.0,-1.920149847116895,0.0001362036118929742,0.0
4123.0,-39.559882530396465,-277.335394240116,0.0,-1.9200181592699272,0.00012717233353143342,0.0
4124.0,-39.902449560092066,-278.2763189090166,0.0,-1.9198955025743543,0.000118141085830684,0.0
4125.0,-40.244900981407,-279.21727183158924,0.0,-1.9197818770237192,0.00010910981905779391,0.0
4126.0,-40.5872449698083,-280.1582490202332,0.0,-1.9196772826614736,0.00010007848318663701,0.0
4127.0,-40.929489700763,-281.0992464873476,0.0,-1.9195817195812608,9.104702791554574e-05,0.0
4128.0,-41.27164334973815,-282.0402602453319,0.0,-1.9194951879272422,8.20154027005225e-05,0.0
4129.0,-41.61371409220077,-282.9812863065851,0.0,-1.9194176878942173,7.298355676737296e-05,0.0
4130.0,-41.9557101036179,-283.92232068350677,0.0,-1.919349219727992,6.395143912956465e-05,0.0
4131.0,-42.2976395594566,-284.8633593884958,0.0,-1.9192897837254719,5.491899862153371e-05,0.0
4132.0,-42.639510635183875,-285.80439843395163,0.0,-1.9192393802347942,4.5886183908645204e-05,0.0
4133.0,-42.98133150626678,-286.7454338322735,0.0,-1.9191980096556553,3.685294351307711e-05,0.0
4134.0,-43.32311034817235,-287.6864615958606,0.0,-1.9191656724392652,2.781922584241655e-05,0.0
4135.0,-43.664855336367616,-288.62747773711214,0.0,-1.9191423690885363,1.8784979196067348e-05,0.0
4136.0,-44.006574646319635,-289.56847826842755,0.0,-1.9191281001582021,9.750151796177648e-06,0.0
4137.0,-44.348276453495416,-290.50945920220585,0.0,-1.919122866254824,7.146918090038055e-07,0.0
4138.0,-44.68996893336201,-291.4504165508464,0.0,-1.919126668036846,-8.321452638832788e-06,0.0
4139.0,-45.03166026138646,-292.3913463267485,0.0,-1.9191395062146752,-1.7358333429275318e-05,0.0
4140.0,-45.3733586130358,-293.3322445423113,0.0,-1.9191613815506279,-2.6396002442014804e-05,0.0
4141.0,-45.715072163777045,-294.2731072099341,0.0,-1.9191922948589666,-3.543451153166708e-05,0.0
4142.0,-46.056809089077284,-295.2139303420161,0.0,-1.9192322470057785,-4.44707626133007e-05,0.0
4143.0,-46.398577564403496,-296.1547099509566,0.0,-1.9192812389089697,-5.347871238747803e-05,0.0
4144.0,-46.74038576522274,-297.0954420491548,0.0,-1.9193392715382447,-6.240798690363267e-05,0.0
4145.0,-47.082241867002075,-298.03612264901,0.0,-1.9194063459148687,-7.122343795323045e-05,0.0
4146.0,-47.42415404520851,-298.9767477629214,0.0,-1.9194824190132387,-7.991734114016451e-05,0.0
4147.0,-47.76613043685925,-299.91731355587496,0.0,-1.919567170725489,-8.848964666214558e-05,0.0
4148.0,-48.10817893739873,-300.8578171515285,0.0,-1.9196602175007562,-9.694031172199516e-05,0.0
4149.0,-48.45030734867511,-301.79825604497324,0.0,-1.9197614524953341,-0.00010527243364744088,0.0
4150.0,-48.792523472332036,-302.7386277321118,0.0,-1.9198708761953764,-0.00011351204513191223,0.0
4151.0,-49.134835110013164,-303.67892970884674,0.0,-1.919988489305108,-0.00012170949963149649,0.0
4152.0,-49.47725006336216,-304.61915947108076,0.0,-1.9201142925121133,-0.00012989991493147658,0.0
4153.0,-49.81977613402268,-305.55931451471645,0.0,-1.9202482864870583,-0.00013809097504848187,0.0
4154.0,-50.162421123638346,-306.4993923356565,0.0,-1.9203904718835163,-0.00014628267940763884,0.0
4155.0,-50.50519283385286,-307.43939042980344,0.0,-1.92054084933757,-0.00015447501039996973,0.0
4156.0,-50.84809906630985,-308.37930629306,0.0,-1.920699419467561,-0.00016266795011402442,0.0
4157.0,-51.191147622652984,-309.31913742132866,0.0,-1.9208661828738283,-0.00017086148031921131,0.0
4158.0,-51.5343463045259,-310.25888131051227,0.0,-1.9210411401383631,-0.00017905558245477426,0.0
4159.0,-51.877702913572264,-311.19853545651324,0.0,-1.9212242918244578,-0.00018725023761499503,0.0
4160.0,-52.22122525143574,-312.1380973552344,0.0,-1.9214156384763101,-0.00019544542652719495,0.0
4161.0,-52.56492111975998,-313.07756450257824,0.0,-1.9216151806187334,-0.00020364112953503394,0.0
4162.0,-52.90879832018862,-314.0169343944475,0.0,-1.9218229187567197,-0.00021183732658265026,0.0
4163.0,-53.25286465436535,-314.9562045267447,0.0,-1.9220388533750212,-0.00022003399720217837,0.0
4164.0,-53.597127923933776,-315.8953723953726,0.0,-1.9222629849377488,-0.00022823112049468502,0.0
4165.0,-53.94159593053761,-316.8344354962337,0.0,-1.922495313887933,-0.0002364286751105655,0.0
4166.0,-54.286276475820465,-317.7733913252307,0.0,-1.922735840647045,-0.0002446266392369984,0.0
4167.0,-54.63117736142602,-318.7122373782662,0.0,-1.9229845656145534,-0.0002528249905798014,0.0
4168.0,-54.97630638899792,-319.65097115124286,0.0,-1.9232414891674157,-0.0002610237063505208,0.0
4169.0,-55.32167136017981,-320.58959014006325,0.0,-1.9235066116595854,-0.0002692227632479703,0.0
4170.0,-55.66728007661538,-321.5280918406301,0.0,-1.9237799334214736,-0.0002774221374328066,0.0
4171.0,-56.013140339948244,-322.466473748846,0.0,-1.9240614547594137,-0.00028562180452262886,0.0
4172.0,-56.35925995182208,-323.4047333606137,0.0,-1.9243511759551755,-0.0002938217395751666,0.0
4173.0,-56.70564671388055,-324.34286817183556,0.0,-1.9246490972652741,-0.0003020219170650127,0.0
4174.0,-57.052308427767294,-325.28087567841436,0.0,-1.9249552189203836,-0.00031022231087142666,0.0
4175.0,-57.39925289512597,-326.2187533762528,0.0,-1.9252695411249023,-0.00031842289425730385,0.0
4176.0,-57.746487917600234,-327.1564987612533,0.0,-1.925592064056151,-0.0003266236398580258,0.0
4177.0,-58.09402129683375,-328.09410932931877,0.0,-1.925922787863818,-0.00033482451966967573,0.0
4178.0,-58.44186083447017,-329.0315825763516,0.0,-1.9262617126692692,-0.00034302550502169585,0.0
4179.0,-58.790014332153135,-329.9689159982546,0.0,-1.9266088385649223,-0.0003512265665622476,0.0
4180.0,-59.138489591526316,-330.9061070909303,0.0,-1.9269641656135397,-0.00035942767424690375,0.0
4181.0,-59.48729441423337,-331.8431533502814,0.0,-1.9273276938474935,-0.0003676287973196793,0.0
4182.0,-59.83643660191793,-332.7800522722104,0.0,-1.9276994232680962,-0.00037582990429842395,0.0
4183.0,-60.18592395622368,-333.7168013526201,0.0,-1.9280793538448286,-0.00038403096295429914,0.0
4184.0,-60.535764278794275,-334.653398087413,0.0,-1.9284674855145971,-0.000392231940300723,0.0
4185.0,-60.88596537127335,-335.5898399724918,0.0,-1.9288638181809656,-0.0004004328025737517,0.0
4186.0,-61.23653503530456,-336.5261245037591,0.0,-1.9292683517134037,-0.00040863351521195203,0.0
4187.0,-61.587481072531574,-337.46224917711754,0.0,-1.9296810859464184,-0.00041683404285134236,0.0
4188.0,-61.938811284598046,-338.3982114884698,0.0,-1.9301020206788249,-0.0004250343493036324,0.0
4189.0,-62.290533473147626,-339.3340089337184,0.0,-1.9305311556727973,-0.0004332343975322101,0.0
4190.0,-62.642655439823976,-340.2696390087661,0.0,-1.9309684906530948,-0.0004414341496440218,0.0
4191.0,-62.99518498627074,-341.2050992095155,0.0,-1.9314140253062497,-0.0004496335668733626,0.0
4192.0,-63.34812991413158,-342.1403870318691,0.0,-1.931867759279564,-0.000457832609565096,0.0
4193.0,-63.701498025050164,-343.0754999717297,0.0,-1.9323296921802564,-0.00046603123715973,0.0
4194.0,-64.05529712067012,-344.0104355249998,0.0,-1.932799823574582,-0.00047422940816924504,0.0
4195.0,-64.40953500263512,-344.94519118758217,0.0,-1.9332781529868883,-0.0004824270801684825,0.0
4196.0,-64.76421947258882,-345.8797644553793,0.0,-1.9337646798986452,-0.0004906242097852794,0.0
4197.0,-65.11935833217488,-346.8141528242939,0.0,-1.9342594037474832,-0.0004988207526745526,0.0
4198.0,-65.47495938303695,-347.7483537902286,0.0,-1.9347623239262308,-0.0005070166634983306,0.0
4199.0,-65.83103042681869,-348.68236484908607,0.0,-1.9352734397819416,-0.0005152118959184897,0.0
4200.0,-66.18757926516372,-349.6161834967689,0.0,-1.9357927506148727,-0.000523406402584002,0.0
4201.0,-66.54461369971574,-350.54980722917963,0.0,-1.9363202556774095,-0.0005316001351106182,0.0
4202.0,-66.9021415321184,-351.483233542221,0.0,-1.9368559541730375,-0.0005397930440600916,0.0
4203.0,-67.26017056401534,-352.4164599317956,0.0,-1.937399845255355,-0.0005479850789260451,0.0
4204.0,-67.61870859705023,-353.3494838938061,0.0,-1.9379519280269495,-0.0005561761881266922,0.0
4205.0,-67.9777634328667,-354.2823029241551,0.0,-1.9385122015383132,-0.0005643663189867246,0.0
4206.0,-68.33734287310843,-355.21491451874516,0.0,-1.9390806647867005,-0.0005725554177157254,0.0
4207.0,-68.69745471941907,-356.1473161734791,0.0,-1.9396573167150784,-0.0005807434293948952,0.0
4208.0,-69.05810677344226,-357.0795053842594,0.0,-1.9402421562109775,-0.0005889302979626975,0.0
4209.0,-69.41930683682168,-358.01147964698873,0.0,-1.9408351821052836,-0.0005971159662006643,0.0
4210.0,-69.78106271120097,-358.94323645756975,0.0,-1.941436393171129,-0.0006053003757178528,0.0
4211.0,-70.14338219822379,-359.8747733119051,0.0,-1.942045788122704,-0.0006134834669340331,0.0
4212.0,-70.50627309953379,-360.80608770589726,0.0,-1.9426633656140364,-0.0006216651790661283,0.0
4213.0,-70.86974321677465,-361.7371771354491,0.0,-1.9432891242377865,-0.0006298454501114817,0.0
4214.0,-71.23380035158998,-362.668039096463,0.0,-1.9439230625240422,-0.0006380242168325191,0.0
4215.0,-71.59845230562345,-363.59867108484184,0.0,-1.94456517893909,-0.0006462014147461391,0.0
4216.0,-71.96370688051877,-364.5290705964881,0.0,-1.9452154718840968,-0.0006543769781073928,0.0
4217.0,-72.3295718779195,-365.4592351273044,0.0,-1.9458739396938765,-0.0006625508398892137,0.0
4218.0,-72.69605509946939,-366.3891621731934,0.0,-1.9465405806356118,-0.0006707229317726318,0.0
4219.0,-73.06316434681202,-367.3188492300578,0.0,-1.9472153929075746,-0.0006788931841322786,0.0
4220.0,-73.4309074215911,-368.24829379380014,0.0,-1.9478983746377518,-0.0006870615260216673,0.0
4221.0,-73.79929212545026,-369.1774933603231,0.0,-1.948589523882526,-0.0006952278851624558,0.0
4222.0,-74.16832626003314,-370.1064454255293,0.0,-1.9492888386254232,-0.0007033921879197999,0.0
4223.0,-74.53801762698343,-371.0351474853213,0.0,-1.9499963167756156,-0.000711554359292805,0.0
4224.0,-74.90837402794477,-371.96359703560194,0.0,-1.950711956166661,-0.0007197143229130042,0.0
4225.0,-75.2794032645608,-372.89179157227363,0.0,-1.9514357545551015,-0.0007278720010111142,0.0
4226.0,-75.65111313847521,-373.8197285912391,0.0,-1.952167709618962,-0.0007360273144100101,0.0
4227.0,-76.02351145133161,-374.74740558840097,0.0,-1.9529078189564637,-0.0007441801825229165,0.0
4228.0,-76.3966060047737,-375.6748200596619,0.0,-1.9536560800845961,-0.0007523305233200535,0.0
4229.0,-76.77040460044512,-376.6019695009244,0.0,-1.9544124904375086,-0.000760478253326908,0.0
4230.0,-77.1449150399895,-377.52885140809127,0.0,-1.9551770473652703,-0.0007686232876119581,0.0
4231.0,-77.52014512505052,-378.455463277065,0.0,-1.9559497481323271,-0.0007767655397655464,0.0
4232.0,-77.89610265727185,-379.3818026037483,0.0,-1.9567305899159162,-0.000784904921901229,0.0
4233.0,-78.27279543829712,-380.3078668840438,0.0,-1.957519569804724,-0.0007930413446289387,0.0
4234.0,-78.65023126976999,-381.233653613854,0.0,-1.958316684797269,-0.0008011747170363189,0.0
4235.0,-79.02841795333411,-382.15916028908185,0.0,-1.9591219318005084,-0.000809304946696113,0.0
4236.0,-79.40736329063316,-383.0843844056297,0.0,-1.9599353076282136,-0.000817431939648418,0.0
4237.0,-79.78707508331077,-384.0093234594002,0.0,-1.9607568089993705,-0.0008255556003795888,0.0
4238.0,-80.16756113301062,-384.9339749462961,0.0,-1.9615864325367354,-0.0008336758318105668,0.0
4239.0,-80.54882924137632,-385.8583363622199,0.0,-1.9624241747652535,-0.0008417925352870448,0.0
4240.0,-80.93088721005157,-386.78240520307435,0.0,-1.9632700321104646,-0.0008499056105757566,0.0
4241.0,-81.31374284068,-387.706178964762,0.0,-1.9641240008968428,-0.0008580149558489339,0.0
4242.0,-81.6974039349053,-388.6296551431855,0.0,-1.9649860773462826,-0.0008661204676667167,0.0
4243.0,-82.0818782943711,-389.55283123424755,0.0,-1.965856257576458,-0.0008742220409656712,0.0
4244.0,-82.46717372072104,-390.4757047338507,0.0,-1.9667345375991867,-0.0008823195690517467,0.0
4245.0,-82.85329801559878,-391.3982731378976,0.0,-1.9676209133188043,-0.0008904129435950743,0.0
4246.0,-83.24025898064802,-392.320533942291,0.0,-1.9685153805305187,-0.0008985020546122825,0.0
4247.0,-83.62806441751238,-393.2424846429333,0.0,-1.9694179349187189,-0.0009065867904528409,0.0
4248.0,-84.01672212783551,-394.16412273572723,0.0,-1.970328572055313,-0.0009146670377942559,0.0
4249.0,-84.40623991326106,-395.0854457165755,0.0,-1.9712472873981435,-0.0009227426816300463,0.0
4250.0,-84.7966255754327,-396.00645108138065,0.0,-1.972174076289169,-0.000930813605260721,0.0
4251.0,-85.1878869159941,-396.9271363260454,0.0,-1.9731089339528154,-0.0009388796902878622,0.0
4252.0,-85.5800317365889,-397.8474989464723,0.0,-1.9740518554942952,-0.0009469408165957585,0.0
4253.0,-85.97306783886076,-398.76753643856404,0.0,-1.9750028358978484,-0.0009549968623452683,0.0
4254.0,-86.36700302445331,-399.68724629822316,0.0,-1.9759618700250392,-0.0009630477039709794,0.0
4255.0,-86.76184509501023,-400.6066260213524,0.0,-1.9769289526130227,-0.0009710932161627329,0.0
4256.0,-87.15760185217518,-401.5256731038543,0.0,-1.9779040782727744,-0.0009791332718665899,0.0
4257.0,-87.55428109759178,-402.4443850416315,0.0,-1.978887241487372,-0.000987167742275157,0.0
4258.0,-87.95189063290375,-403.3627593305867,0.0,-1.9798784366102062,-0.000995196496808475,0.0
4259.0,-88.3504382597547,-404.28079346662247,0.0,-1.9808776578631826,-0.0010032194031148903,0.0
4260.0,-88.74993177978827,-405.19848494564155,0.0,-1.9818848993350933,-0.0010112363270680738,0.0
4261.0,-89.15037899464815,-406.1158312635464,0.0,-1.9829001549796466,-0.001019247132754919,0.0
4262.0,-89.551787705978,-407.0328299162398,0.0,-1.983923418613734,-0.0010272516824674702,0.0
4263.0,-89.95416571542145,-407.94947839962424,0.0,-1.9849546839156715,-0.0010352498366919458,0.0
4264.0,-90.35752082462217,-408.8657742096026,0.0,-1.9859939444234278,-0.001043241454107232,0.0
4265.0,-90.7618608352238,-409.7817148420772,0.0,-1.9870411935327192,-0.0010512263915869297,0.0
4266.0,-91.16719354887,-410.69729779295085,0.0,-1.9880964244952142,-0.0010592045041819223,0.0
4267.0,-91.57352676720446,-411.6125205581261,0.0,-1.989159630416749,-0.0010671756451176016,0.0
4268.0,-91.98086829187076,-412.5273806335057,0.0,-1.9902308042554921,-0.0010751396657883,0.0
4269.0,-92.38922592451264,-413.44187551499215,0.0,-1.9913099388201054,-0.001083096415752311,0.0
4270.0,-92.7986074667737,-414.35600269848817,0.0,-1.992397026767847,-0.001091045742734236,0.0
4271.0,-93.20902072029762,-415.2697596798964,0.0,-1.9934920606028987,-0.0010989874926100435,0.0
4272.0,-93.62047348672805,-416.18314395511936,0.0,-1.9945950326742845,-0.001106921509409085,0.0
4273.0,-94.03297356770864,-417.09615302005983,0.0,-1.9957059351741813,-0.0011148476353145848,0.0
4274.0,-94.44652876488304,-418.0087843706203,0.0,-1.9968247601360611,-0.001122765710644846,0.0
4275.0,-94.86114687989492,-418.92103550270343,0.0,-1.9979514994327205,-0.0011306755738636723,0.0
4276.0,-95.27683571438791,-419.832903912212,0.0,-1.9990861447746042,-0.0011385770615834265,0.0
4277.0,-95.69360307000572,-420.7443870950484,0.0,-2.0002286877077524,-0.0011464700085485374,0.0
4278.0,-96.11145674839196,-421.65548254711547,0.0,-2.001379119612021,-0.0011543542476377517,0.0
4279.0,-96.53040455119029,-422.5661877643157,0.0,-2.0025374316992535,-0.0011622296098615014,0.0
4280.0,-96.95045428004435,-423.4765002425519,0.0,-2.0037036150113803,-0.0011700959243659786,0.0
4281.0,-97.37161373659784,-424.38641747772647,0.0,-2.0048776604185417,-0.0011779530184357382,0.0
4282.0,-97.79389072249438,-425.29593696574216,0.0,-2.0060595586171686,-0.001185800717483484,0.0
4283.0,-98.21729303937765,-426.2050562025016,0.0,-2.0072493001282172,-0.0011936413736479687,0.0
4284.0,-98.6418284888913,-427.11377268390754,0.0,-2.008446875295263,-0.001205562980470682,0.0
4285.0,-99.06750487267897,-428.0220839058624,0.0,-2.009652274282611,-0.0012421174367165386,0.0
4286.0,-99.49432999238431,-428.9299873642689,0.0,-2.0108654870734326,-0.0013345044006525253,0.0
4287.0,-99.92231164965098,-429.83748055502963,0.0,-2.0120865388682727,-0.001499826534933143,0.0
4288.0,-100.35145770584487,-430.7445609341475,0.0,-2.0133726182882388,-0.0017404994413810254,0.0
4289.0,-100.781872453802,-431.65116153264006,0.0,-2.014954244861503,-0.0020566285835747727,0.0
4290.0,-101.21395257408577,-432.5570200399534,0.0,-2.017037675493018,-0.0024483409154399155,0.0
4291.0,-101.64814995467069,-433.461837261966,0.0,-2.019656071419526,-0.0029116976360727006,0.0
4292.0,-102.0849164835313,-434.36531400455624,0.0,-2.022810070337682,-0.0034263111216954146,0.0
4293.0,-102.52470404864215,-435.2671510736028,0.0,-2.026500491188408,-0.003961155575889861,0.0
4294.0,-102.96796453797775,-436.167049274984,0.0,-2.030728307569456,-0.004499305580508769,0.0
4295.0,-103.41514983951265,-437.0647094145783,0.0,-2.0354946164920733,-0.005038519231863221,0.0
4296.0,-103.86671184122137,-437.95983229826436,0.0,-2.0408006023614043,-0.005578853550763834,0.0
4297.0,-104.32310243107848,-438.85211873192054,0.0,-2.046647496055575,-0.006120321910443601,0.0
4298.0,-104.7847734970585,-439.7412695214254,0.0,-2.053036528984092,-0.0066628890015128905,0.0
4299.0,-105.25217692713593,-440.6269854726574,0.0,-2.0599688820192013,-0.0072064657248443855,0.0
4300.0,-105.72576460928536,-441.50896739149493,0.0,-2.0674456292175827,-0.00775090404504865,0.0
4301.0,-106.20598843148129,-442.3869160838167,0.0,-2.075467676286492,-0.00829599184957711,0.0
4302.0,-106.69330028169827,-443.26053235550097,0.0,-2.084035693796218,-0.008841447872055255,0.0
4303.0,-107.18815204791082,-444.1295170124263,0.0,-2.093150045205081,-0.009386916753283212,0.0
4304.0,-107.69099561809348,-444.9935708604712,0.0,-2.1028107098425792,-0.009931964328811254,0.0
4305.0,-108.2022828802208,-445.85239470551426,0.0,-2.1130172010911674,-0.010476073248018818,0.0
4306.0,-108.7224657222673,-446.7056893534337,0.0,-2.1237684801208996,-0.011018639045849321,0.0
4307.0,-109.25199603220751,-447.5531556101082,0.0,-2.1350628656618493,-0.011557987293562593,0.0
4308.0,-109.791325698016,-448.3944942814163,0.0,-2.146897940445583,-0.012081553887727657,0.0
4309.0,-110.34090660766726,-449.2294061732363,0.0,-2.1592704551093904,-0.012562593533204134,0.0
4310.0,-110.90119064913584,-450.05759209144685,0.0,-2.172176230533799,-0.012980283411759892,0.0
4311.0,-111.47262971039632,-450.87875284192637,0.0,-2.1855963466237376,-0.01332989204200866,0.0
4312.0,-112.05564298190556,-451.69259050793835,0.0,-2.1993733187381963,-0.013612665895742473,0.0
4313.0,-112.65031738483327,-452.49882015341916,0.0,-2.2132886719387286,-0.013830038897411585,0.0
4314.0,-113.25654619906553,-453.29716440723655,0.0,-2.227266641608659,-0.013984553976341081,0.0
4315.0,-113.87422029239885,-454.0873459924902,0.0,-2.2413126530868945,-0.014089693633468046,0.0
4316.0,-114.50323053262966,-454.86908763228024,0.0,-2.2554330650084733,-0.014173182861992333,0.0
4317.0,-115.14346778755447,-455.6421120497065,0.0,-2.2696341651984784,-0.014256897363995444,0.0
4318.0,-115.79482292496971,-456.4061419678689,0.0,-2.2839221676278334,-0.01434670697134756,0.0
4319.0,-116.45718681267186,-457.16090010986744,0.0,-2.298303208602653,-0.014442601597823623,0.0
4320.0,-117.13045031845739,-457.90610919880197,0.0,-2.3127833421421644,-0.014544494463612199,0.0
4321.0,-117.81450431012274,-458.64149195777236,0.0,-2.327368534501159,-0.014652292775351626,0.0
4322.0,-118.50923965546441,-459.36677110987864,0.0,-2.34206465779326,-0.014765896807611548,0.0
4323.0,-119.21454722227887,-460.0816693782207,0.0,-2.3568774826716385,-0.014885198943251654,0.0
4324.0,-119.93031787836254,-460.7859094858985,0.0,-2.371812670025884,-0.01501008267460811,0.0
4325.0,-120.65644249151192,-461.479214156012,0.0,-2.3868757616553506,-0.015140421568031397,0.0
4326.0,-121.39281192952349,-462.1613061116609,0.0,-2.4020721698816976,-0.015276039905369519,0.0
4327.0,-122.13931706019368,-462.8319080759454,0.0,-2.417407166068643,-0.015411889042711702,0.0
4328.0,-122.89584875131897,-463.4907427719653,0.0,-2.432885868019194,-0.015528529275796892,0.0
4329.0,-123.66229787069584,-464.1375329228205,0.0,-2.4485132262276648,-0.015600461065928986,0.0
4330.0,-124.43855528612073,-464.77200125161096,0.0,-2.464293472912407,-0.015615122228989562,0.0
4331.0,-125.22451145135472,-465.39387152751414,0.0,-2.4801631263830792,-0.015570534732251418,0.0
4332.0,-126.02000494780623,-466.0029985773423,0.0,-2.495924715159312,-0.015465918404090109,0.0
4333.0,-126.82477264449058,-466.59949420845703,0.0,-2.5114296713007422,-0.01530062731124266,0.0
4334.0,-127.63853958799817,-467.1835000980635,0.0,-2.5266613758554524,-0.0150789694682844,0.0
4335.0,-128.46103082491942,-467.75515792336654,0.0,-2.5416191444839047,-0.014819721222039244,0.0
4336.0,-129.2919714018447,-468.3146093615712,0.0,-2.5563028074202157,-0.0145477925010608,0.0
4337.0,-130.13108636536452,-468.8619960898824,0.0,-2.5707126740772535,-0.014275226365467616,0.0
4338.0,-130.97810076206923,-469.3974597855051,0.0,-2.5848494977742145,-0.014003549244556079,0.0
4339.0,-131.83273963854924,-469.92114212564434,0.0,-2.598714440876726,-0.013733154583474716,0.0
4340.0,-132.69472804139505,-470.433184787505,0.0,-2.6123090405981793,-0.01346440245496483,0.0
4341.0,-133.56379101719702,-470.9337294482921,0.0,-2.625635175674562,-0.013197620451083556,0.0
4342.0,-134.43965361254556,-471.4229177852107,0.0,-2.63869503408858,-0.012933104738478036,0.0
4343.0,-135.32204087403107,-471.90089147546564,0.0,-2.651491081984186,-0.012671121245225197,0.0
4344.0,-136.21067784824405,-472.3677921962619,0.0,-2.6640260338827906,-0.012411906949821321,0.0
4345.0,-137.10528958177483,-472.8237616248046,0.0,-2.676302824283847,-0.012155671245359214,0.0
4346.0,-138.00560112121386,-473.2689414382985,0.0,-2.688324580705786,-0.01190259735483117,0.0
4347.0,-138.91133751315158,-473.70347331394873,0.0,-2.700094598202272,-0.01165284466753832,0.0
4348.0,-139.82222380417835,-474.12749892896016,0.0,-2.7116163153679675,-0.011409479618537268,0.0
4349.0,-140.73798504088467,-474.54115996053775,0.0,-2.7228932918302036,-0.011187899988342005,0.0
4350.0,-141.65834626986089,-474.94459808588664,0.0,-2.733929187210199,-0.011011819234756168,0.0
4351.0,-142.58303253769745,-475.3379549822116,0.0,-2.744727754002314,-0.01089436680392456,0.0
4352.0,-143.51176890349777,-475.72137230476864,0.0,-2.7553338188238454,-0.010837268449500994,0.0
4353.0,-144.44432159652933,-476.09491949206637,0.0,-2.7659241860025756,-0.01084031837703346,0.0
4354.0,-145.38058966297356,-476.45843300794115,0.0,-2.7766604621920687,-0.010903281782609828,0.0
4355.0,-146.3204988815286,-476.81170242461604,0.0,-2.7875715866331148,-0.011022966461235002,0.0
4356.0,-147.26397503089262,-477.1545173143143,0.0,-2.7986597788580703,-0.011183800711751861,0.0
4357.0,-148.21094388976377,-477.4866672492592,0.0,-2.809927157460801,-0.011361850922203511,0.0
4358.0,-149.1613312368402,-477.80794180167373,0.0,-2.82137572870825,-0.011543722888283028,0.0
4359.0,-150.1150628508201,-478.1181305437811,0.0,-2.8330073745751996,-0.011727382839630896,0.0
4360.0,-151.07206451040162,-478.41702304780466,0.0,-2.8448238402157475,-0.011912686363769838,0.0
4361.0,-152.03226199428292,-478.70440888596744,0.0,-2.856826720889746,-0.012099475777300686,0.0
4362.0,-152.99558108116216,-478.98007763049264,0.0,-2.8690174483714,-0.0122875796411755,0.0
4363.0,-153.96194754973752,-479.2438188536035,0.0,-2.8813972768746177,-0.012476812315649944,0.0
4364.0,-154.93128717870715,-479.4954221275233,0.0,-2.8939672685370312,-0.012666973563517455,0.0
4365.0,-155.90352574676916,-479.734677024475,0.0,-2.906728278514229,-0.012857848210843013,0.0
4366.0,-156.87858903262176,-479.96137311668184,0.0,-2.9196809397456773,-0.013049205874970968,0.0
4367.0,-157.8564028149631,-480.1752999763672,0.0,-2.932825647464369,-0.013239987899461443,0.0
4368.0,-158.83689287249138,-480.37624717575403,0.0,-2.946162543530369,-0.013423423538934682,0.0
4369.0,-159.8199849839047,-480.5640042870656,0.0,-2.9596915006825792,-0.013586990897771014,0.0
4370.0,-160.80560492790124,-480.73836088252517,0.0,-2.973412106813032,-0.013722355924890968,0.0
4371.0,-161.7936784831792,-480.8991065343558,0.0,-2.987312269191077,-0.01382811023449228,0.0
4372.0,-162.78411661620268,-481.0460515717528,0.0,-3.001311207405269,-0.013904746676631774,0.0
4373.0,-163.7767401964289,-481.1791325804274,0.0,-3.015315883423432,-0.01395280184895612,0.0
4374.0,-164.7713362155754,-481.2983336203136,0.0,-3.029303686735088,-0.013973667435054953,0.0
4375.0,-165.76769160428864,-481.4036388369267,0.0,-3.043278047542542,-0.013974475684180896,0.0
4376.0,-166.7655932932153,-481.49503237578176,0.0,-3.057242450143251,-0.013968140191113969,0.0
4377.0,-167.76482821300175,-481.572498382394,0.0,-3.0712003832377457,-0.013963418662182838,0.0
4378.0,-168.7651832942947,-481.6360210022786,0.0,-3.0851553368571327,-0.013962176884446644,0.0
4379.0,-169.76644546774062,-481.68558438095084,0.0,-3.099110799317746,-0.013964414959350017,0.0
4380.0,-170.76840166398605,-481.7211726639257,0.0,-3.1130702541865505,-0.013970126593198155,0.0
4381.0,-171.77083881367759,-481.74276999671855,0.0,-3.127037177242529,-0.013979302411649654,0.0
4382.0,-172.77354384746175,-481.75036052484444,0.0,-3.1410150334173537,-0.013991929931592548,0.0
4383.0,-173.7763036959851,-481.7439283938185,0.0,-3.1550072736993395,-0.01400799351754348,0.0
4384.0,-174.77890528989417,-481.7234577491561,0.0,-3.1690173319864314,-0.014027284486678544,0.0
4385.0,-175.78113555983555,-481.68893273637235,0.0,-3.183048621871542,-0.014047518206648686,0.0
4386.0,-176.78278143645574,-481.64033750098235,0.0,-3.197104533345632,-0.014063615762015185,0.0
4387.0,-177.78362985040135,-481.57765618850135,0.0,-3.211188429404273,-0.0140714354287038,0.0
4388.0,-178.78346773231885,-481.5008729444445,0.0,-3.2253009848383063,-0.01406975623936267,0.0
4389.0,-179.78208367216558,-481.409977123791,0.0,-3.239416480714658,-0.014058449123251542,0.0
4390.0,-180.77928264426862,-481.30500952082474,0.0,-3.2534964470702477,-0.014037408754782734,0.0
4391.0,-181.77487895986346,-481.18604024337975,0.0,-3.2675282546173765,-0.01400673086055661,0.0
4392.0,-182.76868703870923,-481.0531397400048,0.0,-3.2815142865916744,-0.013968595010632048,0.0
4393.0,-183.76052130056522,-480.9063784592486,0.0,-3.2954571563510213,-0.013927982864564235,0.0
4394.0,-184.75019616519054,-480.7458268496598,0.0,-3.309359528965842,-0.013888946633947732,0.0
4395.0,-185.73752605234444,-480.57155535978706,0.0,-3.32322411732453,-0.013852625479682783,0.0
4396.0,-186.72232538178608,-480.38363443817906,0.0,-3.3370536783772833,-0.013819074361418921,0.0
4397.0,-187.7044085732747,-480.1821345333845,0.0,-3.350851009511522,-0.013788332205830851,0.0
4398.0,-188.68359004656946,-479.96712609395206,0.0,-3.3646189450513706,-0.013760434480635748,0.0
4399.0,-189.6596842214296,-479.7386795684303,0.0,-3.3783603528732393,-0.013735413305325348,0.0
4400.0,-190.63250551761433,-479.49686540536806,0.0,-3.3920781311293213,-0.013713297553082291,0.0
4401.0,-191.60186835488278,-479.24175405331385,0.0,-3.405775205069174,-0.013694111316917112,0.0
4402.0,-192.5675871529942,-478.9734159608165,0.0,-3.4194545239500984,-0.013676397451727995,0.0
4403.0,-193.52947633170783,-478.6919215764246,0.0,-3.4331190580262696,-0.013652980992316361,0.0
4404.0,-194.48735031078277,-478.3973413486868,0.0,-3.4467717956056876,-0.01361309866545936,0.0
4405.0,-195.4410235099783,-478.0897457261518,0.0,-3.4604157173940444,-0.013550819298153079,0.0
4406.0,-196.3903103774222,-477.76920519605795,0.0,-3.4740331448547574,-0.01346514752002416,0.0
4407.0,-197.3350509999284,-477.43582521216456,0.0,-3.4875470730402323,-0.013355856624165257,0.0
4408.0,-198.2751583472887,-477.0898106274029,0.0,-3.500889644474694,-0.013222747711191727,0.0
4409.0,-199.2105582528885,-476.73138383831474,0.0,-3.5140515547187214,-0.013067124598398774,0.0
4410.0,-200.14117655011327,-476.3607672414418,0.0,-3.527034092537985,-0.01289602890534255,0.0
4411.0,-201.06693907234853,-475.97818323332586,0.0,-3.539838753832286,-0.012720109105062763,0.0
4412.0,-201.9877716529797,-475.58385421050866,0.0,-3.55246722712413,-0.01254519874504664,0.0
4413.0,-202.90360012539227,-475.17800256953177,0.0,-3.5649213795022545,-0.012372211445145949,0.0
4414.0,-203.8143503229717,-474.76085070693716,0.0,-3.577203243067531,-0.012201306812403294,0.0
4415.0,-204.71994807910352,-474.3326210192663,0.0,-3.589315001918274,-0.012032631777926872,0.0
4416.0,-205.62031922717316,-473.89353590306115,0.0,-3.6012589797057943,-0.011866321164407065,0.0
4417.0,-206.51538960056604,-473.44381775486335,0.0,-3.6130376277829552,-0.011702498274425377,0.0
4418.0,-207.4050850326677,-472.9836889712145,0.0,-3.6246535139609617,-0.011537885672998658,0.0
4419.0,-208.2893313568636,-472.51337194865664,0.0,-3.6361093118864307,-0.01135046875621556,0.0
4420.0,-209.1680544065392,-472.0330890837311,0.0,-3.647407791041653,-0.011101761009228644,0.0
4421.0,-210.04118001508,-471.54306277297997,0.0,-3.658551807370088,-0.010767329978908072,0.0
4422.0,-210.9086340158714,-471.0435154129449,0.0,-3.6694968370376984,-0.010342259817448707,0.0
4423.0,-211.7704145799875,-470.534737186352,0.0,-3.679983707173388,-0.009826008276799199,0.0
4424.0,-212.6268450870111,-470.0173230222421,0.0,-3.6897375544445628,-0.009218104332260968,0.0
4425.0,-213.47834026687647,-469.49195345222233,0.0,-3.698696207004067,-0.008521517971575377,0.0
4426.0,-214.32531485431707,-468.959309012397,0.0,-3.706858256287607,-0.007757979459451051,0.0
4427.0,-215.16818358406655,-468.4200702388704,0.0,-3.7142229625156653,-0.006965698997136854,0.0
4428.0,-216.00736119085843,-467.87491766774696,0.0,-3.720790096547729,-0.006168827773632543,0.0
4429.0,-216.8432624094263,-467.32453183513115,0.0,-3.7265597994621125,-0.0053719845552020465,0.0
4430.0,-217.67630197450382,-466.7695932771274,0.0,-3.7315324571812885,-0.00457538992442357,0.0
4431.0,-218.50689462082448,-466.2107825298399,0.0,-3.735708590396578,-0.003779161975701749,0.0
4432.0,-219.33545508312193,-465.6487801293732,0.0,-3.7390887598829075,-0.002983331735391115,0.0
4433.0,-220.16239809612966,-465.08426661183177,0.0,-3.7416734871815955,-0.0021878583858556673,0.0
4434.0,-220.98813839458137,-464.51792251331983,0.0,-3.743463190563607,-0.0013926444577546501,0.0
4435.0,-221.81309071321058,-463.9504283699418,0.0,-3.744458136159612,-0.0005975509636902171,0.0
4436.0,-222.6376697867509,-463.38246471780224,0.0,-3.744658404145705,0.0001975875264946961,0.0
4437.0,-223.46229034993587,-462.81471209300537,0.0,-3.744063869899675,0.0009929478484294357,0.0
4438.0,-224.2873671374991,-462.2478510316557,0.0,-3.7426742000867566,0.0017887032110751441,0.0
4439.0,-225.11331488417417,-461.6825620698575,0.0,-3.740488863684392,0.00258500813136951,0.0
4440.0,-225.94054832469465,-461.1195257437153,0.0,-3.737507158009185,0.003381983298884077,0.0
4441.0,-226.76948219379415,-460.55942258933345,0.0,-3.733728249858005,0.004179700342778148,0.0
4442.0,-227.60053122620621,-460.0029331428163,0.0,-3.7291512319101616,0.004978166489563903,0.0
4443.0,-228.43411015666447,-459.45073794026825,0.0,-3.7237751945559823,0.005777309123806092,0.0
4444.0,-229.27063371990246,-458.9035175177938,0.0,-3.717599313305021,0.0065769602951743725,0.0
4445.0,-230.11051665065378,-458.3619524114972,0.0,-3.7106229518825167,0.007376841254004665,0.0
4446.0,-230.95417368365202,-457.8267231574829,0.0,-3.7028457810347373,0.008176547143654789,0.0
4447.0,-231.80201955363077,-457.29851029185534,0.0,-3.6942679129255547,0.008971866723547883,0.0
4448.0,-232.65446899532355,-456.7779943507189,0.0,-3.6848900508091944,0.009736668564715079,0.0
4449.0,-233.51193674346402,-456.265855870178,0.0,-3.674713653402907,0.010424942444850338,0.0
4450.0,-234.37483753278573,-455.7627753863369,0.0,-3.66374111305207,0.011007362605307611,0.0
4451.0,-235.24358609802226,-455.26943343530013,0.0,-3.652027260679263,0.011478676368227558,0.0
4452.0,-236.11852430422644,-454.7864338248143,0.0,-3.6398816446022635,0.011839375245000243,0.0
4453.0,-236.99963180996448,-454.313998976176,0.0,-3.6276378940870857,0.012090069040768623,0.0
4454.0,-237.88677594872283,-453.85223303763837,0.0,-3.6153727233988997,0.012235175517371522,0.0
4455.0,-238.77982401965048,-453.40124012129917,0.0,-3.6030837711806636,0.01230104752715858,0.0
4456.0,-239.67864332189643,-452.9611243392557,0.0,-3.5907686796014344,0.012333947178066572,0.0
4457.0,-240.5831011546097,-452.5319898036058,0.0,-3.5784251202827817,0.012363500359972277,0.0
4458.0,-241.49306481693924,-452.11394062644683,0.0,-3.56605079620535,0.01239532810264451,0.0
4459.0,-242.40840160803407,-451.70708091987643,0.0,-3.5536434436959565,0.012429397569876377,0.0
4460.0,-243.32897882704313,-451.31151479599214,0.0,-3.5412008345004606,0.01246567207866873,0.0
4461.0,-244.25466377311548,-450.9273463668915,0.0,-3.528720777945913,0.012504112729490986,0.0
4462.0,-245.18532374540007,-450.55467974467217,0.0,-3.5162011231966273,0.012544678311788309,0.0
4463.0,-246.12082604304592,-450.1936190414316,0.0,-3.5036397616072015,0.012587325206321396,0.0
4464.0,-247.061037965202,-449.8442683692673,0.0,-3.4910346291756524,0.012632072390400413,0.0
4465.0,-248.00582681101733,-449.506731840277,0.0,-3.4783837090996053,0.012679972753834319,0.0
4466.0,-248.95505987964088,-449.18111356655805,0.0,-3.4656850344366648,0.012733820304002545,0.0
4467.0,-249.90860447022166,-448.8675176602083,0.0,-3.452936690871253,0.012796345681282136,0.0
4468.0,-250.86632788190866,-448.56604823332503,0.0,-3.440135908109515,0.012868735649524097,0.0
4469.0,-251.82809463343506,-448.27681216892296,0.0,-3.427266374479345,0.01295144805188927,0.0
4470.0,-252.79372899337721,-447.9999564626658,0.0,-3.4143010260684483,0.013044919387867322,0.0
4471.0,-253.76302492344186,-447.73565831354904,0.0,-3.4012245251764557,0.013149516954952605,0.0
4472.0,-254.735775643901,-447.4840956594697,0.0,-3.3880315140054647,0.013264566788590795,0.0
4473.0,-255.71177437502692,-447.2454464383246,0.0,-3.3747169568043556,0.013387645597701779,0.0
4474.0,-256.6908143370917,-447.0198885880108,0.0,-3.3612758970734196,0.013516384271099373,0.0
4475.0,-257.67268875036757,-446.80760004642514,0.0,-3.3477034645380117,0.013649947286948079,0.0
4476.0,-258.6571908351267,-446.6087587514647,0.0,-3.333994883010577,0.013788216532193547,0.0
4477.0,-259.6441138116412,-446.4235426410263,0.0,-3.3201454791693914,0.013931082374024089,0.0
4478.0,-260.6332509001832,-446.2521296530069,0.0,-3.3061506922801214,0.014078424932756985,0.0
4479.0,-261.62439532102496,-446.0946977253035,0.0,-3.292006084884526,0.014230113114560001,0.0
4480.0,-262.61734029443863,-445.951424795813,0.0,-3.2777073544745847,0.014386003629210973,0.0
4481.0,-263.6118790406963,-445.8224888024324,0.0,-3.263250346166853,0.014545939998406253,0.0
4482.0,-264.60780478007024,-445.7080676830586,0.0,-3.2486310663859803,0.014709751561288367,0.0
4483.0,-265.60491073283254,-445.6083393755885,0.0,-3.233845697558768,0.014877249579146424,0.0
4484.0,-266.6029901192554,-445.52348181791916,0.0,-3.2188906138122464,0.015043593061324283,0.0
4485.0,-267.60183615961097,-445.4536729479475,0.0,-3.203762397659579,0.015185154381261048,0.0
4486.0,-268.60124207417135,-445.3990907035704,0.0,-3.1884578576470313,0.015265929141497634,0.0
4487.0,-269.6010010832088,-445.3599130226848,0.0,-3.1729740876040293,0.015265692532964299,0.0
4488.0,-270.6009064233301,-445.3363177612463,0.0,-3.1573733101788686,0.015180952085653716,0.0
4489.0,-271.6007772766768,-445.3283526214575,0.0,-3.1419159410363102,0.015011009778413171,0.0
4490.0,-272.6005113657262,-445.3356713140479,0.0,-3.1268378149274714,0.01475531312289613,0.0
4491.0,-273.6000212174613,-445.357853284098,0.0,-3.112178800982043,0.01441808035170695,0.0
4492.0,-274.59921935886507,-445.39447797668834,0.0,-3.09794088129063,0.014022426131085826,0.0
4493.0,-275.5980183169206,-445.44512483689954,0.0,-3.0841252371181955,0.013603943426617178,0.0
4494.0,-276.5963306186109,-445.50937330981196,0.0,-3.0707323244123192,0.013182539346177271,0.0
4495.0,-277.5940687909189,-445.58680284050627,0.0,-3.0577619484466814,0.012761475115928464,0.0
4496.0,-278.59114536082774,-445.6769928740628,0.0,-3.045213336933296,0.012341297258939494,0.0
4497.0,-279.5874728553203,-445.7795228555623,0.0,-3.0330852110578452,0.011922483290250663,0.0
4498.0,-280.5829638013797,-445.8939722300851,0.0,-3.0213758540051874,0.011505444195351362,0.0
4499.0,-281.5775307259889,-446.0199204427118,0.0,-3.0100831766444873,0.011090527211400771,0.0
4500.0,-282.5710861561309,-446.15694693852294,0.0,-2.9992047801391855,0.010678018823351764,0.0
4501.0,-283.5635426187888,-446.3046311625989,0.0,-2.98873801532782,0.010268147896853597,0.0
4502.0,-284.55481264094544,-446.46255256002036,0.0,-2.9786800387962615,0.009861088879483575,0.0
4503.0,-285.5448087495841,-446.6302905758678,0.0,-2.969027865624105,0.00945891344935317,0.0
4504.0,-286.5334434716876,-446.80742465522167,0.0,-2.9597784188401115,0.009084793696848368,0.0
4505.0,-287.52062933423883,-446.99353424316257,0.0,-2.9509285756669708,0.00879003253912493,0.0
4506.0,-288.50627886422114,-447.188198784771,0.0,-2.942475210669934,0.00861579979739765,0.0
4507.0,-289.4903045886173,-447.39099772512736,0.0,-2.9343879578227945,0.00857324538297461,0.0
4508.0,-290.47260886604255,-447.6015643799017,0.0,-2.926367725888334,0.008662450969254934,0.0
4509.0,-291.4529938478708,-447.82006294870007,0.0,-2.9179898726879987,0.00888335130484246,0.0
4510.0,-292.431204668805,-448.0469596974712,0.0,-2.9090968345688006,0.009233906838244321,0.0
4511.0,-293.40698580404,-448.28272438614357,0.0,-2.8996840145337712,0.009690897181890598,0.0
4512.0,-294.3800817287709,-448.52782677464546,0.0,-2.889748666403742,0.010202886064840338,0.0
4513.0,-295.3502369181927,-448.78273662290536,0.0,-2.8792882016653683,0.010728479354066098,0.0
4514.0,-296.31719584750044,-449.04792369085163,0.0,-2.8683002710919396,0.011256204735890426,0.0
4515.0,-297.2807029918891,-449.32385773841264,0.0,-2.8567828520727203,0.011785551747471801,0.0
4516.0,-298.2405028265537,-449.61100852551687,0.0,-2.8447343415958475,0.012316041101991453,0.0
4517.0,-299.1963398266894,-449.9098458120926,0.0,-2.8321536547040265,0.012847093331643767,0.0
4518.0,-300.14795846749104,-450.2208393580683,0.0,-2.8190403280960794,0.013378024253049552,0.0
4519.0,-301.0951032241537,-450.54445892337236,0.0,-2.8053946283768285,0.013908041069556612,0.0
4520.0,-302.03751857187257,-450.88117426793326,0.0,-2.7912176642644013,0.014436239309597523,0.0
4521.0,-302.97494898584245,-451.2314551516792,0.0,-2.776511501849894,0.01496158358823837,0.0
4522.0,-303.90713894125844,-451.59577133453865,0.0,-2.7612792817720724,0.015478727890024007,0.0
4523.0,-304.8338329133156,-451.9745925764401,0.0,-2.745525336922703,0.01596895634916026,0.0
4524.0,-305.7547753772089,-452.3683886373119,0.0,-2.7292553090428058,0.01640826653120984,0.0
4525.0,-306.66971080813335,-452.7776292770824,0.0,-2.712476503521963,0.016786510417854106,0.0
4526.0,-307.57838341553304,-453.20278360213416,0.0,-2.695256262490609,0.017104975966107907,0.0
4527.0,-308.48047164854864,-453.64415899842083,0.0,-2.6777906412623773,0.017366462391114657,0.0
4528.0,-309.3755023153658,-454.10168993025343,0.0,-2.66022279341498,0.01757395924686692,0.0
4529.0,-310.26298092115775,-454.57525847270233,0.0,-2.6425568443570286,0.017734840539187436,0.0
4530.0,-311.1424129710976,-455.0647467008384,0.0,-2.624778110812236,0.01786993843517015,0.0
4531.0,-312.0133039703585,-455.57003668973226,0.0,-2.6068720616776675,0.018005474406874722,0.0
4532.0,-312.8751594241137,-456.09101051445447,0.0,-2.5888243214309643,0.01815393241628322,0.0
4533.0,-313.7274848375361,-456.62755025007584,0.0,-2.5706206770329834,0.01831649104352552,0.0
4534.0,-314.56978571579907,-457.1795379716669,0.0,-2.5522470886276207,0.018492961146287273,0.0
4535.0,-315.4015675640757,-457.74685575429845,0.0,-2.5336897043534905,0.018683135906052195,0.0
4536.0,-316.2223358875391,-458.3293856730409,0.0,-2.514934879590553,0.018886786224502034,0.0
4537.0,-317.03159619136244,-458.9270098029652,0.0,-2.495969200969354,0.019103655802083078,0.0
4538.0,-317.82885398071886,-459.5396102191419,0.0,-2.4767795154725274,0.01933345590403159,0.0
4539.0,-318.61361476078156,-460.16706899664155,0.0,-2.4573529649513737,0.0195758598264166,0.0
4540.0,-319.3853840367237,-460.8092682105349,0.0,-2.4376770263695455,0.019825811050975344,0.0
4541.0,-320.1436673137183,-461.4660899358926,0.0,-2.4177395580618954,0.020035165409644007,0.0
4542.0,-320.88797009693866,-462.1374162477853,0.0,-2.3975288522627736,0.020102490418731783,0.0
4543.0,-321.6177978915578,-462.82312922128375,0.0,-2.3770336941114376,0.01994899357902491,0.0
4544.0,-322.3326562027489,-463.5231109314584,0.0,-2.3563090317348148,0.01955230465384648,0.0
4545.0,-323.03216963876173,-464.23717699695135,0.0,-2.3359473689720507,0.01890942258330476,0.0
4546.0,-323.7169282057977,-464.9646043693754,0.0,-2.3167502455896054,0.01801814913545874,0.0
4547.0,-324.38799032612104,-465.70440863632496,0.0,-2.298993835624965,0.016881520913230315,0.0
4548.0,-325.04641751468984,-466.4556036597512,0.0,-2.282690483652625,0.015546042046248288,0.0
4549.0,-325.69327128646216,-467.21720330160525,0.0,-2.267846010505777,0.014111773504682321,0.0
4550.0,-326.32961315639614,-467.9882214238383,0.0,-2.2544624479720117,0.012656308064961699,0.0
4551.0,-326.9565046394498,-468.76767188840154,0.0,-2.2425389850890163,0.011200906208576533,0.0
4552.0,-327.57500725058117,-469.5545685572461,0.0,-2.232072826970373,0.009747482222715329,0.0
4553.0,-328.1861825047485,-470.3479252923232,0.0,-2.2230599585257305,0.00829711810684703,0.0
4554.0,-328.7910919169097,-471.14675595558407,0.0,-2.215495809779376,0.006850279300691168,0.0
4555.0,-329.39079700202296,-471.9500744089797,0.0,-2.2093758225781426,0.005407433791132414,0.0
4556.0,-329.9863592750464,-472.75689451446135,0.0,-2.204695920462245,0.003992662910243646,0.0
4557.0,-330.57884025093813,-473.5662301339803,0.0,-2.2014528845196852,0.0026852728018463357,0.0
4558.0,-331.1693014446561,-474.37709512948754,0.0,-2.1996446383316663,0.0015753995464392126,0.0
4559.0,-331.7588043711584,-475.18850336293434,0.0,-2.1992631006518693,0.0006996829306356353,0.0
4560.0,-332.34839965427443,-475.9994787646219,0.0,-2.1999724041008233,6.001763042414889e-05,0.0
4561.0,-332.93864992058775,-476.80949639596275,0.0,-2.2009895449784347,-0.0003439395899214048,0.0
4562.0,-333.52944373726365,-477.61865445544095,0.0,-2.201826493728935,-0.0005128831708820819,0.0
4563.0,-334.12062034654105,-478.4270967401768,0.0,-2.2024496882825537,-0.0004713536127626737,0.0
4564.0,-334.7120189906589,-479.23496704729064,0.0,-2.2028588698734386,-0.00029924686207175423,0.0
4565.0,-335.30347891185625,-480.0424091739026,0.0,-2.2030538072368127,-8.733146971188052e-05,0.0
4566.0,-335.89483935237183,-480.84956691713313,0.0,-2.203034296139072,0.0001271516044552001,0.0
4567.0,-336.4859395544448,-481.6565840741024,0.0,-2.202800159192298,0.00034179809939957216,0.0
4568.0,-337.076618760314,-482.46360444193067,0.0,-2.2023512459559647,0.0005565802946077003,0.0
4569.0,-337.6667162122184,-483.2707718177382,0.0,-2.2016874333273715,0.0007714699326179439,0.0
4570.0,-338.25607115239694,-484.0782299986454,0.0,-2.2008086262217446,0.0009864379300650314,0.0
4571.0,-338.84452282308865,-484.88612278177226,0.0,-2.1997147585426537,0.0012014540884287073,0.0
4572.0,-339.4319104665323,-485.6945939642393,0.0,-2.1984057944430897,0.0014164868051653734,0.0
4573.0,-340.0180733249671,-486.50378734316666,0.0,-2.196881729876144,0.0016315027858021364,0.0
4574.0,-340.6028506406317,-487.3138467156747,0.0,-2.1951425944343157,0.0018464667576507663,0.0
4575.0,-341.18608165576524,-488.12491587888366,0.0,-2.193188453475945,0.002061285093670064,0.0
4576.0,-341.7676056126067,-488.93713862991376,0.0,-2.191019410535076,0.002272410015709341,0.0
4577.0,-342.34726175339483,-489.75065876588525,0.0,-2.18863561001281,0.0024676786050236944,0.0
4578.0,-342.9248893203688,-490.5656200839185,0.0,-2.1860372401444774,0.0026326622252003584,0.0
4579.0,-343.5003275557674,-491.3821663811337,0.0,-2.183225321529885,0.0027611720126694233,0.0
4580.0,-344.07341689235267,-492.2004404199339,0.0,-2.1802484625694176,0.002852765959295971,0.0
4581.0,-344.6440698607626,-493.02052230041915,0.0,-2.17722836127071,0.002907465118666876,0.0
4582.0,-345.21231112827115,-493.8423946615676,0.0,-2.1742454154867454,0.0029253536829567973,0.0
4583.0,-345.77817505344456,-494.6660317193814,0.0,-2.1713060403469036,0.002909974957148049,0.0
4584.0,-346.34169599484915,-495.4914076898627,0.0,-2.168410256770839,0.0028734925675883345,0.0
4585.0,-346.90290831105096,-496.31849678901347,0.0,-2.1655580817251123,0.00283034129956047,0.0
4586.0,-347.4618463606164,-497.147273232836,0.0,-2.162749528387855,0.0027867219083069616,0.0
4587.0,-348.01854450211147,-497.9777112373323,0.0,-2.159984606311375,0.002743094378693689,0.0
4588.0,-348.57303709410263,-498.8097850185044,0.0,-2.157263321582516,0.0026994621013145224,0.0
4589.0,-349.125358495156,-499.6434687923545,0.0,-2.154585676981093,0.002655828309678508,0.0
4590.0,-349.67554306383767,-500.4787367748846,0.0,-2.1519516721362586,0.002612196082505593,0.0
4591.0,-350.2236251587141,-501.3155631820969,0.0,-2.1493613036797723,0.0025685683460377868,0.0
4592.0,-350.76963913835135,-502.1539222299935,0.0,-2.1468145653977757,0.002524947876423735,0.0
4593.0,-351.3136193613158,-502.99378813457645,0.0,-2.1443114483796926,0.0024813373022058677,0.0
4594.0,-351.85560018617355,-503.8351351118479,0.0,-2.141851941164459,0.002437739106783386,0.0
4595.0,-352.39561597149077,-504.6779373778098,0.0,-2.139436029884903,0.0023941556309454394,0.0
4596.0,-352.93370107583394,-505.52216914846457,0.0,-2.137063698408774,0.0023505890754709846,0.0
4597.0,-353.469889857769,-506.36780463981404,0.0,-2.1347349284776955,0.002307041503715222,0.0
4598.0,-354.00421667586227,-507.2148180678604,0.0,-2.132449699843368,0.002263514844255989,0.0
4599.0,-354.53671588867996,-508.06318364860573,0.0,-2.130207990400944,0.0022200108935496016,0.0
4600.0,-355.0674218547884,-508.91287559805215,0.0,-2.1280097763199306,0.002176531318609763,0.0
4601.0,-355.5963689327537,-509.7638681322017,0.0,-2.125855032172208,0.0021330776597233226,0.0
4602.0,-356.1235914811421,-510.61613546705655,0.0,-2.12374373105757,0.002089651333160747,0.0
4603.0,-356.64912385851983,-511.46965181861884,0.0,-2.121675844726412,0.0020462536339015875,0.0
4604.0,-357.1730004234532,-512.3243914028907,0.0,-2.1196513436995206,0.0020028857383559895,0.0
4605.0,-357.69525553450825,-513.1803284358741,0.0,-2.1176701973854164,0.001959548707110237,0.0
4606.0,-358.2159235502514,-514.0374371335711,0.0,-2.115732374194645,0.001916243487674464,0.0
4607.0,-358.73503882924877,-514.895691711984,0.0,-2.1138378416516073,0.001872970917229726,0.0
4608.0,-359.2526357300666,-515.7550663871147,0.0,-2.1119865665035475,0.0018297317253529928,0.0
4609.0,-359.76874861127106,-516.6155353749655,0.0,-2.1101785148266874,0.0017865265367347858,0.0
4610.0,-360.2834118314285,-517.4770728915385,0.0,-2.1084136521298524,0.0017433558739430308,0.0
4611.0,-360.79665974910506,-518.3396531528355,0.0,-2.106691943454864,0.0017002201601219456,0.0
4612.0,-361.3085267228669,-519.203250374859,0.0,-2.105013353475131,0.001657119721688487,0.0
4613.0,-361.8190471112804,-520.0678387736108,0.0,-2.1033778465906434,0.0016140547910613746,0.0
4614.0,-362.3282552729117,-520.9333925650931,0.0,-2.1017853870204064,0.0015710255093016757,0.0
4615.0,-362.83618556632695,-521.799885965308,0.0,-2.100235938893041,0.0015280319287964376,0.0
4616.0,-363.34287235009253,-522.6672931902576,0.0,-2.098729466333555,0.0014850740159464734,0.0
4617.0,-363.84834998277455,-523.5355884559441,0.0,-2.0972659335481256,0.0014421516537418252,0.0
4618.0,-364.35265282293926,-524.4047459783695,0.0,-2.0958453049063674,0.0013992646444020986,0.0
4619.0,-364.85581522915294,-525.274739973536,0.0,-2.0944675450204775,0.0013564127120095915,0.0
4620.0,-365.35787155998173,-526.1455446574455,0.0,-2.0931326188220463,0.001313595505046061,0.0
4621.0,-365.85885617399185,-527.0171342461003,0.0,-2.091840491636618,0.0012708125989665054,0.0
4622.0,-366.3588034297496,-527.8894829555024,0.0,-2.0905911292552,0.0012280634987546423,0.0
4623.0,-366.8577476858212,-528.7625650016539,0.0,-2.0893844980032616,0.001185347641416915,0.0
4624.0,-367.3557233007728,-529.636354600557,0.0,-2.088220564807774,0.0011426643984977186,0.0
4625.0,-367.8527646331707,-530.5108259682137,0.0,-2.087099297261188,0.0011000130785798754,0.0
4626.0,-368.348906041581,-531.3859533206261,0.0,-2.086020663683092,0.001057392929708158,0.0
4627.0,-368.8441818845701,-532.2617108737965,0.0,-2.084984633179595,0.0010148031418332679,0.0
4628.0,-369.3386265207041,-533.1380728437267,0.0,-2.0839911757001013,0.0009722428492540124,0.0
4629.0,-369.83227430854924,-534.0150134464188,0.0,-2.0830402620915986,0.0009297111330006022,0.0
4630.0,-370.32515960667183,-534.8925068978754,0.0,-2.082131864150949,0.0008872070232129721,0.0
4631.0,-370.81731677363797,-535.770527414098,0.0,-2.081265954674421,0.0008447295014909324,0.0
4632.0,-371.308780168014,-536.649049211089,0.0,-2.080442507504985,0.0008022775032411175,0.0
4633.0,-371.799584148366,-537.5280465048504,0.0,-2.0796614975772867,0.000759849920009056,0.0
4634.0,-372.2897630732603,-538.4074935113845,0.0,-2.0789229009604187,0.0007174456017727339,0.0
4635.0,-372.7793513012631,-539.2873644466932,0.0,-2.0782266948984045,0.0006750633592234045,0.0
4636.0,-373.2683831909406,-540.1676335267786,0.0,-2.07757285784792,0.000632701966035265,0.0
4637.0,-373.7568931008591,-541.0482749676429,0.0,-2.076961369514501,0.0005903601611247921,0.0
4638.0,-374.2449153895848,-541.9292629852881,0.0,-2.0763922108860506,0.0005480366508892688,0.0
4639.0,-374.7324844156838,-542.8105717957164,0.0,-2.0758653642642275,0.0005057301114208546,0.0
4640.0,-375.2196345377225,-543.6921756149299,0.0,-2.0753808132935503,0.00046343919072363725,0.0
4641.0,-375.706400114267,-544.5740486589306,0.0,-2.074938542988408,0.00042116251089874263,0.0
4642.0,-376.1928155038836,-545.4561651437207,0.0,-2.0745385397579654,0.000378898670331854,0.0
4643.0,-376.67891506513854,-546.3384992853023,0.0,-2.074180791428467,0.0003366462458926276,0.0
4644.0,-377.1647331565979,-547.2210252996773,0.0,-2.073865287263823,0.00029440379506635265,0.0
4645.0,-377.650304136828,-548.1037174028484,0.0,-2.0735920179841463,0.0002521698581191397,0.0
4646.0,-378.1356623643951,-548.9865498108169,0.0,-2.073360975781486,0.0002099429602465833,0.0
4647.0,-378.6208421978654,-549.8694967395853,0.0,-2.073172154333795,0.00016772161369818915,0.0
4648.0,-379.1058779958051,-550.7525324051559,0.0,-2.073025548817234,0.0001255043199494464,0.0
4649.0,-379.59080411678036,-551.6356310235303,0.0,-2.072921155915471,8.328957180798416e-05,0.0
4650.0,-380.07565491935753,-552.5187668107112,0.0,-2.072858973827509,4.107585551465271e-05,0.0
4651.0,-380.5604647621028,-553.4019139827002,0.0,-2.0728390022730063,-1.138347103976251e-06,0.0
4652.0,-381.04526800358235,-554.2850467554996,0.0,-2.0728612424956707,-4.335455651143555e-05,0.0
4653.0,-381.5300990023625,-555.1681393451115,0.0,-2.0729256972646497,-8.557429335013085e-05,0.0
4654.0,-382.0149921170093,-556.0511659675379,0.0,-2.073032370873426,-0.0001277990763172619,0.0
4655.0,-382.4999817060891,-556.9341008387812,0.0,-2.073181269137059,-0.00017003042005504985,0.0
4656.0,-382.98510212816814,-557.8169181748432,0.0,-2.0733723993868067,-0.00021226983300743588,0.0
4657.0,-383.47038774181254,-558.6995921917261,0.0,-2.0736057704630753,-0.0002545188152858519,0.0
4658.0,-383.9558729055886,-559.5820971054318,0.0,-2.0738813927058817,-0.0002967788565514543,0.0
4659.0,-384.44159197806255,-560.464407131963,0.0,-2.074199277943566,-0.0003390514338578969,0.0
4660.0,-384.9275793178006,-561.346496487321,0.0,-2.0745594394788585,-0.00038133800950993337,0.0
4661.0,-385.41386928336897,-562.2283393875086,0.0,-2.0749618920732193,-0.000423640028904128,0.0
4662.0,-385.90049623333385,-563.1099100485275,0.0,-2.075406651928986,-0.00046595891835741826,0.0
4663.0,-386.38749452626155,-563.99118268638,0.0,-2.07589373666889,-0.0005082960829407844,0.0
4664.0,-386.8748985207182,-564.8721315170679,0.0,-2.076423165314131,-0.0005506529042849094,0.0
4665.0,-387.3627425752701,-565.7527307565936,0.0,-2.0769949582594838,-0.0005930307383622703,0.0
4666.0,-387.8510610484834,-566.6329546209593,0.0,-2.077609137246968,-0.0006354309132941311,0.0
4667.0,-388.3398882989244,-567.5127773261667,0.0,-2.0782657253366277,-0.0006778547271254645,0.0
4668.0,-388.82925868515923,-568.3921730882182,0.0,-2.078964746875439,-0.0007203034455604154,0.0
4669.0,-389.3192065657542,-569.2711161231157,0.0,-2.0797062274638383,-0.0007627782997105141,0.0
4670.0,-389.80976629927545,-570.1495806468616,0.0,-2.0804901939201557,-0.000805280483809488,0.0
4671.0,-390.3009722442893,-571.0275408754578,0.0,-2.081316674242622,-0.0008478111529305174,0.0
4672.0,-390.79285875936193,-571.9049710249064,0.0,-2.0821856975688386,-0.0008903714206881678,0.0
4673.0,-391.2854602030596,-572.7818453112096,0.0,-2.08309729413356,-0.0009329623568717757,0.0
4674.0,-391.7788109339484,-573.6581379503692,0.0,-2.084051495223368,-0.0009755849850907922,0.0
4675.0,-392.2729453105947,-574.5338231583878,0.0,-2.0850483331297256,-0.0010182402804441715,0.0
4676.0,-392.76789769156466,-575.4088751512671,0.0,-2.086087841099186,-0.0010609291670962456,0.0
4677.0,-393.2637024354246,-576.2832681450094,0.0,-2.087170053281013,-0.0011036525158699209,0.0
4678.0,-393.76039390074055,-577.1569763556166,0.0,-2.0882950046730357,-0.0011464111418254064,0.0
4679.0,-394.2580064460789,-578.0299739990911,0.0,-2.089462731064643,-0.0011892058017546018,0.0
4680.0,-394.75657443000586,-578.9022352914347,0.0,-2.090673268977103,-0.001232037191744314,0.0
4681.0,-395.25613221108756,-579.77373444865,0.0,-2.091926655602004,-0.0012749059446880587,0.0
4682.0,-395.75671414789025,-580.6444456867384,0.0,-2.0932229287366453,-0.0013178126277194452,0.0
4683.0,-396.25835459898025,-581.5143432217025,0.0,-2.0945621267168306,-0.0013607577396845816,0.0
4684.0,-396.76108792292365,-582.3834012695442,0.0,-2.0959442883477886,-0.001403741708572064,0.0
4685.0,-397.26494847828667,-583.2515940462655,0.0,-2.097369452831893,-0.0014467648889140744,0.0
4686.0,-397.76997062363574,-584.1188957678689,0.0,-2.0988376596938583,-0.001489827559201081,0.0
4687.0,-398.27618871753685,-584.9852806503561,0.0,-2.100348948703472,-0.0015329299192213658,0.0
4688.0,-398.7836371185564,-585.8507229097295,0.0,-2.101903359795644,-0.0015760720874000076,0.0
4689.0,-399.2923501852605,-586.715196761991,0.0,-2.1035009329878025,-0.0016192540981515727,0.0
4690.0,-399.8023622762154,-587.5786764231427,0.0,-2.1051417082944885,-0.0016624758991666344,0.0
4691.0,-400.3137077499874,-588.4411361091868,0.0,-2.1068257256392298,-0.0017057373487094905,0.0
4692.0,-400.8264209651425,-589.3025500361254,0.0,-2.108553024764052,-0.0017490382128832708,0.0
4693.0,-401.3405362802472,-590.1628924199605,0.0,-2.1103236451358214,-0.00179237816285825,0.0
4694.0,-401.85608805386755,-591.0221374766943,0.0,-2.112137625849842,-0.0018357567721585255,0.0
4695.0,-402.3731106445698,-591.880259422329,0.0,-2.113995005531207,-0.001879173513871013,0.0
4696.0,-402.8916384109203,-592.7372324728665,0.0,-2.115895822232605,-0.0019226277578125053,0.0
4697.0,-403.41170571148507,-593.5930308443088,0.0,-2.1178401133297013,-0.0019661187677797133,0.0
4698.0,-403.93334690483044,-594.4476287526585,0.0,-2.1198279154142363,-0.0020096456987463984,0.0
4699.0,-404.45659634952267,-595.3010004139171,0.0,-2.1218592641832394,-0.0020532075940230383,0.0
4700.0,-404.981488404128,-596.1531200440871,0.0,-2.123934194326009,-0.002096803382449901,0.0
4701.0,-405.5080574272125,-597.0039618591704,0.0,-2.1260527394085704,-0.0021404318755760304,0.0
4702.0,-406.0363377773425,-597.8535000751694,0.0,-2.128214931754928,-0.002184091764840325,0.0
4703.0,-406.56636381308425,-598.7017089080858,0.0,-2.1304208023252067,-0.002227781618771336,0.0
4704.0,-407.0981698930039,-599.5485625739219,0.0,-2.1326703805913985,-0.0022714998801626673,0.0
4705.0,-407.6317903756677,-600.3940352886799,0.0,-2.1349636944106036,-0.0023152448632642714,0.0
4706.0,-408.167259619642,-601.2381012683618,0.0,-2.1373007698946367,-0.0023590147510123794,0.0
4707.0,-408.7046119834928,-602.0807347289696,0.0,-2.1396816312774103,-0.002402807592275259,0.0
4708.0,-409.24388182578645,-602.9219098865054,0.0,-2.1421063007794463,-0.0024466212990716303,0.0
4709.0,-409.7851035050891,-603.7616009569716,0.0,-2.144574798469752,-0.00249045364384805,0.0
4710.0,-410.32831137996715,-604.59978215637,0.0,-2.147087142124556,-0.0025343022568180868,0.0
4711.0,-410.87353980898666,-605.436427700703,0.0,-2.1496433470839027,-0.00257816462325008,0.0
4712.0,-411.4208231507139,-606.2715118059722,0.0,-2.152243426105102,-0.002622038080858305,0.0
4713.0,-411.970195763715,-607.1050086881803,0.0,-2.154887389214011,-0.0026659198172392135,0.0
4714.0,-412.52169200655646,-607.936892563329,0.0,-2.1575752435534894,-0.0027098068672953674,0.0
4715.0,-413.0753462378042,-608.7671376474203,0.0,-2.1603069932288683,-0.002753696110772934,0.0
4716.0,-413.63119281602457,-609.5957181564569,0.0,-2.1630826391523463,-0.0027975842698331195,0.0
4717.0,-414.1892660997838,-610.4226083064402,0.0,-2.165902178883311,-0.0028414679066532944,0.0
4718.0,-414.7496004476481,-611.2477823133728,0.0,-2.168765606467283,-0.0028853434211833268,0.0
4719.0,-415.3122302181837,-612.0712143932565,0.0,-2.171672912272543,-0.0029292070489029664,0.0
4720.0,-415.8771897699568,-612.8928787620936,0.0,-2.174624082824234,-0.0029730548586414263,0.0
4721.0,-416.4445134615337,-613.712749635886,0.0,-2.1776191006364125,-0.0030168827505809214,0.0
4722.0,-417.01423565148053,-614.5308012306363,0.0,-2.180657944042512,-0.003060686454276564,0.0
4723.0,-417.5863906983635,-615.3470077623458,0.0,-2.1837405870233444,-0.003104461526797093,0.0
4724.0,-418.1610129607489,-616.1613434470172,0.0,-2.1868669990332927,-0.0031482033509910223,0.0
4725.0,-418.73813679720297,-616.9737825006524,0.0,-2.190037144825434,-0.003191907133826666,0.0
4726.0,-419.31779656629186,-617.7842991392536,0.0,-2.193250984274264,-0.0032355679049078973,0.0
4727.0,-419.90002662658185,-618.5928675788228,0.0,-2.196508472197672,-0.003279180515113365,0.0
4728.0,-420.48486133663914,-619.399462035362,0.0,-2.1998095581768484,-0.0033227396353209732,0.0
4729.0,-421.07233505503,-620.2040567248737,0.0,-2.203154186375649,-0.0033662397553181817,0.0
4730.0,-421.66248214032055,-621.0066258633597,0.0,-2.2065422953589175,-0.0034096751828800453,0.0
4731.0,-422.2553369510771,-621.8071436668221,0.0,-2.2099738179093067,-0.00345304004299967,0.0
4732.0,-422.8509338458659,-622.605584351263,0.0,-2.2134486808439138,-0.0034963282772852993,0.0
4733.0,-423.4493071832531,-623.4019221326845,0.0,-2.2169668048302387,-0.003539533643503853,0.0
4734.0,-424.05049132180494,-624.1961312270888,0.0,-2.220528104202018,-0.003582649715352699,0.0
4735.0,-424.6545206200876,-624.9881858504779,0.0,-2.224132486774498,-0.0036256698824528627,0.0
4736.0,-425.26142943666747,-625.7780602188541,0.0,-2.2277798536599938,-0.0036685873504851735,0.0
4737.0,-425.87125213011063,-626.5657285482192,0.0,-2.231470099083627,-0.003711395141547693,0.0
4738.0,-426.4840230589833,-627.3511650545756,0.0,-2.235203110199535,-0.003754086094777438,0.0
4739.0,-427.09977658185176,-628.1343439539253,0.0,-2.2389787669080254,-0.0037966528671753113,0.0
4740.0,-427.71854705728225,-628.9152394622702,0.0,-2.2427969416729194,-0.003839087934652215,0.0
4741.0,-428.3403688438409,-629.6938257956126,0.0,-2.246657499341005,-0.0038813835933465064,0.0
4742.0,-428.96527630009393,-630.4700771699545,0.0,-2.2505602969623952,-0.003923531961182716,0.0
4743.0,-429.59330378460777,-631.2439678012984,0.0,-2.254505183612551,-0.0039655249796993275,0.0
4744.0,-430.2244856559484,-632.0154719056457,0.0,-2.258492000216201,-0.0040073544161532805,0.0
4745.0,-430.85885627268215,-632.784563698999,0.0,-2.2625205793738123,-0.004049011865861152,0.0
4746.0,-431.4964499933753,-633.5512173973602,0.0,-2.2665907451903062,-0.004090488754869582,0.0
4747.0,-432.13730117659395,-634.3154072167316,0.0,-2.2707023131064292,-0.00413177634289395,0.0
4748.0,-432.7814441809043,-635.077107373115,0.0,-2.274855089733641,-0.004172865726549624,0.0
4749.0,-433.4289133648728,-635.836292082513,0.0,-2.279048872691815,-0.004213747842922595,0.0
4750.0,-434.0797430870654,-636.5929355609272,0.0,-2.283283450451305,-0.004254413473400672,0.0
4751.0,-434.7339677060486,-637.3470120243597,0.0,-2.287558602177962,-0.004294853247828031,0.0
4752.0,-435.3916215803884,-638.0984956888132,0.0,-2.291874097583746,-0.004335057648998949,0.0
4753.0,-436.052739068651,-638.847360770289,0.0,-2.296229696781289,-0.004375017017465581,0.0
4754.0,-436.7173545294029,-639.5935814847899,0.0,-2.300625150143056,-0.004414721556684129,0.0
4755.0,-437.3855023212101,-640.3371320483175,0.0,-2.305060198166607,-0.004454172203871533,0.0
4756.0,-438.05721680263883,-641.077986676874,0.0,-2.3095345713448348,-0.004503861640491482,0.0
4757.0,-438.73253233225535,-641.8161195864618,0.0,-2.3140479900428037,-0.004614829217353439,0.0
4758.0,-439.4114832686259,-642.5515049930826,0.0,-2.318600164380041,-0.004863182794757519,0.0
4759.0,-440.09410397031667,-643.284117112739,0.0,-2.323190946235868,-0.0052901276028946165,0.0
4760.0,-440.7804289729908,-644.0139299047362,0.0,-2.3279669110960475,-0.005901698715709701,0.0
4761.0,-441.4706635531702,-644.7406698447576,0.0,-2.3334955448712456,-0.0066987164857893935,0.0
4762.0,-442.16550220770984,-645.4633542986628,0.0,-2.3402743625650224,-0.007682054813598451,0.0
4763.0,-442.8657265023225,-646.1808744286812,0.0,-2.3483821933869438,-0.008842083217021353,0.0
4764.0,-443.572118002721,-646.8921213970419,0.0,-2.3578241500206305,-0.01012852345330449,0.0
4765.0,-444.285458274618,-647.595986365974,0.0,-2.368606035203266,-0.011465827428767656,0.0
4766.0,-445.0065288837262,-648.2913604977066,0.0,-2.380733842803022,-0.01281303636665841,0.0
4767.0,-445.73611139575837,-648.9771349544689,0.0,-2.394213179567193,-0.014163925202273893,0.0
4768.0,-446.4749873764272,-649.6522008984897,0.0,-2.409048604746363,-0.01551691406781546,0.0
4769.0,-447.2239383914454,-650.3154494919986,0.0,-2.425242886692652,-0.016860483644674056,0.0
4770.0,-447.9837460065258,-650.9657718972247,0.0,-2.442796178392532,-0.018137213738205964,0.0
4771.0,-448.75519178738097,-651.6020592763967,0.0,-2.461705117846877,-0.019254848189352,0.0
4772.0,-449.5390572997238,-652.2232027917443,0.0,-2.481961864326436,-0.02015995692545761,0.0
4773.0,-450.33612410926673,-652.8280936054963,0.0,-2.5034247847052886,-0.020845769286853236,0.0
4774.0,-451.1469473687963,-653.415774749263,0.0,-2.5254432299998095,-0.02131511253187541,0.0
4775.0,-451.9711788496937,-653.9858952093456,0.0,-2.5473864289646744,-0.021571420211872,0.0
4776.0,-452.8082450441421,-654.5382550809634,0.0,-2.5691444594307473,-0.021628033291393903,0.0
4777.0,-453.6575724443245,-655.0726544593361,0.0,-2.590735375670382,-0.02154423487662241,0.0
4778.0,-454.5185875424239,-655.5888934396831,0.0,-2.6121774960152826,-0.021414270814915457,0.0
4779.0,-455.3907168306233,-656.0867721172241,0.0,-2.6334893691242383,-0.021293785531698264,0.0
4780.0,-456.27338680110586,-656.5660905871785,0.0,-2.654689745987001,-0.02119209879747176,0.0
4781.0,-457.16602394605445,-657.0266489447654,0.0,-2.675797556990811,-0.021109388865749614,0.0
4782.0,-458.0680547576521,-657.468247285205,0.0,-2.6968318933824893,-0.021045161685403203,0.0
4783.0,-458.9789057280818,-657.8906857037165,0.0,-2.717811992456708,-0.02098970149097355,0.0
4784.0,-459.8980033495268,-658.2937642955193,0.0,-2.738757225809026,-0.020918537632836683,0.0
4785.0,-460.8247741141698,-658.6772831558332,0.0,-2.7596870899971333,-0.020808422286507096,0.0
4786.0,-461.75864451419403,-659.0410423798774,0.0,-2.7806120387380324,-0.020649289088251636,0.0
4787.0,-462.6990556730652,-659.3848672020646,0.0,-2.8014228972468365,-0.02043705638820887,0.0
4788.0,-463.64563353887235,-659.7089004189806,0.0,-2.821923932590689,-0.020167967396247346,0.0
4789.0,-464.59813069336184,-660.0135024067653,0.0,-2.8420234297937106,-0.01983912030229448,0.0
4790.0,-465.55630218725133,-660.2990377836991,0.0,-2.8617105032810097,-0.019457008943169058,0.0
4791.0,-466.5199030712583,-660.5658711680617,0.0,-2.8809775044196484,-0.019043045692661256,0.0
4792.0,-467.4886883961003,-660.8143671781334,0.0,-2.8998183549339736,-0.018617572310323648,0.0
4793.0,-468.4624132124949,-661.044890432194,0.0,-2.918228458033315,-0.018187889047695575,0.0
4794.0,-469.4408325711597,-661.2578055485238,0.0,-2.936204603155921,-0.017755438635934016,0.0
4795.0,-470.42370152281234,-661.4534771454028,0.0,-2.9537448663788624,-0.017321453162599237,0.0
4796.0,-471.41077511817025,-661.6322698411107,0.0,-2.9708485083500684,-0.016887067939863925,0.0
4797.0,-472.4018084079512,-661.7945482539278,0.0,-2.98751587139239,-0.01646221689652808,0.0
4798.0,-473.39655644287257,-661.9406770021344,0.0,-3.0037482772113444,-0.016094731310975226,0.0
4799.0,-474.3947742736521,-662.0710207040102,0.0,-3.019547926418667,-0.01585916309434857,0.0
4800.0,-475.39621695100726,-662.1859439778353,0.0,-3.0349178377067165,-0.01579927679855664,0.0
4801.0,-476.4006394981824,-662.2858113642249,0.0,-3.0499862600339123,-0.015924582957996623,0.0
4802.0,-477.40770456614723,-662.3707262744704,0.0,-3.065289447854524,-0.01623878018981593,0.0
4803.0,-478.4167763191027,-662.4399483206962,0.0,-3.0813322101952867,-0.01674551818499023,0.0
4804.0,-479.42715874281345,-662.4925669952111,0.0,-3.0982220447269646,-0.01743946267706055,0.0
4805.0,-480.4381558230441,-662.5276717903231,0.0,-3.1159862652887225,-0.01827714838556314,0.0
4806.0,-481.44907154555915,-662.5443521983408,0.0,-3.134652860998712,-0.01918809730462139,0.0
4807.0,-482.45920989612324,-662.5416977115725,0.0,-3.1542501577165347,-0.02013225690064543,0.0
4808.0,-483.46787486050107,-662.5187978223269,0.0,-3.174806417502942,-0.021103384608266596,0.0
4809.0,-484.4743704244573,-662.474742022912,0.0,-3.1963493677833785,-0.022100510583777707,0.0
4810.0,-485.4780005737564,-662.4086198056362,0.0,-3.2189056525311317,-0.02312206387428988,0.0
4811.0,-486.478069294163,-662.3195206628084,0.0,-3.2425001990001556,-0.024165790876101136,0.0
4812.0,-487.47388057144184,-662.2065340867365,0.0,-3.267155495531264,-0.025228654630248034,0.0
4813.0,-488.46473839135746,-662.0687495697291,0.0,-3.2928907789290585,-0.026284972722219507,0.0
4814.0,-489.4499467396745,-661.9052566040946,0.0,-3.3197211340262465,-0.02722199713088834,0.0
4815.0,-490.4288096021576,-661.7151446821414,0.0,-3.347656513458646,-0.027871515933700502,0.0
4816.0,-491.40063096457123,-661.4975032961777,0.0,-3.376700436651147,-0.02813940916525156,0.0
4817.0,-492.36471500025084,-661.2514224171545,0.0,-3.4065442017744365,-0.028009129017004263,0.0
4818.0,-493.32058853547426,-660.9765601814896,0.0,-3.4359696095892875,-0.027478082267668565,0.0
4819.0,-494.26843196891036,-660.6742425107116,0.0,-3.463887308013939,-0.026545807986693433,0.0
4820.0,-495.2085450070363,-660.3460997758468,0.0,-3.490110694759905,-0.025235613831560845,0.0
4821.0,-496.14122735632986,-659.9937623479229,0.0,-3.5146290244334595,-0.02365880456850606,0.0
4822.0,-497.06677872326816,-659.6188605979667,0.0,-3.537441774798793,-0.021982927867072614,0.0
4823.0,-497.9854988143287,-659.223024897005,0.0,-3.558556487124708,-0.020302107165757293,0.0
4824.0,-498.8976873359889,-658.8078856160649,0.0,-3.577986744942727,-0.018633491141215566,0.0
4825.0,-499.80364399472614,-658.3750731261737,0.0,-3.5957503303800817,-0.016980839644242317,0.0
4826.0,-500.7036684970177,-657.926217798358,0.0,-3.6118675773621614,-0.01534636741613249,0.0
4827.0,-501.59806054934126,-657.4629500036452,0.0,-3.626359925732285,-0.01373092294552095,0.0
4828.0,-502.4871198581741,-656.986900113062,0.0,-3.6392486694380977,-0.01214047603865612,0.0
4829.0,-503.3711461299935,-656.4996984976358,0.0,-3.6505538848135473,-0.01061951543157009,0.0
4830.0,-504.25043907127707,-656.0029755283932,0.0,-3.6602935209358085,-0.009249437014884723,0.0
4831.0,-505.1252983885021,-655.4983615763615,0.0,-3.66848263236892,-0.008082366830970758,0.0
4832.0,-505.996023788146,-654.9874870125676,0.0,-3.6752211074950747,-0.007126160353221904,0.0
4833.0,-506.8628882819969,-654.4717908332103,0.0,-3.6810700162891496,-0.006377969558879386,0.0
4834.0,-507.72602403166206,-653.9517022763705,0.0,-3.6866496050136828,-0.005835306321729539,0.0
4835.0,-508.5855169131133,-653.427318757367,0.0,-3.6921121257902905,-0.005489837200744838,0.0
4836.0,-509.441452774689,-652.8987374934151,0.0,-3.697456673406461,-0.005294234911183622,0.0
4837.0,-510.2939174647279,-652.3660557017294,0.0,-3.702682306167206,-0.005164010764905833,0.0
4838.0,-511.14299683156815,-651.8293705995247,0.0,-3.707788135641736,-0.005043884121517398,0.0
4839.0,-511.98877672354854,-651.2887794040162,0.0,-3.7127733250326864,-0.004922948828857131,0.0
4840.0,-512.8313429890075,-650.7443793324187,0.0,-3.7176370875081086,-0.004801247427422669,0.0
4841.0,-513.6707814762832,-650.196267601947,0.0,-3.7223786845034055,-0.004678827286863704,0.0
4842.0,-514.5071780337147,-649.6445414298161,0.0,-3.7269974240018113,-0.004555734062584835,0.0
4843.0,-515.3406185096399,-649.0892980332407,0.0,-3.73149265879894,-0.004432011682853977,0.0
4844.0,-516.1711887523976,-648.5306346294359,0.0,-3.7358637847586444,-0.00430770234236658,0.0
4845.0,-516.9989746103263,-647.9686484356166,0.0,-3.7401102390663894,-0.004182846501734996,0.0
4846.0,-517.8240619317643,-647.4034366689974,0.0,-3.7442314984842207,-0.004057482892748749,0.0
4847.0,-518.6465365650504,-646.8350965467936,0.0,-3.74822707761653,-0.003931648528942963,0.0
4848.0,-519.4664843585226,-646.2637252862197,0.0,-3.752096527188116,-0.0038053787212116875,0.0
4849.0,-520.2839911605199,-645.689420104491,0.0,-3.7558394323413906,-0.003678707098355049,0.0
4850.0,-521.0991428193807,-645.1122782188221,0.0,-3.7594554109578433,-0.0035516656319081815,0.0
4851.0,-521.912025183443,-644.5323968464279,0.0,-3.7629441120049427,-0.0034242846650956206,0.0
4852.0,-522.7227241010459,-643.9498732045234,0.0,-3.7663052139170548,-0.0032965929457278156,0.0
4853.0,-523.5313254205275,-643.3648045103234,0.0,-3.769538423010526,-0.0031686176625382546,0.0
4854.0,-524.3379149902264,-642.7772879810431,0.0,-3.7726434719369393,-0.0030403844849011498,0.0
4855.0,-525.1425786584812,-642.1874208338969,0.0,-3.7756201181790456,-0.002911917605493348,0.0
4856.0,-525.9454022736302,-641.5953002861,0.0,-3.7784681425906506,-0.0027832397856450658,0.0
4857.0,-526.746471684012,-641.0010235548673,0.0,-3.781187347984119,-0.002654372403319957,0.0
4858.0,-527.5458727379652,-640.4046878574136,0.0,-3.783777557767283,-0.0025253355032578894,0.0
4859.0,-528.343691283828,-639.8063904109537,0.0,-3.786238614631621,-0.0023961478492184884,0.0
4860.0,-529.1400131699389,-639.2062284327029,0.0,-3.7885703792949905,-0.002266826978104351,0.0
4861.0,-529.9349242446367,-638.6042991398756,0.0,-3.790772729298954,-0.0021373892556443125,0.0
4862.0,-530.7285103562596,-638.0006997496869,0.0,-3.792845557862641,-0.0020078499336215116,0.0
4863.0,-531.5208573531462,-637.3955274793517,0.0,-3.794788772796114,-0.0018782232084050435,0.0
4864.0,-532.3120510836351,-636.7888795460849,0.0,-3.7966022954721166,-0.0017485222805739193,0.0
4865.0,-533.1021773960645,-636.1808531671014,0.0,-3.798286059858306,-0.0016187594156400473,0.0
4866.0,-533.8913221387731,-635.571545559616,0.0,-3.7998400116112996,-0.00148894600558266,0.0
4867.0,-534.6795711600994,-634.9610539408437,0.0,-3.8012641072329827,-0.001359092631079901,0.0
4868.0,-535.4670103083818,-634.3494755279993,0.0,-3.802558313288997,-0.0012292091245228929,0.0
4869.0,-536.2537254319587,-633.7369075382979,0.0,-3.803722605691559,-0.0010993046335193235,0.0
4870.0,-537.0398023791688,-633.1234471889541,0.0,-3.804756969045353,-0.0009693876847540115,0.0
4871.0,-537.8253269983504,-632.5091916971829,0.0,-3.805661396057996,-0.0008394662483079328,0.0
4872.0,-538.6103851378423,-631.8942382801993,0.0,-3.806435887015747,-0.0007095478022718688,0.0
4873.0,-539.3950626459825,-631.2786841552182,0.0,-3.807080449323129,-0.0005796393975451762,0.0
4874.0,-540.1794453711098,-630.6626265394543,0.0,-3.8075950971077095,-0.0004497477228286227,0.0
4875.0,-540.9636191615626,-630.0461626501226,0.0,-3.807979850890581,-0.0003198791696456141,0.0
4876.0,-541.7476698656794,-629.429389704438,0.0,-3.808234737321781,-0.0001900398974656246,0.0
4877.0,-542.5316833317988,-628.8124049196155,0.0,-3.8083597889807637,-6.02358988678807e-05,0.0
4878.0,-543.3157454082591,-628.1953055128698,0.0,-3.808355044242186,6.952693541971224e-05,0.0
4879.0,-544.099941943399,-627.5781887014158,0.0,-3.8082205472065955,0.00019924275154419618,0.0
4880.0,-544.8843587855567,-626.9611517024687,0.0,-3.8079563476967992,0.00032890566767841884,0.0
4881.0,-545.669081783071,-626.3442917332429,0.0,-3.8075625013181895,0.00045850970936665646,0.0
4882.0,-546.45419678428,-625.7277060109537,0.0,-3.807039069584225,0.0005880487450565638,0.0
4883.0,-547.2397896375226,-625.1114917528159,0.0,-3.8063861201065183,0.0007175164219054762,0.0
4884.0,-548.025946191137,-624.4957461760443,0.0,-3.8056037268485285,0.0008469061019115313,0.0
4885.0,-548.8127522934618,-623.8805664978538,0.0,-3.804691970443288,0.0009762107983840425,0.0
4886.0,-549.6002937928357,-623.2660499354591,0.0,-3.8036509385747017,0.0011054231128234512,0.0
4887.0,-550.3886565375967,-622.6522937060757,0.0,-3.8024807264220164,0.0012345351722754367,0.0
4888.0,-551.1779263760836,-622.039395026918,0.0,-3.801181437166211,0.0013635385671621084,0.0
4889.0,-551.9681891566349,-621.4274511152009,0.0,-3.799753182558827,0.0014924242897220083,0.0
4890.0,-552.759530727589,-620.8165591881395,0.0,-3.798196083552388,0.0016211826731676077,0.0
4891.0,-553.5520369372844,-620.2068164629485,0.0,-3.7965102709908027,0.0017498033315174661,0.0
4892.0,-554.3457936340595,-619.5983201568431,0.0,-3.7946958863607443,0.0018782751002467558,0.0
4893.0,-555.1408866662531,-618.9911674870377,0.0,-3.7927530826011373,0.0020065859778698614,0.0
4894.0,-555.9374018822034,-618.3854556707477,0.0,-3.7906820249712343,0.002134723068558251,0.0
4895.0,-556.7354251302488,-617.7812819251875,0.0,-3.7884828919757485,0.002262672525932961,0.0
4896.0,-557.535042258728,-617.1787434675724,0.0,-3.786155876345835,0.0023904194980469535,0.0
4897.0,-558.3363391159794,-616.5779375151174,0.0,-3.783701186075202,0.0025179480737468497,0.0
4898.0,-559.1394015503416,-615.9789612850368,0.0,-3.781119045508173,0.0026452412306286555,0.0
4899.0,-559.944315410153,-615.3819119945459,0.0,-3.7784096964803124,0.00277228078465749,0.0
4900.0,-560.7511665437521,-614.7868868608596,0.0,-3.775573399508912,0.002899047341645382,0.0
4901.0,-561.5600407994773,-614.1939831011928,0.0,-3.772610435031004,0.0030255202507297897,0.0
4902.0,-562.3710240256672,-613.6032979327601,0.0,-3.7695211046871777,0.003151677560044387,0.0
4903.0,-563.1842020706603,-613.0149285727767,0.0,-3.766305732649201,0.003277495974853923,0.0
4904.0,-563.9996607827949,-612.4289722384575,0.0,-3.762964666988801,0.0034029508182866442,0.0
4905.0,-564.8174860104097,-611.8455261470172,0.0,-3.7594982810843574,0.003528015994871466,0.0
4906.0,-565.637763601843,-611.2646875156709,0.0,-3.755906975063507,0.003652663957164348,0.0
4907.0,-566.4605794054335,-610.6865535616332,0.0,-3.7521911772777625,0.0037768656756327654,0.0
4908.0,-567.2860192695197,-610.1112215021193,0.0,-3.74835134580614,0.0039005906121006685,0.0
4909.0,-568.1141690424397,-609.5387885543439,0.0,-3.744387969983841,0.00402129796443191,0.0
4910.0,-568.9451145725324,-608.9693519355219,0.0,-3.740301571952237,0.004121362953449336,0.0
4911.0,-569.7789417081361,-608.4030088628684,0.0,-3.736092708226906,0.00416923698869777,0.0
4912.0,-570.6157362975894,-607.839856553598,0.0,-3.7317619712768426,0.004144666581108426,0.0
4913.0,-571.4555841892305,-607.2799922249259,0.0,-3.727345113368975,0.004043988049699695,0.0
4914.0,-572.2985218034008,-606.7234607689387,0.0,-3.723053957624004,0.003867476680770222,0.0
4915.0,-573.144337156666,-606.1700441142216,0.0,-3.71911924761813,0.003615392670866635,0.0
4916.0,-573.9927404011754,-605.6194417610641,0.0,-3.715594736036333,0.003290486814689559,0.0
4917.0,-574.8434416617739,-605.0713531808514,0.0,-3.712478973203949,0.0029105728211622816,0.0
4918.0,-575.6961510633062,-604.5254778449679,0.0,-3.709770633444411,0.002507366026479924,0.0
4919.0,-576.5505787306167,-603.9815152247983,0.0,-3.707468548667205,0.0021012636265991254,0.0
4920.0,-577.4064347885502,-603.4391647917276,0.0,-3.7055717205729586,0.0016960493743729862,0.0
4921.0,-578.2634293619514,-602.8981260171402,0.0,-3.704079330923748,0.001291544076930075,0.0
4922.0,-579.1212725756648,-602.3580983724208,0.0,-3.702990749947667,0.0008875595575829856,0.0
4923.0,-579.9796745545351,-601.8187813289544,0.0,-3.7023055429344085,0.00048390185125226,0.0
4924.0,-580.8383454234073,-601.2798743581254,0.0,-3.7020234750646517,8.037297889261299e-05,0.0
4925.0,-581.6969953071256,-600.7410769313188,0.0,-3.702144514506687,-0.0003232273030094403,0.0
4926.0,-582.5553343305347,-600.2020885199192,0.0,-3.702668833798767,-0.0007270997650606109,0.0
4927.0,-583.4130726184795,-599.6626085953114,0.0,-3.703596809523865,-0.0011314439667418075,0.0
4928.0,-584.2699202958046,-599.1223366288799,0.0,-3.704929020268345,-0.0015364565044257029,0.0
4929.0,-585.1255874873546,-598.5809720920097,0.0,-3.706666242845202,-0.0019423292326814499,0.0
4930.0,-585.9797843179741,-598.0382144560854,0.0,-3.708809446747722,-0.0023492474460661745,0.0
4931.0,-586.832220912508,-597.4937631924914,0.0,-3.7113597867857235,-0.002757388009219002,0.0
4932.0,-587.6826073958007,-596.9473177726129,0.0,-3.714318593847575,-0.0031669174235172837,0.0
4933.0,-588.5306538926969,-596.3985776678344,0.0,-3.7176873637154193,-0.0035779898193517247,0.0
4934.0,-589.3760705280414,-595.8472423495407,0.0,-3.721467743852139,-0.003990744864300273,0.0
4935.0,-590.2185674266789,-595.2930112891164,0.0,-3.725661518069137,-0.00440530557849006,0.0
4936.0,-591.0578547134537,-594.7355839579462,0.0,-3.730270588973652,-0.004821776050170946,0.0
4937.0,-591.8936425132108,-594.174659827415,0.0,-3.735296958090196,-0.005240239046639981,0.0
4938.0,-592.7256409507947,-593.6099383689074,0.0,-3.7407427035434533,-0.005660753517771574,0.0
4939.0,-593.5535601510503,-593.0411190538081,0.0,-3.746609955188706,-0.006083351992226506,0.0
4940.0,-594.3771102388218,-592.4679013535018,0.0,-3.7529008670766815,-0.006508037869751769,0.0
4941.0,-595.1960013389545,-591.8899847393733,0.0,-3.7596175871438366,-0.00693478261664796,0.0
4942.0,-596.0099435762924,-591.3070686828074,0.0,-3.7667622240262415,-0.007363522875848437,0.0
4943.0,-596.8186470756807,-590.7188526551885,0.0,-3.7743368109077187,-0.007794157508029396,0.0
4944.0,-597.6218219619636,-590.1250361279017,0.0,-3.782343266332654,-0.008226544585441507,0.0
4945.0,-598.4191783599862,-589.5253185723313,0.0,-3.7907833519340666,-0.008660498366369711,0.0
4946.0,-599.2104263945928,-588.9193994598623,0.0,-3.799658627059971,-0.009095786284845466,0.0
4947.0,-599.9952761906281,-588.3069782618796,0.0,-3.808970400317828,-0.0095321259971018,0.0
4948.0,-600.773437872937,-587.6877544497675,0.0,-3.818719678098871,-0.009969182533989658,0.0
4949.0,-601.5446215663641,-587.061427494911,0.0,-3.828907110200383,-0.010406565616242773,0.0
4950.0,-602.3085373957538,-586.4276968686945,0.0,-3.8395329327214136,-0.010843827197289015,0.0
4951.0,-603.064895485951,-585.7862620425032,0.0,-3.8505969084783844,-0.01128045930621064,0.0
4952.0,-603.8134059618003,-585.1368224877215,0.0,-3.8620982652641915,-0.011715892270447417,0.0
4953.0,-604.5537789481464,-584.4790776757341,0.0,-3.874035632357245,-0.012149493404316543,0.0
4954.0,-605.2857245698339,-583.8127270779257,0.0,-3.8864069757826005,-0.012580566254748553,0.0
4955.0,-606.0089529517074,-583.1374701656812,0.0,-3.8992095329210477,-0.01300835049909407,0.0
4956.0,-606.7231742186118,-582.4530064103852,0.0,-3.9124397471644703,-0.013431991253794446,0.0
4957.0,-607.4280984953915,-581.7590352834225,0.0,-3.926093203417758,-0.013836944197641175,0.0
4958.0,-608.1234359068912,-581.0552562561777,0.0,-3.9401645653485198,-0.014160442558940143,0.0
4959.0,-608.8088965779558,-580.3413688000356,0.0,-3.954647515381373,-0.014313709379915527,0.0
4960.0,-609.4841906334298,-579.6170723863809,0.0,-3.9695342597931855,-0.01425166776403164,0.0
4961.0,-610.1490288105523,-578.8820671048618,0.0,-3.9846255671136364,-0.013970024531952221,0.0
4962.0,-610.8033880233223,-578.1363217727276,0.0,-3.999237137415174,-0.013470307385207506,0.0
4963.0,-611.4479264191341,-577.3804929690626,0.0,-4.0128040739891615,-0.012754352615222094,0.0
4964.0,-612.0834095829879,-576.61534574016,0.0,-4.02525222528951,-0.011837852249698813,0.0
4965.0,-612.7106030998843,-575.8416451323133,0.0,-4.036585886924099,-0.010784846353697253,0.0
4966.0,-613.330272554824,-575.0601561918156,0.0,-4.046810497198699,-0.009685476803228843,0.0
4967.0,-613.9431835328076,-574.2716439649605,0.0,-4.055932214588969,-0.008586249453251593,0.0
4968.0,-614.5501016188354,-573.4768734980414,0.0,-4.063957543813636,-0.007492928841038106,0.0
4969.0,-615.1517923979083,-572.6766098373515,0.0,-4.070893009666936,-0.006405484866849521,0.0
4970.0,-615.7490214550268,-571.8716180291842,0.0,-4.076744876982604,-0.005323625295443677,0.0
4971.0,-616.3425543751913,-571.0626631198331,0.0,-4.08151891464159,-0.004246838446227181,0.0
4972.0,-616.9331567434025,-570.2505101555912,0.0,-4.085220201346552,-0.0031748369493991924,0.0
4973.0,-617.521594144661,-569.435924182752,0.0,-4.087852970912139,-0.002134426856661431,0.0
4974.0,-618.1086321639673,-568.6196702476092,0.0,-4.0894204950117405,-0.0012219668640056317,0.0
4975.0,-618.695036386322,-567.8025133964557,0.0,-4.089925001638045,-0.0005537714486236109,0.0
4976.0,-619.2815723967258,-566.9852186755851,0.0,-4.089373269134115,-0.000180255460314273,0.0
4977.0,-619.8689967840286,-566.1685442006323,0.0,-4.088146593508684,-0.00010496730172818557,0.0
4978.0,-620.4574671936771,-565.3527866596437,0.0,-4.087224734211588,-0.00032777981077560165,0.0
4979.0,-621.0461771835891,-564.5375000050706,0.0,-4.087267182057285,-0.0008483984133207072,0.0
4980.0,-621.6342330586789,-563.7221709694196,0.0,-4.088329566645807,-0.0016395241899460622,0.0
4981.0,-622.2207411238609,-562.9062862851971,0.0,-4.0904134415022675,-0.0026044157326143846,0.0
4982.0,-622.8048076840496,-562.0893326849097,0.0,-4.093520972498377,-0.0036264961586141963,0.0
4983.0,-623.3855390441595,-561.2707969010636,0.0,-4.097654876060274,-0.004655207910444746,0.0
4984.0,-623.9620415091051,-560.4501656661654,0.0,-4.1028183252417705,-0.005686968364995477,0.0
4985.0,-624.5334213838009,-559.6269257127215,0.0,-4.109014822735103,-0.006721957285300182,0.0
4986.0,-625.0987849731612,-558.8005637732382,0.0,-4.116248039754368,-0.007760173750962274,0.0
4987.0,-625.6572385821007,-557.9705665802222,0.0,-4.124521619694949,-0.008801400820035632,0.0
4988.0,-626.2078885155338,-557.1364208661797,0.0,-4.1338389455630615,-0.009845169681289283,0.0
4989.0,-626.7498410783749,-556.2976133636172,0.0,-4.144202870431785,-0.010890723724111913,0.0
4990.0,-627.2822025755385,-555.4536308050411,0.0,-4.155615410640337,-0.011936980275717626,0.0
4991.0,-627.8040793119388,-554.6039599229581,0.0,-4.168077402142206,-0.01296982295375664,0.0
4992.0,-628.3145775924909,-553.7480874498744,0.0,-4.181588121372718,-0.013920510264124757,0.0
4993.0,-628.8128037221086,-552.8855001182965,0.0,-4.196144873254321,-0.014682990185649938,0.0
4994.0,-629.297864005707,-552.0156846607307,0.0,-4.211742510055044,-0.015197734000712716,0.0
4995.0,-629.7688648165324,-551.138127852708,0.0,-4.22819557655556,-0.015456090763332571,0.0
4996.0,-630.2252125614449,-550.2525053797474,0.0,-4.244733383137033,-0.015458454670137985,0.0
4997.0,-630.6673019267122,-549.3591151771583,0.0,-4.260646760534188,-0.015205710076090282,0.0
4998.0,-631.0957307874241,-548.4583831139089,0.0,-4.275814328258333,-0.014711935977320425,0.0
4999.0,-631.5110970186701,-547.5507350589677,0.0,-4.290236465943247,-0.014046001570636386,0.0
5000.0,-631.91399849554,-546.6365968813034,0.0,-4.3039148940657235,-0.013314263349209692,0.0
5001.0,-632.3050330931234,-545.7163944498845,0.0,-4.316852430308905,-0.012576750519328475,0.0
5002.0,-632.6847986865098,-544.7905536336796,0.0,-4.329052759984185,-0.011842837212018762,0.0
5003.0,-633.0538931507891,-543.8595003016569,0.0,-4.340520221697318,-0.011113108884088847,0.0
5004.0,-633.412914361051,-542.9236603227852,0.0,-4.351259608862839,-0.010387960480999959,0.0
5005.0,-633.762460192385,-541.9834595660329,0.0,-4.361275987200281,-0.009667611625951786,0.0
5006.0,-634.1031285198807,-541.0393239003686,0.0,-4.370574527969562,-0.008952226675685309,0.0
5007.0,-634.4355172186279,-540.0916791947606,0.0,-4.379160356416652,-0.00825416787487811,0.0
5008.0,-634.7602241637162,-539.1409513181775,0.0,-4.387038414691975,-0.00762129585536326,0.0
5009.0,-635.0778472302353,-538.187566139588,0.0,-4.394213338364439,-0.007115158188739519,0.0
5010.0,-635.3889842932748,-537.2319495279603,0.0,-4.400690816776658,-0.006764131299770476,0.0
5011.0,-635.6942305134445,-536.2745261351042,0.0,-4.406647364031793,-0.006570409803634483,0.0
5012.0,-635.9938647519966,-535.3155787858117,0.0,-4.412586374006413,-0.006533557285155097,0.0
5013.0,-636.2875580000152,-534.3551177389932,0.0,-4.418876355805783,-0.006653081467567061,0.0
5014.0,-636.574912297312,-533.3931223361607,0.0,-4.425556366777218,-0.006916205802040918,0.0
5015.0,-636.8555296836983,-532.429571918826,0.0,-4.432628141582293,-0.007274591102506087,0.0
5016.0,-637.1290121989855,-531.4644458285012,0.0,-4.440093413466293,-0.007666166519201679,0.0
5017.0,-637.3949618829853,-530.4977234066981,0.0,-4.447953882220743,-0.00806200459609187,0.0
5018.0,-637.6529807755088,-529.5293839949286,0.0,-4.456211179816281,-0.008459346441498117,0.0
5019.0,-637.902670916368,-528.5594069347045,0.0,-4.46486683365701,-0.008858063116051591,0.0
5020.0,-638.1436343453742,-527.5877715675379,0.0,-4.473922227424009,-0.009257985348147368,0.0
5021.0,-638.3754731023386,-526.6144572349405,0.0,-4.483378559504278,-0.009658901205484087,0.0
5022.0,-638.5977892270728,-525.6394432784242,0.0,-4.4932367990362065,-0.010060553826397367,0.0
5023.0,-638.8101847593884,-524.6627090395009,0.0,-4.503497639637102,-0.010462639252389279,0.0
5024.0,-639.0122617390969,-523.6842338596828,0.0,-4.514161450923997,-0.010864509646556149,0.0
5025.0,-639.2036222060095,-522.7039970804815,0.0,-4.525228227989803,-0.011254439629682785,0.0
5026.0,-639.383868199938,-521.7219780434087,0.0,-4.53669753905305,-0.011596713732653361,0.0
5027.0,-639.5526017606937,-520.7381560899768,0.0,-4.548568471561419,-0.01185231699107441,0.0
5028.0,-639.7094249280883,-519.7525105616974,0.0,-4.560835450418654,-0.012005769896165626,0.0
5029.0,-639.8539478595518,-518.765022206494,0.0,-4.573342062937389,-0.012056121018628043,0.0
5030.0,-639.986076378198,-517.7757229976121,0.0,-4.585746367993067,-0.012003405986327651,0.0
5031.0,-640.1060892520973,-516.7847095225784,0.0,-4.597845160443074,-0.011848079752721459,0.0
5032.0,-640.2142890844972,-515.7920824984637,0.0,-4.609625297017045,-0.011601751365847637,0.0
5033.0,-640.3109784786452,-514.7979426423394,0.0,-4.621086164286601,-0.011300098071565972,0.0
5034.0,-640.396460037789,-513.8023906712766,0.0,-4.632227530136455,-0.010982176736576563,0.0
5035.0,-640.4710363651762,-512.8055273023461,0.0,-4.6430495083817185,-0.010663591376958414,0.0
5036.0,-640.5350100640546,-511.80745325261955,0.0,-4.653552524096192,-0.010345503463236672,0.0
5037.0,-640.5886837376715,-510.8082692391676,0.0,-4.663737279836187,-0.010028176296611806,0.0
5038.0,-640.6323599892748,-509.8080759790615,0.0,-4.6736047229120254,-0.009711841244821861,0.0
5039.0,-640.666341422112,-508.8069741893725,0.0,-4.683156013825512,-0.009396698898427125,0.0
5040.0,-640.6909306394308,-507.80506458717156,0.0,-4.692392495963448,-0.009082920309823907,0.0
5041.0,-640.7064302444786,-506.80244788952996,0.0,-4.701315666612174,-0.008770648290138246,0.0
5042.0,-640.7131428405032,-505.79922481351866,0.0,-4.709927149333506,-0.00846079093326305,0.0
5043.0,-640.7113710307523,-504.79549607620885,0.0,-4.718228667722384,-0.008166896990337489,0.0
5044.0,-640.7014174184732,-503.79136239467164,0.0,-4.72622202054753,-0.007922748210167363,0.0
5045.0,-640.6835846069135,-502.78692448597815,0.0,-4.733909058262618,-0.007758886120175453,0.0
5046.0,-640.6581751993215,-501.78228306719944,0.0,-4.741302751540601,-0.007685098927786538,0.0
5047.0,-640.6254695823496,-500.7775418804235,0.0,-4.748582316113083,-0.007701797823842758,0.0
5048.0,-640.5854153395048,-499.77284998229163,0.0,-4.7560443214048815,-0.007809159034166107,0.0
5049.0,-640.5377036687843,-498.76839133895646,0.0,-4.763822900223254,-0.008006567127801312,0.0
5050.0,-640.4820191619025,-497.7643508160831,0.0,-4.771924301821647,-0.008280740369918198,0.0
5051.0,-640.4180464105741,-496.7609132793367,0.0,-4.780351555982065,-0.008598138655596632,0.0
5052.0,-640.3454700065138,-495.7582635943827,0.0,-4.7891077493064085,-0.008928436526521644,0.0
5053.0,-640.263974541436,-494.7565866268862,0.0,-4.79819600028603,-0.009262035572345935,0.0
5054.0,-640.1732446070558,-493.7560672425124,0.0,-4.80761943254651,-0.00959868692157073,0.0
5055.0,-640.0729647950874,-492.7568903069268,0.0,-4.817381146149808,-0.009938347467448594,0.0
5056.0,-639.9628196972455,-491.75924068579434,0.0,-4.827484186849631,-0.010280942126035442,0.0
5057.0,-639.8424939052449,-490.76330324478045,0.0,-4.8379315132081135,-0.010626361698492228,0.0
5058.0,-639.7116720108,-489.76926284955033,0.0,-4.848725961497589,-0.010974460677939642,0.0
5059.0,-639.5700386056257,-488.7773043657692,0.0,-4.859870208335165,-0.011325055025347322,0.0
5060.0,-639.4172782814363,-487.78761265910236,0.0,-4.871366731021769,-0.011677919943589465,0.0
5061.0,-639.2530756299467,-486.800372595215,0.0,-4.883217765589661,-0.012032787684013611,0.0
5062.0,-639.0771152428715,-485.8157690397725,0.0,-4.895425262597811,-0.012389345425135239,0.0
5063.0,-638.8890817119252,-484.8339868584398,0.0,-4.90799084075649,-0.012747233268551015,0.0
5064.0,-638.6886596288226,-483.85521091688247,0.0,-4.920915738511507,-0.013099931740376762,0.0
5065.0,-638.4755335852781,-482.87962608076555,0.0,-4.934200763770386,-0.013405733861475382,0.0
5066.0,-638.2493881730065,-481.9074172157544,0.0,-4.947846242014261,-0.0135912908710856,0.0
5067.0,-638.0099079837223,-480.93876918751414,0.0,-4.961851963102387,-0.013609694157122399,0.0
5068.0,-637.7567776091404,-479.97386686171023,0.0,-4.976131577874318,-0.01345178591544701,0.0
5069.0,-637.4898427454214,-479.0128370722265,0.0,-4.99019172437381,-0.013117261551419646,0.0
5070.0,-637.2097127336341,-478.05553157876255,0.0,-5.00350245117569,-0.012606064736530316,0.0
5071.0,-636.9172229496364,-477.1017207205373,0.0,-5.015939846292021,-0.011924467800327852,0.0
5072.0,-636.6132088038456,-476.15117482432095,0.0,-5.0275016588061305,-0.011114071976294833,0.0
5073.0,-636.2985057066788,-475.20366421688374,0.0,-5.038187008698392,-0.010248237264279527,0.0
5074.0,-635.9739490685537,-474.258959224996,0.0,-5.047996102729681,-0.00937397942826593,0.0
5075.0,-635.6403742998872,-473.3168301754278,0.0,-5.056929987451614,-0.008500641609299324,0.0
5076.0,-635.2986168110966,-472.37704739494956,0.0,-5.0649903224646415,-0.0076287774884096216,0.0
5077.0,-634.9495120125991,-471.43938121033136,0.0,-5.072179174784772,-0.006758744995134323,0.0
5078.0,-634.5938953148124,-470.5036019483436,0.0,-5.078498834678662,-0.00589072842426492,0.0
5079.0,-634.2326021281533,-469.5694799357565,0.0,-5.08395165294968,-0.0050247592980821355,0.0
5080.0,-633.8664678630392,-468.6367854993402,0.0,-5.088539899392577,-0.004160737042398769,0.0
5081.0,-633.4963279298877,-467.70528896586495,0.0,-5.092265641967376,-0.003298449322039852,0.0
5082.0,-633.1230177391154,-466.7747606621011,0.0,-5.095130646153628,-0.0024375919587442674,0.0
5083.0,-632.7473727011402,-465.8449709148188,0.0,-5.097136293935778,-0.0015781317442356317,0.0
5084.0,-632.370228226379,-464.9156900507883,0.0,-5.098283521907218,-0.0007335654175455452,0.0
5085.0,-631.9924197252492,-463.9866883967799,0.0,-5.098572778064773,5.2563671513945095e-05,0.0
5086.0,-631.614782608168,-463.0577362795638,0.0,-5.098003996985988,0.0007318997506044715,0.0
5087.0,-631.2381522855528,-462.12860402591025,0.0,-5.096581399775568,0.0012851883037751247,0.0
5088.0,-630.8633547501054,-461.1990643774108,0.0,-5.0944940574300235,0.0017113635026447963,0.0
5089.0,-630.49085306747,-460.268983134748,0.0,-5.092166339289785,0.0020104268722600516,0.0
5090.0,-630.1206406834777,-459.3383465150671,0.0,-5.0898540042911575,0.0021826502187114144,0.0
5091.0,-629.7526798424122,-458.40714873598546,0.0,-5.087573175298987,0.0022418158631429814,0.0
5092.0,-629.3869327885564,-457.4753840151205,0.0,-5.085324035635978,0.0022317174829825804,0.0
5093.0,-629.0233617661935,-456.5430465700895,0.0,-5.083106763203143,0.002200912944815503,0.0
5094.0,-628.6619290196064,-455.6101306185098,0.0,-5.080921530496453,0.002168800414232587,0.0
5095.0,-628.3025967930784,-454.67663037799883,0.0,-5.0787685046251365,0.00213652341379473,0.0
5096.0,-627.9453273308925,-453.74254006617394,0.0,-5.076647847332916,0.0021040872941037975,0.0
5097.0,-627.5900828773321,-452.80785390065245,0.0,-5.07455971502061,0.002071497382364816,0.0
5098.0,-627.2368256766799,-451.87256609905165,0.0,-5.072504258770278,0.002038758980559623,0.0
5099.0,-626.8855179732194,-450.936670878989,0.0,-5.07048162437156,0.0020058773636903687,0.0
5100.0,-626.5361220112337,-450.00016245808183,0.0,-5.068491952350108,0.0019728577782034407,0.0
5101.0,-626.1886000350056,-449.0630350539474,0.0,-5.066535377996381,0.001939705440380278,0.0
5102.0,-625.8429142888187,-448.12528288420316,0.0,-5.064612031397374,0.00190642553481465,0.0
5103.0,-625.4990270169558,-447.1869001664664,0.0,-5.062722037469014,0.0018730232130442304,0.0
5104.0,-625.1569004637,-446.2478811183545,0.0,-5.060865515989664,0.0018395035921920614,0.0
5105.0,-624.8164968733346,-445.3082199574848,0.0,-5.0590425816359,0.001805871753735287,0.0
5106.0,-624.4777784901426,-444.3679109014746,0.0,-5.057253344018533,0.0017721327423465864,0.0
5107.0,-624.1407075584073,-443.42694816794136,0.0,-5.0554979077205155,0.001738291564720194,0.0
5108.0,-623.8052463224116,-442.4853259745024,0.0,-5.053776372335284,0.0017043394653920097,0.0
5109.0,-623.4713570264386,-441.543038538775,0.0,-5.052088832506176,0.0016685143211264528,0.0
5110.0,-623.1390019147716,-440.6000800783766,0.0,-5.050435377967359,0.0016239110736868995,0.0
5111.0,-622.8081432316939,-439.65644481092454,0.0,-5.048816093585236,0.0015615704722377847,0.0
5112.0,-622.4787432214882,-438.712126954036,0.0,-5.04723125152484,0.0014773061597272985,0.0
5113.0,-622.1507637940234,-437.7671209337416,0.0,-5.045705473633823,0.0013707533475707048,0.0
5114.0,-621.8241244438774,-436.82144761001877,0.0,-5.044311023073609,0.0012419433268084288,0.0
5115.0,-621.4986612179722,-435.8751798488773,0.0,-5.043101270370862,0.0010909176279195265,0.0
5116.0,-621.174200424466,-434.92839658569363,0.0,-5.042081648234417,0.0009194675227807306,0.0
5117.0,-620.850568371517,-433.9811767558446,0.0,-5.041252015373129,0.0007345235170645685,0.0
5118.0,-620.5275913672839,-433.03359929470673,0.0,-5.040612249604148,0.0005450665617210732,0.0
5119.0,-620.2050957199244,-432.0857431376568,0.0,-5.040162248715054,0.0003553009490684695,0.0
5120.0,-619.8829077375971,-431.13768722007126,0.0,-5.039901931124678,0.00016560564914509207,0.0
5121.0,-619.56085372846,-430.1895104773269,0.0,-5.03983123634385,-2.4040162004063895e-05,0.0
5122.0,-619.2387600006716,-429.2412918448004,0.0,-5.039950125236526,-0.0002136574710226594,0.0
5123.0,-618.9164528623899,-428.29311025786825,0.0,-5.040258580081794,-0.0004032672280227523,0.0
5124.0,-618.5937586217733,-427.3450446519073,0.0,-5.04075660443772,-0.0005928901475840448,0.0
5125.0,-618.2705035869802,-426.397173962294,0.0,-5.0414442228076135,-0.000782546509584568,0.0
5126.0,-617.9465140661686,-425.4495771244052,0.0,-5.042321480105906,-0.0009722559596644206,0.0
5127.0,-617.6216163674968,-424.5023330736175,0.0,-5.043388440926145,-0.001162037308974335,0.0
5128.0,-617.295636799123,-423.5555207453074,0.0,-5.04464518860856,-0.001351908332861854,0.0
5129.0,-616.9684016692057,-422.60921907485164,0.0,-5.046091824106,-0.0015418855684470956,0.0
5130.0,-616.639737285903,-421.6635069976269,0.0,-5.047728464647622,-0.0017319841107290882,0.0
5131.0,-616.3094699573732,-420.71846344900985,0.0,-5.049555242197533,-0.0019222174069529908,0.0
5132.0,-615.9774259917743,-419.7741673643771,0.0,-5.051572301707867,-0.00211259704925913,0.0
5133.0,-615.643431697265,-418.83069767910524,0.0,-5.053779799163912,-0.0023031325654104024,0.0
5134.0,-615.3073133820031,-417.88813332857103,0.0,-5.056177899418346,-0.0024938312075512797,0.0
5135.0,-614.9688973541472,-416.946553248151,0.0,-5.0587667738137005,-0.002684697739016314,0.0
5136.0,-614.6280099218553,-416.00603637322195,0.0,-5.061546597590487,-0.002875734219202159,0.0
5137.0,-614.2844773932859,-415.0666616391604,0.0,-5.06451754707888,-0.003066939786672369,0.0
5138.0,-613.938126076597,-414.1285079813431,0.0,-5.067679796671992,-0.0032583104407011604,0.0
5139.0,-613.588782279947,-413.19165433514667,0.0,-5.071033515579636,-0.0034498388215053384,0.0
5140.0,-613.2362723114942,-412.2561796359476,0.0,-5.074578864360974,-0.0036415139895929877,0.0
5141.0,-612.8804224793968,-411.3221628191228,0.0,-5.078315991234698,-0.003833321204666871,0.0
5142.0,-612.5210590918128,-410.38968282004873,0.0,-5.082245028167165,-0.004025241704624386,0.0
5143.0,-612.1580084569008,-409.45881857410217,0.0,-5.0863660867380975,-0.004217252485386196,0.0
5144.0,-611.791096882819,-408.5296490166596,0.0,-5.090679253785572,-0.004409326082339364,0.0
5145.0,-611.4201506777256,-407.6022530830979,0.0,-5.095184586830637,-0.004601430354337133,0.0
5146.0,-611.0449961497789,-406.67670970879357,0.0,-5.0998821092857325,-0.004793502539027486,0.0
5147.0,-610.6654596071369,-405.75309782912325,0.0,-5.104771805450284,-0.004982243202925459,0.0
5148.0,-610.2813673579581,-404.83149637946366,0.0,-5.109853615298139,-0.005154892900451774,0.0
5149.0,-609.8925457104008,-403.91198429519136,0.0,-5.115127429064444,-0.00529492225662187,0.0
5150.0,-609.498820972623,-402.9946405116831,0.0,-5.120592721387204,-0.005394565480620767,0.0
5151.0,-609.1000201157416,-402.0795436853284,0.0,-5.126204023977422,-0.005453072244471764,0.0
5152.0,-608.6960527086954,-401.1667377135949,0.0,-5.131828317245112,-0.005470431335677516,0.0
5153.0,-608.2869900338818,-400.2561984414838,0.0,-5.137367290463964,-0.0054466687630463995,0.0
5154.0,-607.8729221357311,-399.34789381853335,0.0,-5.142810541000743,-0.005385054207245015,0.0
5155.0,-607.4539390586735,-398.44179179428215,0.0,-5.1481578911702846,-0.005298324795822484,0.0
5156.0,-607.0301308471392,-397.5378603182684,0.0,-5.153409191891783,-0.005202995488208144,0.0
5157.0,-606.6015875455586,-396.6360673400305,0.0,-5.158564321242514,-0.00510682606312932,0.0
5158.0,-606.1683991983616,-395.73638080910695,0.0,-5.163623183023542,-0.005010569773858022,0.0
5159.0,-605.7306558499785,-394.83876867503596,0.0,-5.168585705340506,-0.00491425026193212,0.0
5160.0,-605.2884475448398,-393.94319888735606,0.0,-5.173451839203484,-0.004817889781534365,0.0
5161.0,-604.8418643273754,-393.0496393956056,0.0,-5.178221557145034,-0.00472150921962181,0.0
5162.0,-604.3909962420158,-392.158058149323,0.0,-5.182894851860006,-0.004625128117934426,0.0
5163.0,-603.9359333331911,-391.2684230980465,0.0,-5.187471734869112,-0.004528764696531771,0.0
5164.0,-603.4767656453314,-390.3807021913145,0.0,-5.191952235206666,-0.004432435878669657,0.0
5165.0,-603.0135832228669,-389.4948633786656,0.0,-5.196336398134095,-0.0043361573170273005,0.0
5166.0,-602.5464761102281,-388.610874609638,0.0,-5.2006242838810355,-0.004239943420974905,0.0
5167.0,-602.0755343518451,-387.7287038337701,0.0,-5.204815966414399,-0.004143807384681468,0.0
5168.0,-601.600847992148,-386.8483190006003,0.0,-5.2089115322354935,-0.004047761216097369,0.0
5169.0,-601.1225070755673,-385.969688059667,0.0,-5.212911079207928,-0.003951815766578865,0.0
5170.0,-600.6406016465329,-385.0927789605085,0.0,-5.216814715414838,-0.003855980760901228,0.0
5171.0,-600.1552217494751,-384.21755965266334,0.0,-5.220622558046481,-0.0037602648277536483,0.0
5172.0,-599.6664574288243,-383.34399808566974,0.0,-5.224334732319644,-0.0036646755305757795,0.0
5173.0,-599.1743987290107,-382.4720622090661,0.0,-5.227951370427591,-0.0035692193984584765,0.0
5174.0,-598.6791356944642,-381.601719972391,0.0,-5.231472610520461,-0.00347390195719737,0.0
5175.0,-598.1807583696153,-380.73293932518254,0.0,-5.234898595717983,-0.0033787277603395866,0.0
5176.0,-597.6793567988943,-379.86568821697927,0.0,-5.2382294731535,-0.0032837004200845545,0.0
5177.0,-597.1750210267313,-378.9999345973196,0.0,-5.241465393047685,-0.0031888226381761183,0.0
5178.0,-596.6678410975566,-378.13564641574175,0.0,-5.244606507814397,-0.0030940962365228076,0.0
5179.0,-596.1579070558001,-377.2727916217843,0.0,-5.247652971196482,-0.0029995221874580097,0.0
5180.0,-595.6453089458925,-376.4113381649855,0.0,-5.250604937431937,-0.0029051006438012596,0.0
5181.0,-595.1301368122637,-375.5512539948837,0.0,-5.253462560450581,-0.002810830968538751,0.0
5182.0,-594.612480699344,-374.6925070610175,0.0,-5.256225993099182,-0.0027167117640714946,0.0
5183.0,-594.0924306515637,-373.835065312925,0.0,-5.258895386396713,-0.0026227409010632285,0.0
5184.0,-593.5700767133529,-372.97889670014473,0.0,-5.26147088881769,-0.0025289155468051533,0.0
5185.0,-593.0455089291421,-372.12396917221514,0.0,-5.2639526456039345,-0.002435232193129799,0.0
5186.0,-592.5188173433611,-371.2702506786745,0.0,-5.266340798103945,-0.002341686683822048,0.0
5187.0,-591.9900920004404,-370.4177091690612,0.0,-5.2686354831393585,-0.00224827424151527,0.0
5188.0,-591.4594229448102,-369.5663125929136,0.0,-5.270836832398431,-0.002154989494096617,0.0
5189.0,-590.9269002209006,-368.71602889977015,0.0,-5.272944971855149,-0.002061826500563032,0.0
5190.0,-590.392613873142,-367.86682603916927,0.0,-5.2749600212142544,-0.0019687787763908683,0.0
5191.0,-589.8566539459645,-367.01867196064927,0.0,-5.276882093381362,-0.0018758393183906056,0.0
5192.0,-589.3191104837982,-366.17153461374846,0.0,-5.278711293957615,-0.001783000629022892,0.0
5193.0,-588.7800735310735,-365.3253819480054,0.0,-5.280447720758147,-0.0016910119792872588,0.0
5194.0,-588.2396331322207,-364.48018191295824,0.0,-5.282091463354629,-0.0016044990543886736,0.0
5195.0,-587.6978793316699,-363.6359024581456,0.0,-5.283642602640629,-0.0015312523221607016,0.0
5196.0,-587.1549021738514,-362.7925115331058,0.0,-5.285101210419271,-0.0014759877628107707,0.0
5197.0,-586.6107917031953,-361.94997708737714,0.0,-5.286477950360154,-0.0014394986409753357,0.0
5198.0,-586.0656184623631,-361.1082760723547,0.0,-5.287827150996904,-0.001421775974408211,0.0
5199.0,-585.5193726427901,-360.2674225289005,0.0,-5.289203768852323,-0.0014228120122640978,0.0
5200.0,-584.9720237445646,-359.42744004883286,0.0,-5.29061907454279,-0.0014418430446503372,0.0
5201.0,-584.4235412677554,-358.58835222397937,0.0,-5.29207309054364,-0.0014742298247834333,0.0
5202.0,-583.8738947124311,-357.75018264616705,0.0,-5.293565839093333,-0.0015121692645128396,0.0
5203.0,-583.3230535786604,-356.9129549072235,0.0,-5.295097342138265,-0.0015509337648118254,0.0
5204.0,-582.7709873665123,-356.07669259897574,0.0,-5.2966676212662644,-0.0015897195002720593,0.0
5205.0,-582.2176655760553,-355.2414193132514,0.0,-5.298276697637761,-0.0016285260033592128,0.0
5206.0,-581.6630577073585,-354.40715864187774,0.0,-5.299924591914645,-0.0016673527355762295,0.0
5207.0,-581.1071332604902,-353.57393417668203,0.0,-5.301611324187833,-0.001706199084794286,0.0
5208.0,-580.5498617355192,-352.7417695094915,0.0,-5.303336913902406,-0.0017450643633248725,0.0
5209.0,-579.9912126325147,-351.9106882321338,0.0,-5.305101379781596,-0.0017839478060477046,0.0
5210.0,-579.431155451545,-351.080713936436,0.0,-5.306904739748069,-0.0018228485685261348,0.0
5211.0,-578.869659692679,-350.2518702142255,0.0,-5.308747010843581,-0.0018617657251081,0.0
5212.0,-578.3066948559853,-349.42418065732954,0.0,-5.310628209146993,-0.001900698267008925,0.0
5213.0,-577.7422304415328,-348.5976688575757,0.0,-5.312548349690081,-0.0019396451004233106,0.0
5214.0,-577.1762359493904,-347.7723584067911,0.0,-5.314507446371763,-0.0019786050446806464,0.0
5215.0,-576.6086808796265,-346.94827289680313,0.0,-5.316505511869989,-0.002017576830360238,0.0
5216.0,-576.03953473231,-346.12543591943904,0.0,-5.318542557552138,-0.002056559097418959,0.0
5217.0,-575.4687670075097,-345.30387106652637,0.0,-5.320618593383454,-0.002095550393348601,0.0
5218.0,-574.8963472052943,-344.4836019298923,0.0,-5.322733627833725,-0.002134549171343052,0.0
5219.0,-574.3222448257325,-343.6646521013642,0.0,-5.324887667781892,-0.0021735537884983408,0.0
5220.0,-573.7464293688931,-342.84704517276936,0.0,-5.327080718419047,-0.0022125625040070314,0.0
5221.0,-573.1688703348449,-342.0308047359352,0.0,-5.329312783149677,-0.0022515734773675966,0.0
5222.0,-572.5895372236566,-341.215954382689,0.0,-5.331583863490878,-0.0022905847666508145,0.0
5223.0,-572.008399535397,-340.40251770485804,0.0,-5.333893958970226,-0.0023295943267718855,0.0
5224.0,-571.4254267701347,-339.5905182942697,0.0,-5.3362430670214644,-0.002368600007792741,0.0
5225.0,-570.8405884279384,-338.7799797427513,0.0,-5.338631182878861,-0.002407599553280816,0.0
5226.0,-570.2538540088772,-337.97092564213034,0.0,-5.341058299469868,-0.0024465905986527253,0.0
5227.0,-569.6651930130193,-337.1633795842339,0.0,-5.343524407305878,-0.0024855706695976155,0.0
5228.0,-569.0745749404341,-336.3573651608894,0.0,-5.346029494371945,-0.002524537180531678,0.0
5229.0,-568.4819692911899,-335.55290596392416,0.0,-5.348573546014542,-0.002563487433090396,0.0
5230.0,-567.8873455653556,-334.75002558516564,0.0,-5.3511565448277,-0.0026024186147162176,0.0
5231.0,-567.2906732629999,-333.948747616441,0.0,-5.353778470538357,-0.00264132779719693,0.0
5232.0,-566.6919218841914,-333.1490956495777,0.0,-5.356439299889412,-0.002680211935330285,0.0
5233.0,-566.0910609289992,-332.351093276403,0.0,-5.359139006522582,-0.0027190678656742657,0.0
5234.0,-565.4880598974918,-331.5547640887442,0.0,-5.361877560859191,-0.0027578923052915855,0.0
5235.0,-564.8828882897378,-330.7601316784287,0.0,-5.364654929979389,-0.0027966818506343243,0.0
5236.0,-564.2755156058064,-329.96721963728385,0.0,-5.367471077501722,-0.0028349475849633876,0.0
5237.0,-563.6659113457658,-329.176051557137,0.0,-5.37032596345996,-0.0028697045427373675,0.0
5238.0,-563.0540450096854,-328.38665102981537,0.0,-5.373219544180179,-0.002895922944841153,0.0
5239.0,-562.4398860976333,-327.5990416471463,0.0,-5.37615177215647,-0.0029105505302214414,0.0
5240.0,-561.8234041096787,-326.8132470009573,0.0,-5.379115800445011,-0.002913067989233298,0.0
5241.0,-561.204579409404,-326.02928253794937,0.0,-5.382076630535085,-0.0029034777742990487,0.0
5242.0,-560.5834373659213,-325.24712996107326,0.0,-5.384998781531271,-0.0028817834253683622,0.0
5243.0,-559.9600150013408,-324.4667622362221,0.0,-5.38787493337294,-0.0028484749530595416,0.0
5244.0,-559.3343493377914,-323.6881523292757,0.0,-5.390705059438008,-0.00280653936615519,0.0
5245.0,-558.7064773974015,-322.9112732061137,0.0,-5.393489137042318,-0.0027610094288860027,0.0
5246.0,-558.0764362022998,-322.136097832616,0.0,-5.396227147249489,-0.002714941322258405,0.0
5247.0,-557.4442627746146,-321.3625991746621,0.0,-5.398919074694827,-0.0026688592041927655,0.0
5248.0,-556.8099941364748,-320.5907501981319,0.0,-5.4015649074114425,-0.0026227663929366657,0.0
5249.0,-556.1736673100088,-319.8205238689049,0.0,-5.404164636659318,-0.002576666036194235,0.0
5250.0,-555.5353193173454,-319.0518931528611,0.0,-5.406718256756511,-0.0025305611145766604,0.0
5251.0,-554.8949871806129,-318.2848310158801,0.0,-5.409225764913136,-0.002484454444285688,0.0
5252.0,-554.25270792194,-317.5193104238416,0.0,-5.411687161068303,-0.0024383486799082195,0.0
5253.0,-553.6085185634555,-316.7553043426254,0.0,-5.414102447730222,-0.002392246317236335,0.0
5254.0,-552.9624561272875,-315.9927857381111,0.0,-5.416471629818166,-0.002346149696161045,0.0
5255.0,-552.314557635565,-315.2317275761785,0.0,-5.418794714508103,-0.002300061003597761,0.0
5256.0,-551.6648601104165,-314.47210282270737,0.0,-5.421071711081373,-0.0022539822763900015,0.0
5257.0,-551.0134005739706,-313.71388444357734,0.0,-5.423302630775765,-0.002207915404333262,0.0
5258.0,-550.3602160483557,-312.9570454046682,0.0,-5.425487486640137,-0.0021618621332474748,0.0
5259.0,-549.7053435557006,-312.2015586718597,0.0,-5.427626293391671,-0.0021158240679437184,0.0
5260.0,-549.0488201181334,-311.44739721103144,0.0,-5.429719067276315,-0.002069802675305559,0.0
5261.0,-548.3906827577835,-310.69453398806326,0.0,-5.4317658259327395,-0.0020237992873889227,0.0
5262.0,-547.7309684967789,-309.9429419688348,0.0,-5.433766588258994,-0.0019778151044832016,0.0
5263.0,-547.0697143572484,-309.19259411922593,0.0,-5.435721374281694,-0.0019318511982770379,0.0
5264.0,-546.4069573613206,-308.4434634051162,0.0,-5.437630205029722,-0.001885908514925459,0.0
5265.0,-545.7427345311237,-307.6955227923855,0.0,-5.4394931024096245,-0.0018399878781223398,0.0
5266.0,-545.0770828887868,-306.9487452469134,0.0,-5.441310089084948,-0.0017940899922880122,0.0
5267.0,-544.4100394564382,-306.2031037345797,0.0,-5.443081188358916,-0.0017482154456473734,0.0
5268.0,-543.7416412562065,-305.45857122126415,0.0,-5.444806424059094,-0.0017023647133269013,0.0
5269.0,-543.0719253102204,-304.71512067284635,0.0,-5.446485820426352,-0.0016565381605056573,0.0
5270.0,-542.4009286406085,-303.97272505520624,0.0,-5.448119402006368,-0.0016107360454487968,0.0
5271.0,-541.7286882694992,-303.2313573342234,0.0,-5.449707193544111,-0.001564958522604076,0.0
5272.0,-541.0552412190212,-302.4909904757775,0.0,-5.451249219881812,-0.0015192056457074314,0.0
5273.0,-540.3806245113032,-301.75159744574836,0.0,-5.4527455058598395,-0.0014734773708208668,0.0
5274.0,-539.7048751684734,-301.01315121001574,0.0,-5.454196076220308,-0.001427773559392355,0.0
5275.0,-539.0280302126607,-300.27562473445926,0.0,-5.45560095551416,-0.0013820939812681588,0.0
5276.0,-538.3501266659937,-299.53899098495873,0.0,-5.45696016801119,-0.0013364383176954445,0.0
5277.0,-537.6712015506009,-298.8032229273938,0.0,-5.4582737376130215,-0.0012908061643502095,0.0
5278.0,-536.9912918886109,-298.06829352764424,0.0,-5.45954168776895,-0.0012451970343325364,0.0
5279.0,-536.3104347021522,-297.3341757515898,0.0,-5.460764041394727,-0.0011996103611029746,0.0
5280.0,-535.6286670133534,-296.60084256511016,0.0,-5.461940820794661,-0.0011540455014078838,0.0
5281.0,-534.9460258443431,-295.86826693408506,0.0,-5.463072047586389,-0.0011085017382187318,0.0
5282.0,-534.2625482172501,-295.1364218243942,0.0,-5.464157742628734,-0.0010629782836731089,0.0
5283.0,-533.5782711542028,-294.4052802019173,0.0,-5.465197925952058,-0.0010174742819409413,0.0
5284.0,-532.8932316773297,-293.6748150325342,0.0,-5.466192616691864,-0.0009719888120778287,0.0
5285.0,-532.2074668087594,-292.94499928212446,0.0,-5.4671418330251695,-0.0009265208909046459,0.0
5286.0,-531.5210135706207,-292.2158059165679,0.0,-5.468045592109931,-0.0008810694758176751,0.0
5287.0,-530.8339089850417,-291.4872079017443,0.0,-5.46890391002663,-0.0008356334676111742,0.0
5288.0,-530.1461900741516,-290.7591782035331,0.0,-5.46971680172351,-0.0007902117132981675,0.0
5289.0,-529.4578938600787,-290.0316897878144,0.0,-5.470484280964278,-0.0007448030088678591,0.0
5290.0,-528.7690573649515,-289.30471562046773,0.0,-5.471206360277961,-0.0006994061020543388,0.0
5291.0,-528.0797176108987,-288.57822866737285,0.0,-5.471883050912518,-0.0006540196951111251,0.0
5292.0,-527.3899116200488,-287.8522018944094,0.0,-5.47251436279069,-0.0006086511294587053,0.0
5293.0,-526.6996764145305,-287.12660826745736,0.0,-5.47310030446856,-0.0005640390110811362,0.0
5294.0,-526.0090490164722,-286.4014207523962,0.0,-5.4736408830967616,-0.0005228905171534848,0.0
5295.0,-525.3180664480027,-285.6766123151056,0.0,-5.474136104384934,-0.0004885616052819103,0.0
5296.0,-524.6267657312504,-284.95215592146553,0.0,-5.474586094115276,-0.00046255651236856314,0.0
5297.0,-523.9351836951071,-284.2280246874604,0.0,-5.475001093282099,-0.0004449996938255144,0.0
5298.0,-523.2433410848317,-283.5042042227044,0.0,-5.475408785148528,-0.0004358904571595268,0.0
5299.0,-522.5512307208921,-282.7807018285534,0.0,-5.475828491028627,-0.00043521963080639375,0.0
5300.0,-521.8588426338849,-282.0575269735114,0.0,-5.476261967403784,-0.0004422469456753904,0.0
5301.0,-521.1661668544065,-281.33468912608276,0.0,-5.476709215875095,-0.00045426373498840575,0.0
5302.0,-520.4731934130533,-280.6121977547715,0.0,-5.477170238006834,-0.00046791273116759355,0.0
5303.0,-519.7799123404222,-279.89006232808174,0.0,-5.477645035324666,-0.00048168857267112073,0.0
5304.0,-519.0863136671093,-279.16829231451777,0.0,-5.478133609312165,-0.0004954658700701156,0.0
5305.0,-518.3923874237113,-278.44689718258365,0.0,-5.4786359614083,-0.0005092445773611232,0.0
5306.0,-517.6981236408249,-277.7258864007837,0.0,-5.479152093005201,-0.0005230246456885571,0.0
5307.0,-517.0035123490463,-277.0052694376219,0.0,-5.479682005444605,-0.000536806023286778,0.0
5308.0,-516.3085435789723,-276.28505576160245,0.0,-5.480225700015255,-0.000550588655422806,0.0
5309.0,-515.6132073611991,-275.56525484122955,0.0,-5.480783177949729,-0.0005643724842670901,0.0
5310.0,-514.9174937263235,-274.8458761450073,0.0,-5.48135444042141,-0.000578157448854493,0.0
5311.0,-514.221392704942,-274.1269291414399,0.0,-5.481939488541435,-0.0005919434849927439,0.0
5312.0,-513.5248943276509,-273.40842329903165,0.0,-5.482538323354949,-0.0006057305251652473,0.0
5313.0,-512.827988625047,-272.6903680862864,0.0,-5.483150945838291,-0.0006195184984750008,0.0
5314.0,-512.1306656277268,-271.9727729717086,0.0,-5.4837773568954775,-0.0006333073305594564,0.0
5315.0,-511.43291536628647,-271.2556474238022,0.0,-5.4844175573542815,-0.0006470969435287925,0.0
5316.0,-510.73472787132283,-270.5390009110716,0.0,-5.485071547963017,-0.0006608872558496261,0.0
5317.0,-510.03609317343233,-269.82284290202074,0.0,-5.485739329386773,-0.0006746781822671062,0.0
5318.0,-509.3370013032116,-269.10718286515373,0.0,-5.486420902203905,-0.0006884696337652001,0.0
5319.0,-508.63744229125706,-268.392030268975,0.0,-5.487116266901882,-0.0007022615174707067,0.0
5320.0,-507.9374061681651,-267.67739458198855,0.0,-5.487825423873253,-0.0007160537365788397,0.0
5321.0,-507.2368829645325,-266.9632852726985,0.0,-5.4885483734122555,-0.0007298461902389063,0.0
5322.0,-506.53586271095554,-266.2497118096091,0.0,-5.489285115710216,-0.0007436387734902945,0.0
5323.0,-505.834335438031,-265.53668366122446,0.0,-5.490035650851672,-0.0007574313772419827,0.0
5324.0,-505.1322911763552,-264.82421029604876,0.0,-5.490799978810221,-0.0007712238881428643,0.0
5325.0,-504.4297199565246,-264.1123011825862,0.0,-5.491578099443801,-0.0007850161884852547,0.0
5326.0,-503.72661180913593,-263.40096578934083,0.0,-5.49237001249085,-0.0007988081561578168,0.0
5327.0,-503.02295676478565,-262.6902135848169,0.0,-5.493175717565673,-0.0008125996645764744,0.0
5328.0,-502.3187448540702,-261.98005403751847,0.0,-5.493995214153836,-0.0008263905826050458,0.0
5329.0,-501.61396610758607,-261.2704966159499,0.0,-5.494828501607429,-0.0008401807744496788,0.0
5330.0,-500.90861055592995,-260.5615507886152,0.0,-5.495675579140668,-0.0008539700995920464,0.0
5331.0,-500.2026682296983,-259.85322602401845,0.0,-5.496536445825296,-0.0008677584127354214,0.0
5332.0,-499.4961291594875,-259.145531790664,0.0,-5.4974111005851976,-0.0008815455637256292,0.0
5333.0,-498.7889833758942,-258.43847755705593,0.0,-5.4982995421917495,-0.0008953313974628,0.0
5334.0,-498.0812209095149,-257.7320727916984,0.0,-5.499201769259062,-0.0009091157538092531,0.0
5335.0,-497.3728317909462,-257.0263269630955,0.0,-5.500117780238742,-0.0009228984675411539,0.0
5336.0,-496.6638060507844,-256.3212495397515,0.0,-5.501047573414682,-0.0009366793682851997,0.0
5337.0,-495.9541337196262,-255.61684999017052,0.0,-5.501991146897895,-0.0009504582804228231,0.0
5338.0,-495.24380482806816,-254.91313778285672,0.0,-5.502948498621398,-0.0009642350230079723,0.0
5339.0,-494.53280940670663,-254.21012238631425,0.0,-5.503919626334671,-0.0009780094097109654,0.0
5340.0,-493.82113748613824,-253.50781326904726,0.0,-5.504904527598269,-0.0009917812487569525,0.0
5341.0,-493.1087790969595,-252.80621989955992,0.0,-5.505903199778462,-0.001005550342831959,0.0
5342.0,-492.3957242697669,-252.10535174635643,0.0,-5.506915640041454,-0.0010193164890147496,0.0
5343.0,-491.681963035157,-251.4052182779409,0.0,-5.507941845347924,-0.0010330794787211898,0.0
5344.0,-490.9674854237263,-250.7058289628175,0.0,-5.50898181244725,-0.0010468390976233594,0.0
5345.0,-490.25228146607134,-250.0071932694904,0.0,-5.5100355378716905,-0.0010605951255737392,0.0
5346.0,-489.53634119278854,-249.30932066646372,0.0,-5.511103017930585,-0.00107434733655357,0.0
5347.0,-488.8196546344746,-248.61222062224172,0.0,-5.512184248704451,-0.0010880954985995775,0.0
5348.0,-488.10221182172586,-247.91590260532845,0.0,-5.513279226039007,-0.0011018393737219434,0.0
5349.0,-487.3840027851389,-247.22037608422815,0.0,-5.5143879455389415,-0.0011155787178574858,0.0
5350.0,-486.6650175553104,-246.52565052744492,0.0,-5.515510402562186,-0.0011293132807964465,0.0
5351.0,-485.94524616283655,-245.83173540348295,0.0,-5.516646592213382,-0.0011430428061118823,0.0
5352.0,-485.2246786383142,-245.1386401808464,0.0,-5.517796509337666,-0.0011567670311152562,0.0
5353.0,-484.50330501233964,-244.44637432803944,0.0,-5.518960148514615,-0.0011704856867718683,0.0
5354.0,-483.7811153155095,-243.75494731356622,0.0,-5.520137504051572,-0.0011841984976372264,0.0
5355.0,-483.05809957842035,-243.0643686059309,0.0,-5.521328569977452,-0.0011979051818234204,0.0
5356.0,-482.33424783166856,-242.37464767363758,0.0,-5.52253334003611,-0.0012116054509202026,0.0
5357.0,-481.6095501058508,-241.68579398519054,0.0,-5.523751807679824,-0.0012252990099274844,0.0
5358.0,-480.88399643156345,-240.99781700909384,0.0,-5.524983966062665,-0.0012389855572186698,0.0
5359.0,-480.1575768394032,-240.3107262138517,0.0,-5.526229808033911,-0.00125266478447423,0.0
5360.0,-479.4302813599664,-239.62453106796826,0.0,-5.527489326131253,-0.0012663363766169309,0.0
5361.0,-478.7021000238496,-238.93924103994766,0.0,-5.528762512573919,-0.0012800000117797314,0.0
5362.0,-477.9730228616495,-238.2548655982941,0.0,-5.530049359256167,-0.0012936553612351099,0.0
5363.0,-477.2430399039623,-237.57141421151167,0.0,-5.531349857740034,-0.0013073020893454538,0.0
5364.0,-476.51214118138483,-236.8888963481046,0.0,-5.532663999248537,-0.001320939853528483,0.0
5365.0,-475.7803167245135,-236.20732147657705,0.0,-5.533991774658869,-0.0013345683041814382,0.0
5366.0,-475.04755656394474,-235.52669906543315,0.0,-5.5353331744949985,-0.001348187084657607,0.0
5367.0,-474.31385073027525,-234.84703858317704,0.0,-5.536688188921001,-0.001361795831217665,0.0
5368.0,-473.57918925410127,-234.16834949831295,0.0,-5.538056807733569,-0.0013753941729667421,0.0
5369.0,-472.84356216601964,-233.49064127934494,0.0,-5.539439020355057,-0.0013889817318375464,0.0
5370.0,-472.1069594966267,-232.8139233947773,0.0,-5.540834815826351,-0.0014025581225306028,0.0
5371.0,-471.36937127651896,-232.13820531311407,0.0,-5.5422441827992674,-0.0014161229524794245,0.0
5372.0,-470.63078753629304,-231.46349650285947,0.0,-5.543667109529673,-0.0014296758218291952,0.0
5373.0,-469.8911983065454,-230.78980643251765,0.0,-5.5451035838699205,-0.001443216323364955,0.0
5374.0,-469.1505936178725,-230.11714457059276,0.0,-5.546553593261508,-0.0014567440425071584,0.0
5375.0,-468.40896350087104,-229.445520385589,0.0,-5.5480171247277745,-0.001470258557290105,0.0
5376.0,-467.66629798613735,-228.77494334601045,0.0,-5.54949416486646,-0.0014837594382905675,0.0
5377.0,-466.92258710426796,-228.10542292036135,0.0,-5.550984699842057,-0.0014972462486232884,0.0
5378.0,-466.1778208858596,-227.4369685771458,0.0,-5.5524887153786615,-0.0015107185439301926,0.0
5379.0,-465.4319893615086,-226.769589784868,0.0,-5.55400619675234,-0.001524175872329701,0.0
5380.0,-464.6850825618115,-226.10329601203213,0.0,-5.555537128783321,-0.0015376348541724968,0.0
5381.0,-463.9370905173649,-225.4380967271423,0.0,-5.557081495828833,-0.0015517558564152522,0.0
5382.0,-463.18800325876526,-224.77400139870267,0.0,-5.558639281775472,-0.0015686034573648858,0.0
5383.0,-462.43781081660904,-224.11101949521742,0.0,-5.560210470031379,-0.001590446544930505,0.0
5384.0,-461.68650322149284,-223.4491604851907,0.0,-5.561795282635553,-0.0016181886495543196,0.0
5385.0,-460.9340703253141,-222.78843431767848,0.0,-5.563402714574979,-0.0016518904922952413,0.0
5386.0,-460.1804954270554,-222.12886856361635,0.0,-5.565052645959131,-0.0016915623316585532,0.0
5387.0,-459.42575353440884,-221.47051309060282,0.0,-5.566756931205557,-0.0017371977763947577,0.0
5388.0,-458.66981912264674,-220.81341919800104,0.0,-5.568516334500358,-0.0017881470887501597,0.0
5389.0,-457.91266666704166,-220.15763818517414,0.0,-5.5703309099960805,-0.0018423566966074515,0.0
5390.0,-457.1542706428661,-219.50322135148525,0.0,-5.57220071445399,-0.0018975690714001354,0.0
5391.0,-456.3946055253925,-218.85021999629757,0.0,-5.574125807082469,-0.0019528923705634605,0.0
5392.0,-455.63364578989336,-218.19868541897424,0.0,-5.576106249370565,-0.0020082778640065435,0.0
5393.0,-454.8713659116411,-217.5486689188784,0.0,-5.578142104916049,-0.002063727561084543,0.0
5394.0,-454.1077403659083,-216.90022179537326,0.0,-5.580233439248241,-0.0021192432910427223,0.0
5395.0,-453.3427436279674,-216.25339534782188,0.0,-5.582380319645562,-0.002174826697502955,0.0
5396.0,-452.5763501730908,-215.60824087558748,0.0,-5.584582814946968,-0.002230479232853926,0.0
5397.0,-451.80853447655113,-214.9648096780332,0.0,-5.586840995358286,-0.002286202152588742,0.0
5398.0,-451.0392710136208,-214.32315305452218,0.0,-5.589154932252771,-0.00234199650949193,0.0
5399.0,-450.26853425957216,-213.6833223044176,0.0,-5.591524697965305,-0.0023978631477726987,0.0
5400.0,-449.4962986896778,-213.04536872708258,0.0,-5.593950365581264,-0.00245380269712633,0.0
5401.0,-448.7225387792103,-212.4093436218803,0.0,-5.596432008719268,-0.0025098155666529415,0.0
5402.0,-447.947229003442,-211.77529828817393,0.0,-5.598969701307422,-0.0025659019387503763,0.0
5403.0,-447.1703438376455,-211.14328402532658,0.0,-5.6015635173539255,-0.0026220617629311477,0.0
5404.0,-446.3918577570931,-210.5133521327014,0.0,-5.604213530711097,-0.0026782947495232862,0.0
5405.0,-445.6117452370574,-209.8855539096616,0.0,-5.606919814833101,-0.002734600363336551,0.0
5406.0,-444.8299807528108,-209.2599406555703,0.0,-5.60968244252748,-0.00279097781727725,0.0
5407.0,-444.04653877962596,-208.63656366979066,0.0,-5.612501485700125,-0.002847426065888392,0.0
5408.0,-443.26139379277515,-208.01547425168582,0.0,-5.615377015093733,-0.0029039437988576744,0.0
5409.0,-442.4745202675309,-207.39672370061894,0.0,-5.618309100019669,-0.0029605294344912103,0.0
5410.0,-441.6858926791658,-206.78036331595317,0.0,-5.62129780808356,-0.0030171811131361865,0.0
5411.0,-440.8954855029522,-206.1664443970517,0.0,-5.6243432049039,-0.003073896690597306,0.0
5412.0,-440.1032732141627,-205.5550182432776,0.0,-5.627445353824306,-0.003130673731565598,0.0
5413.0,-439.3092302880697,-204.94613615399413,0.0,-5.630604315619152,-0.0031875095030167166,0.0
5414.0,-438.51333119994564,-204.33984942856435,0.0,-5.63382014819236,-0.0032444009676309326,0.0
5415.0,-437.71555042506304,-203.7362093663515,0.0,-5.637092906269861,-0.003301344777255252,0.0
5416.0,-436.91586243869443,-203.13526726671867,0.0,-5.640422641085459,-0.0033583372663832374,0.0
5417.0,-436.1142417161122,-202.53707442902905,0.0,-5.643809400060004,-0.0034153744457072117,0.0
5418.0,-435.31066273258887,-201.94168215264574,0.0,-5.647253226474289,-0.003472451995732508,0.0
5419.0,-434.50509996339696,-201.34914173693198,0.0,-5.65075415913549,-0.0035295652604642336,0.0
5420.0,-433.6975278838089,-200.75950448125081,0.0,-5.654312232037333,-0.0035867092412202235,0.0
5421.0,-432.8879209690972,-200.1728216849655,0.0,-5.6579274740140795,-0.003643878590552215,0.0
5422.0,-432.07625369453433,-199.58914464743916,0.0,-5.661599908388396,-0.0037010676062930255,0.0
5423.0,-431.2625005353927,-199.0085246680349,0.0,-5.665329552613423,-0.0037582702257804735,0.0
5424.0,-430.44663596694494,-198.43101304611594,0.0,-5.669116417909123,-0.003815480020252718,0.0
5425.0,-429.62863446446335,-197.8566610810454,0.0,-5.672960508892901,-0.003872690189447628,0.0
5426.0,-428.8084705032205,-197.28552007218642,0.0,-5.67686182320498,-0.00392989355641988,0.0
5427.0,-427.9861185584889,-196.7176413189022,0.0,-5.680820351128769,-0.003986885932585972,0.0
5428.0,-427.16155310554103,-196.15307612055588,0.0,-5.6848360752061815,-0.004040337913834322,0.0
5429.0,-426.3347486196493,-195.59187577651056,0.0,-5.688908969848561,-0.004081940012621425,0.0
5430.0,-425.5056795760862,-195.03409158612945,0.0,-5.693039000943137,-0.004104201195671627,0.0
5431.0,-424.67432045012424,-194.4797748487757,0.0,-5.697223372635613,-0.004104748701561967,0.0
5432.0,-423.840648615041,-193.92897218458035,0.0,-5.701418284960091,-0.00408351700216133,0.0
5433.0,-423.00468459363873,-193.3816605427704,0.0,-5.70555120731449,-0.004040501364979703,0.0
5434.0,-422.166482016595,-192.8377634153065,0.0,-5.709589783758663,-0.003975897021404139,0.0
5435.0,-421.3260953599812,-192.2972029291439,0.0,-5.713533124398156,-0.0038930272755100604,0.0
5436.0,-420.4835790998686,-191.75990121123758,0.0,-5.7173811586868455,-0.003800198280921802,0.0
5437.0,-419.6389877123286,-191.22578038854272,0.0,-5.721133831214568,-0.0037049004161925836,0.0
5438.0,-418.7923756734327,-190.69476258801436,0.0,-5.72479110066384,-0.003609508384513444,0.0
5439.0,-417.94379745925204,-190.16676993660764,0.0,-5.728352938789006,-0.0035140921738311876,0.0
5440.0,-417.09330754585807,-189.64172456127767,0.0,-5.731819329418481,-0.0034186634203451196,0.0
5441.0,-416.2409604093221,-189.11954858897957,0.0,-5.735190267481368,-0.0033232328004175107,0.0
5442.0,-415.3868105257154,-188.60016414666842,0.0,-5.738465758058639,-0.003227810055471458,0.0
5443.0,-414.53091237110954,-188.08349336129928,0.0,-5.741645815459999,-0.003132404017455276,0.0
5444.0,-413.6733204215757,-187.56945835982734,0.0,-5.744730462326246,-0.0030370226347526314,0.0
5445.0,-412.81408915318525,-187.05798126920766,0.0,-5.747719728758007,-0.002941672998485816,0.0
5446.0,-411.9532730420096,-186.5489842163953,0.0,-5.750613651471439,-0.002846361369139722,0.0
5447.0,-411.09092656412014,-186.04238932834545,0.0,-5.753412272980421,-0.0027510932034307623,0.0
5448.0,-410.2271041955881,-185.53811873201315,0.0,-5.756115640805964,-0.002655873181360529,0.0
5449.0,-409.3618604124849,-185.03609455435358,0.0,-5.758723806712844,-0.0025607052333804776,0.0
5450.0,-408.4952496908819,-184.53623892232176,0.0,-5.76123682597375,-0.0024655925676233532,0.0
5451.0,-407.6273265068504,-184.0384739628728,0.0,-5.763654756660526,-0.0023705376971792725,0.0
5452.0,-406.75814533646184,-183.54272180296186,0.0,-5.7659776589627745,-0.002275542467362422,0.0
5453.0,-405.8877606557875,-183.048904569544,0.0,-5.768205594533998,-0.002180608082882911,0.0
5454.0,-405.01622694089866,-182.55694438957437,0.0,-5.770338625864589,-0.002085735134944652,0.0
5455.0,-404.14359866786685,-182.06676339000802,0.0,-5.772376815682306,-0.001990923628256575,0.0
5456.0,-403.26993031276334,-181.57828369780006,0.0,-5.774320226379576,-0.0018961730078811887,0.0
5457.0,-402.39527635165945,-181.09142743990563,0.0,-5.776168919467379,-0.0018014821859294752,0.0
5458.0,-401.51969126062653,-180.60611674327978,0.0,-5.777922955056122,-0.0017068495680802518,0.0
5459.0,-400.643229515736,-180.1222737348777,0.0,-5.77958239136277,-0.0016122730799171337,0.0
5460.0,-399.76594559305914,-179.6398205416544,0.0,-5.781147284244339,-0.0015177501930817095,0.0
5461.0,-398.8878939686673,-179.15867929056506,0.0,-5.782617686757261,-0.0014232779512084143,0.0
5462.0,-398.0091291186319,-178.67877210856474,0.0,-5.783993648742758,-0.0013288529956718062,0.0
5463.0,-397.1297055190243,-178.20002112260855,0.0,-5.785275216437964,-0.0012344751963897821,0.0
5464.0,-396.24967764591577,-177.72234845965158,0.0,-5.786462432112135,-0.0011409796028057125,0.0
5465.0,-395.36909997537765,-177.245676246649,0.0,-5.787555333728284,-0.0010519194362274473,0.0
5466.0,-394.48802698348135,-176.7699266105558,0.0,-5.7885539546300135,-0.0009721630081393405,0.0
5467.0,-393.60651314629825,-176.2950216783272,0.0,-5.789458373726553,-0.0009041168344193297,0.0
5468.0,-392.72461287993775,-175.8208836594332,0.0,-5.790280311714327,-0.0008480360579539159,0.0
5469.0,-391.8423667628948,-175.3474538056141,0.0,-5.791057895892876,-0.0008039152549771547,0.0
5470.0,-390.9597839280868,-174.8747166416161,0.0,-5.791821251401797,-0.000771746089199229,0.0
5471.0,-390.0768691635485,-174.4026626712818,0.0,-5.7925740328301725,-0.0007506854252658433,0.0
5472.0,-389.19362725731474,-173.93128239845367,0.0,-5.793316237821601,-0.0007371723971648489,0.0
5473.0,-388.31006299742035,-173.4605663269743,0.0,-5.794047864106377,-0.0007263315469721349,0.0
5474.0,-387.42618117190017,-172.9905049606862,0.0,-5.794768909498979,-0.0007157497640581616,0.0
5475.0,-386.54198656878884,-172.5210888034319,0.0,-5.795479371895623,-0.0007051659122923683,0.0
5476.0,-385.6574839761212,-172.0523083590539,0.0,-5.796179249271888,-0.0006945800699239714,0.0
5477.0,-384.7726781819321,-171.5841541313948,0.0,-5.7968685396803945,-0.0006839923128544152,0.0
5478.0,-383.88757397425627,-171.11661662429708,0.0,-5.797547241248389,-0.0006734027146642696,0.0
5479.0,-383.0021761411286,-170.64968634160334,0.0,-5.798215352175478,-0.0006628113466575135,0.0
5480.0,-382.1164894705838,-170.18335378715605,0.0,-5.798872870731436,-0.0006522182778956014,0.0
5481.0,-381.23051875065664,-169.71760946479776,0.0,-5.7995197952538815,-0.0006416235752181468,0.0
5482.0,-380.3442687693819,-169.25244387837103,0.0,-5.80015612414602,-0.0006310273032842848,0.0
5483.0,-379.4577443147945,-168.7878475317183,0.0,-5.800781855874696,-0.0006204295246101664,0.0
5484.0,-378.5709501749292,-168.32381092868224,0.0,-5.801396988968125,-0.0006098302995957943,0.0
5485.0,-377.68389113782064,-167.8603245731053,0.0,-5.802001522013713,-0.0005992296865648632,0.0
5486.0,-376.79657199150375,-167.39737896883003,0.0,-5.802595453656134,-0.0005886277418007322,0.0
5487.0,-375.90899752401333,-166.93496461969895,0.0,-5.803178782595322,-0.0005780245195697069,0.0
5488.0,-375.02117252338405,-166.47307202955463,0.0,-5.8037515075843364,-0.0005674200721646879,0.0
5489.0,-374.13310177765084,-166.01169170223957,0.0,-5.804313627427473,-0.0005568144499436148,0.0
5490.0,-373.2447900748485,-165.55081414159633,0.0,-5.804865140978453,-0.0005462077013558593,0.0
5491.0,-372.3562422030116,-165.0904298514674,0.0,-5.8054060471383435,-0.0005355998729766727,0.0
5492.0,-371.4674629501752,-164.63052933569537,0.0,-5.8059363448538,-0.0005249910095450616,0.0
5493.0,-370.578457104374,-164.17110309812276,0.0,-5.806456033115258,-0.00051438115400312,0.0
5494.0,-369.6892294536428,-163.71214164259203,0.0,-5.80696511095518,-0.0005037703475226125,0.0
5495.0,-368.79978478601623,-163.25363547294583,0.0,-5.807463577446152,-0.0004931586295432286,0.0
5496.0,-367.9101278895293,-162.7955750930266,0.0,-5.807951431699289,-0.0004825460378145177,0.0
5497.0,-367.02026355221676,-162.33795100667692,0.0,-5.808428672862681,-0.00047193260841714234,0.0
5498.0,-366.13019656211327,-161.8807537177393,0.0,-5.808895300119432,-0.0004613183758079207,0.0
5499.0,-365.23993170725385,-161.4239737300563,0.0,-5.809351312686316,-0.000450703372857448,0.0
5500.0,-364.34947377567306,-160.96760154747042,0.0,-5.809796709812145,-0.00044008763086963597,0.0
5501.0,-363.45882755540583,-160.51162767382422,0.0,-5.810231490776133,-0.00042947117964026963,0.0
5502.0,-362.5679978344869,-160.05604261296025,0.0,-5.810655654886509,-0.0004188540474830812,0.0
5503.0,-361.676989400951,-159.60083686872102,0.0,-5.811069201478936,-0.0004082362612432,0.0
5504.0,-360.7858070428331,-159.14600094494904,0.0,-5.8114721299152095,-0.00039761784636497107,0.0
5505.0,-359.8944555481679,-158.69152534548687,0.0,-5.811864439581868,-0.00038699882691790264,0.0
5506.0,-359.00293970499007,-158.23740057417703,0.0,-5.812246129888644,-0.0003763792256222333,0.0
5507.0,-358.1112643013346,-157.7836171348621,0.0,-5.812617200267222,-0.0003657590638994306,0.0
5508.0,-357.2194341252362,-157.33016553138455,0.0,-5.812977650170166,-0.0003551383618872274,0.0
5509.0,-356.32745396472956,-156.87703626758696,0.0,-5.8133274790693275,-0.0003445171384866314,0.0
5510.0,-355.4353286078497,-156.42421984731183,0.0,-5.8136666864548285,-0.00033389541141496233,0.0
5511.0,-354.54306284263123,-155.9717067744017,0.0,-5.8139952718339085,-0.0003232731972136551,0.0
5512.0,-353.650661457109,-155.5194875526991,0.0,-5.81431323472959,-0.0003126505112898771,0.0
5513.0,-352.7581292393177,-155.06755268604658,0.0,-5.814620574679735,-0.0003020273679686777,0.0
5514.0,-351.8654709772924,-154.61589267828668,0.0,-5.814917291235941,-0.0002914037805120831,0.0
5515.0,-350.9726914590675,-154.1644980332619,0.0,-5.815203383962438,-0.0002807797611615394,0.0
5516.0,-350.07979547267814,-153.71335925481483,0.0,-5.815478852435113,-0.0002701553211724875,0.0
5517.0,-349.186787806159,-153.26246684678796,0.0,-5.815743696240604,-0.0002595304708502713,0.0
5518.0,-348.2936732475448,-152.8118113130238,0.0,-5.815997914975302,-0.00024890521958718736,0.0
5519.0,-347.40045658487037,-152.36138315736494,0.0,-5.816241508244458,-0.00023827957589242895,0.0
5520.0,-346.5071426061705,-151.91117288365388,0.0,-5.816474475661281,-0.000227653547441634,0.0
5521.0,-345.61373609948004,-151.46117099573314,0.0,-5.816696816846298,-0.00021702714109756674,0.0
5522.0,-344.7202418528336,-151.01136799744532,0.0,-5.816908531426302,-0.0002064003629467237,0.0
5523.0,-343.82666465426627,-150.56175439263288,0.0,-5.817109619033744,-0.00019577321835433686,0.0
5524.0,-342.93300929181265,-150.11232068513837,0.0,-5.817300079306157,-0.00018514571197573,0.0
5525.0,-342.0392805535075,-149.66305737880438,0.0,-5.8174799118851155,-0.00017451784780383607,0.0
5526.0,-341.14548322738574,-149.21395497747335,0.0,-5.8176491164158985,-0.00016388962921639762,0.0
5527.0,-340.25162210148204,-148.76500398498789,0.0,-5.817807692546801,-0.0001532610589845313,0.0
5528.0,-339.3577019638313,-148.3161949051905,0.0,-5.817955639928438,-0.00014263213933026923,0.0
5529.0,-338.4637276024683,-147.86751824192373,0.0,-5.818092958213415,-0.00013200287195821604,0.0
5530.0,-337.5697038054277,-147.4189644990301,0.0,-5.81821964705566,-0.00012137325808219451,0.0
5531.0,-336.6756353607444,-146.9705241803521,0.0,-5.818335706110024,-0.0001107432984831672,0.0
5532.0,-335.7815270564532,-146.52218778973236,0.0,-5.818441135031872,-0.00010011299352071948,0.0
5533.0,-334.8873836805888,-146.07394583101333,0.0,-5.818535933476557,-8.948234317068021e-05,0.0
5534.0,-333.99321002118626,-145.6257888080376,0.0,-5.8186201010992935,-7.885134708399529e-05,0.0
5535.0,-333.09901086628,-145.17770722464766,0.0,-5.81869363755471,-6.822000460353955e-05,0.0
5536.0,-332.20479100390503,-144.7296915846861,0.0,-5.818756542496433,-5.758831480376766e-05,0.0
5537.0,-331.3105552220961,-144.2817323919954,0.0,-5.8188088155770314,-4.695627652960356e-05,0.0
5538.0,-330.41630830888806,-143.8338201504181,0.0,-5.818850456447828,-3.632388842042136e-05,0.0
5539.0,-329.5220550523155,-143.38594536379674,0.0,-5.818881464758517,-2.569114896612744e-05,0.0
5540.0,-328.6278002404135,-142.93809853597386,0.0,-5.818901840157165,-1.5058056540784294e-05,0.0
5541.0,-327.73354866121656,-142.490270170792,0.0,-5.8189115822901005,-4.424609420056974e-06,0.0
5542.0,-326.83930510275974,-142.0424507720937,0.0,-5.818910690801789,6.209194176217839e-06,0.0
5543.0,-325.94507435307764,-141.59463084372143,0.0,-5.81889916533488,1.6843356037909984e-05,0.0
5544.0,-325.0508612002052,-141.14680088951778,0.0,-5.8188770055301555,2.7477877928688035e-05,0.0
5545.0,-324.1566704321771,-140.6989514133253,0.0,-5.818844211026585,3.8112761557787925e-05,0.0
5546.0,-323.2625068370281,-140.2510729189865,0.0,-5.818800781461293,4.8748008543216964e-05,0.0
5547.0,-322.3683752027932,-139.8031559103439,0.0,-5.818746716469858,5.938362037673426e-05,0.0
5548.0,-321.47428031750695,-139.35519089124003,0.0,-5.818682015686406,7.001959838756225e-05,0.0
5549.0,-320.58022696920426,-138.90716836551744,0.0,-5.8186066787436745,8.06559436944251e-05,0.0
5550.0,-319.68621994591996,-138.45907883701867,0.0,-5.818520705273389,9.129265717661943e-05,0.0
5551.0,-318.7922640356887,-138.01091280958624,0.0,-5.818424094906372,0.00010192973944800343,0.0
5552.0,-317.8983640265454,-137.5626607870627,0.0,-5.818316847272943,0.00011256719081195346,0.0
5553.0,-317.00452470652476,-137.11431327329058,0.0,-5.818198962003214,0.000123205011223109,0.0
5554.0,-316.11075086366174,-136.66586077211238,0.0,-5.818070438727465,0.00013384320025577878,0.0
5555.0,-315.21704728599093,-136.21729378737066,0.0,-5.817931277076527,0.00014448175706327504,0.0
5556.0,-314.32341876154726,-135.76860282290795,0.0,-5.817781476682186,0.00015512068034543143,0.0
5557.0,-313.42987007836547,-135.3197783825668,0.0,-5.817621037177754,0.00016575996831612118,0.0
5558.0,-312.5364060244803,-134.87081097018972,0.0,-5.817449958198426,0.0001763996186586577,0.0
5559.0,-311.64303138792667,-134.42169108961926,0.0,-5.8172682393820025,0.00018703962848868168,0.0
5560.0,-310.7497509567392,-133.97240924469796,0.0,-5.817075880369318,0.00019767999433005303,0.0
5561.0,-309.8565695189529,-133.52295593926831,0.0,-5.816872880804935,0.00020832071207120353,0.0
5562.0,-308.9634918626024,-133.07332167717288,0.0,-5.816659240337835,0.0002189617769214891,0.0
5563.0,-308.07052277572257,-132.6234969622542,0.0,-5.816434958622036,0.00022960318338695527,0.0
5564.0,-307.177667046348,-132.17347229835477,0.0,-5.816200035317284,0.0002402449252322723,0.0
5565.0,-306.28492946251384,-131.7232381893172,0.0,-5.8159544700899,0.00025088699543708765,0.0
5566.0,-305.3923148122546,-131.27278513898392,0.0,-5.815698262613628,0.0002615293861691269,0.0
5567.0,-304.4998278836052,-130.82210365119758,0.0,-5.815431412570275,0.00027217208874124357,0.0
5568.0,-303.60747346460033,-130.37118422980063,0.0,-5.815153919650726,0.0002828150935698659,0.0
5569.0,-302.7152563432749,-129.9200173786356,0.0,-5.814865783555925,0.0002934583901579936,0.0
5570.0,-301.8231813076636,-129.4685936015451,0.0,-5.8145670039975785,0.0003041019670400047,0.0
5571.0,-300.9312531458014,-129.01690340237158,0.0,-5.814257580699364,0.00031474581174872895,0.0
5572.0,-300.03947664572286,-128.56493728495764,0.0,-5.813937513397842,0.00032538991079654266,0.0
5573.0,-299.14785659546294,-128.11268575314574,0.0,-5.813606801843474,0.0003360342496129424,0.0
5574.0,-298.25639778305634,-127.66013931077848,0.0,-5.813265445801869,0.00034667881252075413,0.0
5575.0,-297.3651049965378,-127.20728846169835,0.0,-5.81291344505465,0.00035732358270904437,0.0
5576.0,-296.47398302394225,-126.7541237097479,0.0,-5.812550799400849,0.0003679685421783699,0.0
5577.0,-295.5830366533045,-126.30063555876967,0.0,-5.812177508658073,0.0003786136717198423,0.0
5578.0,-294.69227067265916,-125.8468145126062,0.0,-5.8117935726635785,0.0003892589508719877,0.0
5579.0,-293.8016898700412,-125.39265107509998,0.0,-5.8113989912757,0.00039990435787849526,0.0
5580.0,-292.9112990334853,-124.93813575009361,0.0,-5.810993764375119,0.00041054986966670976,0.0
5581.0,-292.0211029510263,-124.48325904142956,0.0,-5.810577891866147,0.00042119546180360444,0.0
5582.0,-291.131106410699,-124.02801145295041,0.0,-5.810151373678164,0.0004318411084568905,0.0
5583.0,-290.24131420053817,-123.57238348849866,0.0,-5.809714209767036,0.0004424867823612034,0.0
5584.0,-289.35173110857863,-123.11636565191688,0.0,-5.809266400116552,0.0004531324547827659,0.0
5585.0,-288.4623619228551,-122.65994844704757,0.0,-5.808807944739849,0.00046377809548417805,0.0
5586.0,-287.57321143140246,-122.20312237773327,0.0,-5.8083388436810335,0.00047442367268476663,0.0
5587.0,-286.6842844222555,-121.74587794781651,0.0,-5.8078590970167285,0.00048506915302937154,0.0
5588.0,-285.7955856834489,-121.28820566113986,0.0,-5.807368704857578,0.0004957145015488225,0.0
5589.0,-284.9071200030176,-120.83009602154581,0.0,-5.806867667349954,0.0005063596816215567,0.0
5590.0,-284.0188921689963,-120.37153953287688,0.0,-5.806355984677659,0.0005170046549468463,0.0
5591.0,-283.1309069694198,-119.91252669897568,0.0,-5.805833657063518,0.000527649381498677,0.0
5592.0,-282.2431691923229,-119.45304802368466,0.0,-5.8053006847712,0.0005382938194919337,0.0
5593.0,-281.3556836257404,-118.9930940108464,0.0,-5.804757068106981,0.00054893792535639,0.0
5594.0,-280.46845505770716,-118.53265516430343,0.0,-5.804202807421525,0.0005595816536872228,0.0
5595.0,-279.58148827625786,-118.07172198789826,0.0,-5.8036379031118,0.0005702249572146251,0.0
5596.0,-278.6947880694273,-117.61028498547346,0.0,-5.803062355622846,0.0005808677867741149,0.0
5597.0,-277.8083592252504,-117.14833466087154,0.0,-5.802476165449779,0.0005915100912606036,0.0
5598.0,-276.92220653176184,-116.68586151793504,0.0,-5.8018793331397776,0.0006021518176000384,0.0
5599.0,-276.03633477699634,-116.22285606050647,0.0,-5.801271859293935,0.0006127929107136205,0.0
5600.0,-275.15074874898886,-115.7593087924284,0.0,-5.8006537445694075,0.000623433313475617,0.0
5601.0,-274.2654532357741,-115.29521021754334,0.0,-5.80002498968145,0.0006340729666841785,0.0
5602.0,-273.3804530253869,-114.83055083969384,0.0,-5.799385595405474,0.0006447118090275871,0.0
5603.0,-272.49575290586193,-114.36532116272241,0.0,-5.79873556257918,0.0006553497770455583,0.0
5604.0,-271.6113576652342,-113.8995116904716,0.0,-5.798074892104785,0.0006659868050949186,0.0
5605.0,-270.72727209153834,-113.43311292678393,0.0,-5.7974035849511925,0.0006766228253150304,0.0
5606.0,-269.8435009728091,-112.96611537550196,0.0,-5.796721642156134,0.0006872577675910588,0.0
5607.0,-268.9600490970814,-112.4985095404682,0.0,-5.796029064828571,0.0006978915595202853,0.0
5608.0,-268.07692125239,-112.03028592552519,0.0,-5.795325854150958,0.0007085241263810842,0.0
5609.0,-267.19412222676965,-111.56143503451548,0.0,-5.794612011381556,0.0007191553910959364,0.0
5610.0,-266.3116568082552,-111.09194737128158,0.0,-5.793887537856824,0.0007297852741931746,0.0
5611.0,-265.4295297848814,-110.62181343966603,0.0,-5.793152434993858,0.0007404136937756433,0.0
5612.0,-264.547745944683,-110.15102374351133,0.0,-5.792406704292785,0.0007510405654887237,0.0
5613.0,-263.66631007569487,-109.67956878666008,0.0,-5.791650347339199,0.0007616658024865202,0.0
5614.0,-262.78522696595184,-109.2074390729548,0.0,-5.790883365806802,0.0007722893153993152,0.0
5615.0,-261.90450140348855,-108.73462510623797,0.0,-5.790105761459868,0.0007829110122906816,0.0
5616.0,-261.02413817633993,-108.26111739035218,0.0,-5.789317536155804,0.0007935307986263342,0.0
5617.0,-260.14414207254066,-107.78690642913995,0.0,-5.788518691847765,0.0008041485772559221,0.0
5618.0,-259.26451788012565,-107.31198272644379,0.0,-5.787709230587327,0.0008147642483683651,0.0
5619.0,-258.38527038712965,-106.83633678610622,0.0,-5.7868891545272465,0.0008253777094519497,0.0
5620.0,-257.5064043815874,-106.35995911196984,0.0,-5.786058465923968,0.0008359888552709194,0.0
5621.0,-256.6279246515337,-105.88284020787714,0.0,-5.785217167140449,0.0008465975778334363,0.0
5622.0,-255.74983598500344,-105.40497057767065,0.0,-5.784365260649063,0.0008572037663638582,0.0
5623.0,-254.8721431700313,-104.9263407251929,0.0,-5.783502749034281,0.0008678073072593432,0.0
5624.0,-253.99485099465215,-104.44694115428646,0.0,-5.782629634995494,0.0008784080840540704,0.0
5625.0,-253.11796424690073,-103.96676236879384,0.0,-5.781745921349929,0.0008890059774059797,0.0
5626.0,-252.24148771481188,-103.48579487255758,0.0,-5.78085161103555,0.0008996008650604205,0.0
5627.0,-251.36542618642036,-103.00402916942016,0.0,-5.779946707114034,0.0009101926218111979,0.0
5628.0,-250.48978444976095,-102.5214557632242,0.0,-5.779031212773627,0.0009207811194703121,0.0
5629.0,-249.61456729286846,-102.03806515781217,0.0,-5.778105131332202,0.0009313662268404878,0.0
5630.0,-248.73977950377767,-101.55384785702665,0.0,-5.777168466240297,0.0009419478096923355,0.0
5631.0,-247.86542587052338,-101.06879436471014,0.0,-5.776221221084122,0.0009525257307281265,0.0
5632.0,-246.9915111811404,-100.58289518470518,0.0,-5.775263399588717,0.000963099849546456,0.0
5633.0,-246.1180402236635,-100.09614082085432,0.0,-5.774295005620996,0.0009736700226181354,0.0
5634.0,-245.24501778612748,-99.60852177700006,0.0,-5.773316043192896,0.0009842361032617042,0.0
5635.0,-244.37244865656712,-99.12002855698496,0.0,-5.772326516464571,0.0009947979416153885,0.0
5636.0,-243.50033762301726,-98.63065166465155,0.0,-5.7713264297476075,0.0010053553846006225,0.0
5637.0,-242.62868947351262,-98.14038160384234,0.0,-5.770315787508237,0.0010159082758969262,0.0
5638.0,-241.757508996088,-97.64920887839992,0.0,-5.769294594370518,0.0010264564559215397,0.0
5639.0,-240.88680097877827,-97.15712399216677,0.0,-5.768262855119706,0.0010369997617950383,0.0
5640.0,-240.01657020961815,-96.66411744898544,0.0,-5.767220574705598,0.0010475380273168456,0.0
5641.0,-239.14682147664246,-96.17017975269847,0.0,-5.766167758245737,0.0010580710829422024,0.0
5642.0,-238.277559567886,-95.6753014071484,0.0,-5.765104411028829,0.0010685987557520324,0.0
5643.0,-237.40878927138357,-95.17947291617772,0.0,-5.764030538518219,0.0010791208694342278,0.0
5644.0,-236.54051537516992,-94.682684783629,0.0,-5.76294614635519,0.0010896372442533878,0.0
5645.0,-235.67274266727983,-94.18492751334477,0.0,-5.7618512403623745,0.0011001476970224594,0.0
5646.0,-234.80547593574815,-93.68619160916758,0.0,-5.76074582654732,0.0011108588452416943,0.0
5647.0,-233.93871996860963,-93.18646757493994,0.0,-5.759629911105904,0.0011245518244221233,0.0
5648.0,-233.07247955389911,-92.68574591450438,0.0,-5.758503500425883,0.0011476803448158585,0.0
5649.0,-232.20675947965134,-92.18401713170346,0.0,-5.757366601090368,0.0011856615202361046,0.0
5650.0,-231.34156453390108,-91.68127173037965,0.0,-5.7562163246232965,0.0012400616097800108,0.0
5651.0,-230.47690314119677,-91.17749562630745,0.0,-5.755016634708203,0.0013109136728922824,0.0
5652.0,-229.6128253544563,-90.67262221413277,0.0,-5.753713227181939,0.0013982275220849921,0.0
5653.0,-228.7494077799665,-90.16655138699997,0.0,-5.75228457844445,0.0015018072167709562,0.0
5654.0,-227.886727453126,-89.65918249665702,0.0,-5.750730296671854,0.00161888322938118,0.0
5655.0,-227.0248614093337,-89.15041489485193,0.0,-5.749050323439441,0.0017430142634875523,0.0
5656.0,-226.16388668398824,-88.64014793333274,0.0,-5.74724459276762,0.001868796291182687,0.0
5657.0,-225.30388031248845,-88.12828096384746,0.0,-5.745313031911251,0.001994676668799933,0.0
5658.0,-224.44491933023298,-87.61471333814407,0.0,-5.743255562208912,0.002120636330461334,0.0
5659.0,-223.58708077262062,-87.0993444079706,0.0,-5.7410720999924045,0.002246679675049609,0.0
5660.0,-222.73044167505014,-86.58207352507506,0.0,-5.738762557557427,0.002372810098937337,0.0
5661.0,-221.87507907292024,-86.06280004120545,0.0,-5.736326844195678,0.0024990299341867456,0.0
5662.0,-221.02107000162977,-85.54142330810981,0.0,-5.733764867289159,0.0026253403862144887,0.0
5663.0,-220.1684914965774,-85.01784267753611,0.0,-5.731076533467208,0.0027517414709761845,0.0
5664.0,-219.31742059316184,-84.49195750123238,0.0,-5.72826174982654,0.002878231951727095,0.0
5665.0,-218.46793432678191,-83.96366713094662,0.0,-5.725320425215008,0.0030048092754021588,0.0
5666.0,-217.62010973283637,-83.43287091842686,0.0,-5.7222524715793055,0.003131469508715805,0.0
5667.0,-216.7740238467239,-82.89946821542107,0.0,-5.71905780537686,0.0032582072740866704,0.0
5668.0,-215.92975370384326,-82.3633583736773,0.0,-5.715736349052066,0.0033850156854768566,0.0
5669.0,-215.0873763395933,-81.82444074494354,0.0,-5.71228803257714,0.003511886284291776,0.0
5670.0,-214.24696878937266,-81.28261468096781,0.0,-5.708712795057205,0.0036388089755057247,0.0
5671.0,-213.40860808858008,-80.73777953349813,0.0,-5.70501058639933,0.00376577196416645,0.0
5672.0,-212.57237127261436,-80.18983465428248,0.0,-5.701181369045543,0.003892761692478684,0.0
5673.0,-211.73833537687426,-79.63867939506888,0.0,-5.697225119768686,0.0040197627757219455,0.0
5674.0,-210.90657743675854,-79.08421310760536,0.0,-5.693141831530399,0.004145476507770164,0.0
5675.0,-210.07717448766584,-78.52633514363991,0.0,-5.6889315154001965,0.004262371369075765,0.0
5676.0,-209.25020356499502,-77.96494485492056,0.0,-5.684594202534308,0.00435805269295272,0.0
5677.0,-208.42574170414474,-77.39994159319528,0.0,-5.68012994623993,0.004425164951016303,0.0
5678.0,-207.60386594048265,-76.83122471025722,0.0,-5.675556764107823,0.004462501823918925,0.0
5679.0,-206.7846329039135,-76.25872304684214,0.0,-5.670961992169989,0.00447005687084959,0.0
5680.0,-205.9680204065178,-75.68247934721883,0.0,-5.666431758942902,0.004447828802879527,0.0
5681.0,-205.15398723300598,-75.10256385304925,0.0,-5.661982883041955,0.00439710308881937,0.0
5682.0,-204.34249216808817,-74.51904680599532,0.0,-5.657615438353775,0.004325401569573791,0.0
5683.0,-203.53349399647482,-73.93199844771904,0.0,-5.653329483388835,0.004245112925193187,0.0
5684.0,-202.72695150287612,-73.34148901988233,0.0,-5.64912506214509,0.004163590533740586,0.0
5685.0,-201.92282347200242,-72.74758876414718,0.0,-5.645002204959192,0.004082042555810667,0.0
5686.0,-201.12106868856395,-72.15036792217552,0.0,-5.640960929344587,0.004000481431147206,0.0
5687.0,-200.32164593727103,-71.5498967356293,0.0,-5.637001240815599,0.003918918784078049,0.0
5688.0,-199.52451400283397,-70.9462454461705,0.0,-5.633123133696889,0.0038373654383577916,0.0
5689.0,-198.72963166996303,-70.33948429546106,0.0,-5.629326591917492,0.0037558314326101407,0.0
5690.0,-197.9369577233685,-69.72968352516294,0.0,-5.625611589789058,0.0036743260362964232,0.0
5691.0,-197.14645094776068,-69.1169133769381,0.0,-5.621978092767774,0.0035928577661348904,0.0
5692.0,-196.35807012784989,-68.50124409244847,0.0,-5.618426058199498,0.0035114344029062595,0.0
5693.0,-195.57177404834638,-67.88274591335606,0.0,-5.6149554360477385,0.0034300630085849016,0.0
5694.0,-194.78752149396044,-67.26148908132276,0.0,-5.6115661696042975,0.0033487499437442813,0.0
5695.0,-194.00527124940237,-66.63754383801057,0.0,-5.608258196182303,0.003267500885173786,0.0
5696.0,-193.22498209938246,-66.01098042508141,0.0,-5.605031447791391,0.0031863208436510504,0.0
5697.0,-192.44661282861102,-65.38186908419729,0.0,-5.60188585179497,0.003105214181832025,0.0
5698.0,-191.6701222217983,-64.7502800570201,0.0,-5.598821331549442,0.003024184632216225,0.0
5699.0,-190.89546906365462,-64.11628358521186,0.0,-5.595837807025397,0.002943235315141925,0.0
5700.0,-190.12261213889025,-63.47994991043446,0.0,-5.592935195410725,0.0028623687567775414,0.0
5701.0,-189.3515102322155,-62.84134927434991,0.0,-5.590113411695663,0.0027815869070623956,0.0
5702.0,-188.5821221283407,-62.20055191862014,0.0,-5.58737236923991,0.002701510845328516,0.0
5703.0,-187.81440661197604,-61.5576280849071,0.0,-5.584711980321797,0.0026278572938571083,0.0
5704.0,-187.04832246783187,-60.912648014872765,0.0,-5.582132156669679,0.0025721678303843704,0.0
5705.0,-186.2838284806185,-60.265681950179065,0.0,-5.57963280997586,0.0025428669750150617,0.0
5706.0,-185.52088343504616,-59.61680013248799,0.0,-5.57720517676438,0.002541948062082966,0.0
5707.0,-184.75945819994905,-58.96606026837865,0.0,-5.574777823557742,0.00256943098587703,0.0
5708.0,-183.9996109238019,-58.31342952766224,0.0,-5.572260433923264,0.0026253281707294207,0.0
5709.0,-183.24143809376622,-57.65883531072855,0.0,-5.569625209362098,0.0027090332392949125,0.0
5710.0,-182.48503636174,-57.002204847083306,0.0,-5.566871867330447,0.002814844413868034,0.0
5711.0,-181.73050237962113,-56.343465366232195,0.0,-5.5640002358587495,0.0029312352083278475,0.0
5712.0,-180.9779327993077,-55.68254409768094,0.0,-5.561010136396577,0.0030497962351031687,0.0
5713.0,-180.22742427269765,-55.01936827093523,0.0,-5.557901384993534,0.003168549216500211,0.0
5714.0,-179.47907345168892,-54.353865115500774,0.0,-5.554673793534436,0.00328748911136786,0.0
5715.0,-178.7329769881795,-53.68596186088328,0.0,-5.551327171029981,0.003406618006498695,0.0
5716.0,-177.98923153406741,-53.01558573658844,0.0,-5.547861324963937,0.00352593661109538,0.0
5717.0,-177.24793374125062,-52.342663972121976,0.0,-5.544276062697605,0.003645444199132581,0.0
5718.0,-176.50918026162702,-51.66712379698958,0.0,-5.5405711929324415,0.003765138550925481,0.0
5719.0,-175.77306774709467,-50.98889244069695,0.0,-5.536746527231903,0.0038850158940227125,0.0
5720.0,-175.03969284955153,-50.307897132749815,0.0,-5.532801881602873,0.004005070843532125,0.0
5721.0,-174.30915222089556,-49.62406510265385,0.0,-5.528737078137241,0.004125296342007344,0.0
5722.0,-173.58154251302474,-48.937323579914775,0.0,-5.524551946714219,0.004245683599079683,0.0
5723.0,-172.85696037783705,-48.247599794038294,0.0,-5.520246326763381,0.004366222030994127,0.0
5724.0,-172.1355024672305,-47.5548209745301,0.0,-5.515820069088711,0.004486899200240353,0.0
5725.0,-171.417265433103,-46.85891435089592,0.0,-5.511273037753233,0.004607700755522082,0.0
5726.0,-170.70234592735255,-46.15980715264143,0.0,-5.506605112023997,0.0047286103722843364,0.0
5727.0,-169.99084060187715,-45.45742660927235,0.0,-5.5018161883768615,0.00484960969406981,0.0
5728.0,-169.28284610857477,-44.75169995029439,0.0,-5.496906182559887,0.004970678274999163,0.0
5729.0,-168.57845909934335,-44.04255440521324,0.0,-5.4918750317142635,0.005091793523669935,0.0
5730.0,-167.87777622608093,-43.329917203534606,0.0,-5.486722696551356,0.005212542499671561,0.0
5731.0,-167.1808941406854,-42.61371557476419,0.0,-5.481449163583759,0.00532607116786459,0.0
5732.0,-166.48790949505482,-41.89387674840771,0.0,-5.476054447408196,0.005415070603430763,0.0
5733.0,-165.7989189410871,-41.17032795397087,0.0,-5.470538593037654,0.005463745273140689,0.0
5734.0,-165.11401913068025,-40.44299642095935,0.0,-5.464907112367802,0.005467005227283003,0.0
5735.0,-164.4332984622468,-39.711816449674146,0.0,-5.459250262218842,0.005424686701452813,0.0
5736.0,-163.75671671796113,-38.97683252648132,0.0,-5.453719963607278,0.0053367691916646875,0.0
5737.0,-163.08413198541368,-38.238176259919236,0.0,-5.4483853308343715,0.005203632519405905,0.0
5738.0,-162.41539957631218,-37.49598163663648,0.0,-5.4432484561187815,0.00503210705708509,0.0
5739.0,-161.75037480236432,-36.750382643281675,0.0,-5.438309541052835,0.004839487041523847,0.0
5740.0,-161.08891297527788,-36.00151326650343,0.0,-5.43356873070971,0.004641561850969771,0.0
5741.0,-160.43086940676048,-35.24950749295034,0.0,-5.429026119424064,0.0044434234118021975,0.0
5742.0,-159.77609940851994,-34.494499309271035,0.0,-5.424681756363389,0.004245245236147888,0.0
5743.0,-159.12445829226382,-33.73662270211411,0.0,-5.420535650881397,0.004047065027113573,0.0
5744.0,-158.47580136969995,-32.976011658128165,0.0,-5.416587777646676,0.0038489154841110053,0.0
5745.0,-157.82998395253603,-32.212800163961816,0.0,-5.4128380815412465,0.0036508245328009505,0.0
5746.0,-157.18686135247972,-31.44712220626367,0.0,-5.409286482324299,0.003452815558951843,0.0
5747.0,-156.54628888123878,-30.679111771682344,0.0,-5.405932879058655,0.0032549076451322224,0.0
5748.0,-155.9081218505209,-29.90890284686643,0.0,-5.402777154297564,0.0030571158093083257,0.0
5749.0,-155.27221557203382,-29.136629418464544,0.0,-5.3998191780306755,0.0028594512444921295,0.0
5750.0,-154.63842535748523,-28.362425473125292,0.0,-5.397058811388785,0.0026619215587658624,0.0
5751.0,-154.00660651858283,-27.586424997497282,0.0,-5.394495910107437,0.002464531015115044,0.0
5752.0,-153.37661436703434,-26.808761978229125,0.0,-5.392130327750169,0.0022672807705772513,0.0
5753.0,-152.7483042145475,-26.029570401969426,0.0,-5.389961918692487,0.0020701691143448614,0.0
5754.0,-152.12153137282996,-25.248984255366796,0.0,-5.3879905408677455,0.0018731917045290583,0.0
5755.0,-151.49615115358952,-24.467137525069834,0.0,-5.3862160582768634,0.0016763418034137422,0.0
5756.0,-150.8720188685338,-23.684164197727156,0.0,-5.384638343263295,0.001479610511082744,0.0
5757.0,-150.24898982937057,-22.900198259987373,0.0,-5.383257278555337,0.0012830051782857232,0.0
5758.0,-149.62691934780753,-22.11537369849908,0.0,-5.382072759077477,0.001090395518401875,0.0
5759.0,-149.0056627355524,-21.329824499910895,0.0,-5.381084693532336,0.0009180541534858604,0.0
5760.0,-148.38507530431286,-20.543684650871427,0.0,-5.380293005755162,0.0007881262837392227,0.0
5761.0,-147.76501236579668,-19.757088138029278,0.0,-5.379697381309071,0.0007114973373648477,0.0
5762.0,-147.14532963311981,-18.970168633614648,0.0,-5.379243680577912,0.0006893205894444547,0.0
5763.0,-146.52596773163975,-18.182993299095806,0.0,-5.378757962813444,0.0007215939258440963,0.0
5764.0,-145.90705664572243,-17.39548097325271,0.0,-5.378103891032839,0.0008083015251409975,0.0
5765.0,-145.28875196708654,-16.607530436926428,0.0,-5.377265183876868,0.0009455679612391243,0.0
5766.0,-144.67120928745084,-15.819040470958027,0.0,-5.376241780480723,0.0011171178113398611,0.0
5767.0,-144.05458419853414,-15.029909856188572,0.0,-5.375033603844957,0.0013008060799965446,0.0
5768.0,-143.43903229205512,-14.240037373459137,0.0,-5.373640561867301,0.001485750582332912,0.0
5769.0,-142.82470915973258,-13.449321803610781,0.0,-5.372062548562334,0.001670804297782118,0.0
5770.0,-142.21177039328524,-12.657661927484575,0.0,-5.370299445470264,0.0018559785183606282,0.0
5771.0,-141.60037158443185,-11.864956525921587,0.0,-5.368351123256067,0.00204128283751873,0.0
5772.0,-140.9906683248912,-11.071104379762884,0.0,-5.366217443500979,0.0022267249570445836,0.0
5773.0,-140.382816206382,-10.276004269849532,0.0,-5.363898260687662,0.00241231049239708,0.0
5774.0,-139.77697082062298,-9.4795549770226,0.0,-5.361393424380969,0.002598042776434336,0.0
5775.0,-139.17328775933296,-8.681655282123153,0.0,-5.358702781606027,0.0027839226616335516,0.0
5776.0,-138.57192261423066,-7.88220396599226,0.0,-5.355826179424984,0.0029699483209225824,0.0
5777.0,-137.97303097703482,-7.081099809470987,0.0,-5.352763467714055,0.0031561150472956584,0.0
5778.0,-137.37676843946423,-6.2782415934004,0.0,-5.3495145021421955,0.003342415052516693,0.0
5779.0,-136.78329059323755,-5.473528098621571,0.0,-5.346079147351981,0.0035288372652226836,0.0
5780.0,-136.19275303007365,-4.666858105975562,0.0,-5.342457280343744,0.0037153671288396545,0.0
5781.0,-135.6053113416912,-3.858130396303443,0.0,-5.338648794062748,0.003901986399850113,0.0
5782.0,-135.02112111980898,-3.047243750446282,0.0,-5.334653601189014,0.004088672947004466,0.0
5783.0,-134.4403379561457,-2.234096949245145,0.0,-5.330471638128879,0.0042754005521777085,0.0
5784.0,-133.8631174424202,-1.4185887735410971,0.0,-5.326102869206405,0.004462138713686312,0.0
5785.0,-133.28961517035114,-0.6006180041752077,0.0,-5.321547291051944,0.004648088341468792,0.0
5786.0,-132.71998673165734,0.2199165780114562,0.0,-5.31680493718417,0.004825459363301476,0.0
5787.0,-132.1543877180575,1.0431161921778274,0.0,-5.3118758827810675,0.004977971745687133,0.0
5788.0,-131.59297372127043,1.8690820574828348,0.0,-5.306760249633816,0.005093287399148811,0.0
5789.0,-131.03590033301478,2.6979153930854185,0.0,-5.301468908837383,0.0051683116264800155,0.0
5790.0,-130.4833055498198,3.529705293844713,0.0,-5.29609989939429,0.005203010978778177,0.0
5791.0,-129.9351840734774,4.364442114657877,0.0,-5.2907830035013745,0.005197382285030574,0.0
5792.0,-129.39146080039728,5.2020681096968,0.0,-5.285561133168891,0.00515219695660894,0.0
5793.0,-128.85206015878344,6.0425252105073035,0.0,-5.280434732296502,0.005075223743281017,0.0
5794.0,-128.31690657683993,6.885755348635215,0.0,-5.2754039339658405,0.004982728105768036,0.0
5795.0,-127.78592448277065,7.731700455626363,0.0,-5.270468846458615,0.0048870407350622026,0.0
5796.0,-127.25903830477964,8.580302463026566,0.0,-5.265629554620059,0.004791256559732623,0.0
5797.0,-126.73617247107084,9.431503302381657,0.0,-5.2608861212056794,0.0046954173760222085,0.0
5798.0,-126.2172514098483,10.285244905237453,0.0,-5.256238588209232,0.004599543334400634,0.0
5799.0,-125.70219954931596,11.141469203139787,0.0,-5.251686978170163,0.0045036532919396745,0.0
5800.0,-125.19094131767784,12.000118127634481,0.0,-5.247231295458974,0.004407764834787997,0.0
5801.0,-124.68340114313789,12.861133610267357,0.0,-5.242871527539058,0.004311894301998377,0.0
5802.0,-124.17950345390013,13.724457582584249,0.0,-5.238607646203789,0.004216056810541474,0.0
5803.0,-123.67917267816851,14.590031976130975,0.0,-5.23443960878773,0.0041202662813635904,0.0
5804.0,-123.18233324414706,15.45779872245336,0.0,-5.230367359350977,0.004024535466339265,0.0
5805.0,-122.68890958003975,16.327699753097235,0.0,-5.226390829835958,0.0039288759759875825,0.0
5806.0,-122.19882611405058,17.19967699960842,0.0,-5.222509941195857,0.0038332983078176296,0.0
5807.0,-121.71200727438351,18.07367239353275,0.0,-5.21872460449419,0.0037378118751822953,0.0
5808.0,-121.22837748924255,18.949627866416037,0.0,-5.215034721975092,0.003642425036544455,0.0
5809.0,-120.74786118683164,19.82748534980411,0.0,-5.2114401881039285,0.0035471451250359237,0.0
5810.0,-120.27038279535485,20.7071867752428,0.0,-5.2079408905781435,0.003451978478216639,0.0
5811.0,-119.7958667430161,21.58867407427793,0.0,-5.204536711308011,0.0033569304679500634,0.0
5812.0,-119.32423745801943,22.47188917845532,0.0,-5.201227527367301,0.0032620055303042178,0.0
5813.0,-118.85541936856877,23.356774019320806,0.0,-5.19801321191401,0.00316720719542442,0.0
5814.0,-118.38933690286814,24.2432705284202,0.0,-5.194893635081003,0.0030725381173014755,0.0
5815.0,-117.92591448912152,25.131320637299343,0.0,-5.191868664836978,0.002978000103357089,0.0
5816.0,-117.46507655553293,26.02086627750404,0.0,-5.188938167817784,0.0028835941438205555,0.0
5817.0,-117.00674753030631,26.911849380580144,0.0,-5.186102010128346,0.002789320440841474,0.0
5818.0,-116.55085184164567,27.804211878073453,0.0,-5.183360058115587,0.002695178437288678,0.0
5819.0,-116.097313917755,28.697895701529802,0.0,-5.180712179112725,0.002601166845212356,0.0
5820.0,-115.64605818683826,29.592842782495026,0.0,-5.1781582421550985,0.002507283673929082,0.0
5821.0,-115.19700907709947,30.488995052514937,0.0,-5.175698118668135,0.002413526257712168,0.0
5822.0,-114.75009101674259,31.38629444313537,0.0,-5.173331683127805,0.002319891283064265,0.0
5823.0,-114.30522843397165,32.28468288590214,0.0,-5.171058813693984,0.002226374815555955,0.0
5824.0,-113.86234575699059,33.18410231236109,0.0,-5.168879392817139,0.002132972326223241,0.0
5825.0,-113.42136741400341,34.084494654058034,0.0,-5.166793307818824,0.002039678717513141,0.0
5826.0,-112.98221783321414,34.98580184253879,0.0,-5.164800451446589,0.0019464883487791643,0.0
5827.0,-112.5448214428267,35.88796580934919,0.0,-5.162900722403451,0.0018533950613204603,0.0
5828.0,-112.10910267104514,36.79092848603506,0.0,-5.161094025852656,0.0017603922029697041,0.0
5829.0,-111.67498594607339,37.694631804142226,0.0,-5.159380273898099,0.0016674726522485045,0.0
5830.0,-111.24239569611548,38.59901769521652,0.0,-5.157759386040781,0.0015746288420861456,0.0
5831.0,-110.81125634937538,39.50402809080374,0.0,-5.156231289611855,0.001482164689171141,0.0
5832.0,-110.38149233405707,40.40960492244975,0.0,-5.154795920182532,0.0013919941942314323,0.0
5833.0,-109.95302807836455,41.31569012170036,0.0,-5.153453221951402,0.0013073541542964076,0.0
5834.0,-109.52578801050181,42.222225620101376,0.0,-5.152203148109432,0.0012302060589907602,0.0
5835.0,-109.09969655867283,43.12915334919865,0.0,-5.151041294498279,0.0011608740300070861,0.0
5836.0,-108.67468440378916,44.03642251528725,0.0,-5.149945086533236,0.0010993452529055275,0.0
5837.0,-108.25070827591165,44.944012631697795,0.0,-5.148891615245494,0.0010456083601538982,0.0
5838.0,-107.82773168765463,45.851911102962454,0.0,-5.147876175581271,0.0009993415708097356,0.0
5839.0,-107.40571815164863,46.760105333632254,0.0,-5.146898797793017,0.0009586141551620742,0.0
5840.0,-106.9846311805242,47.668582728258265,0.0,-5.14595951080024,0.0009201737841550032,0.0
5841.0,-106.56443428691185,48.5773306913915,0.0,-5.14505834221844,0.0008820446916161399,0.0
5842.0,-106.14509098344213,49.48633662758302,0.0,-5.144195318397935,0.00084388979019082,0.0
5843.0,-105.72656478274558,50.395587941383866,0.0,-5.143370464461311,0.0008057102918965775,0.0
5844.0,-105.30881919745273,51.305072037345084,0.0,-5.1425838043392496,0.0007675073744583141,0.0
5845.0,-104.8918177401941,52.214776320017705,0.0,-5.14183536080489,0.0007292821820090088,0.0
5846.0,-104.47552392360024,53.12468819395279,0.0,-5.141125155506726,0.0006910358266086293,0.0
5847.0,-104.05990126030169,54.03479506370138,0.0,-5.140453208999978,0.0006527693897865179,0.0
5848.0,-103.64491326292895,54.9450843338145,0.0,-5.139819540776285,0.0006144839240885983,0.0
5849.0,-103.23052344411259,55.85554340884321,0.0,-5.139224169291964,0.0005761804546333999,0.0
5850.0,-102.81669531648316,56.76615969333856,0.0,-5.138667111994762,0.0005378599806936509,0.0
5851.0,-102.40339239267114,57.67692059185157,0.0,-5.138148385348788,0.0004995234772742535,0.0
5852.0,-101.99057818530713,58.5878135089333,0.0,-5.137668004858112,0.0004611718966986343,0.0
5853.0,-101.5782162070216,59.498825849134796,0.0,-5.137225985088637,0.0004228061702195188,0.0
5854.0,-101.16626997044514,60.40994501700708,0.0,-5.136822339688356,0.00038442720962298234,0.0
5855.0,-100.75470298820824,61.32115841710123,0.0,-5.136457081406068,0.0003460359088411913,0.0
5856.0,-100.34347877294147,62.23245345396827,0.0,-5.136130222108401,0.00030763314558512883,0.0
5857.0,-99.93256083727533,63.14381753215923,0.0,-5.135841772795252,0.0002692197829692639,0.0
5858.0,-99.5219126938404,64.05523805622518,0.0,-5.135591743613576,0.00023079667114637002,0.0
5859.0,-99.11149785526719,64.96670243071715,0.0,-5.135380143869547,0.00019236464895414483,0.0
5860.0,-98.70127983418622,65.87819806018618,0.0,-5.13520698203901,0.000153924545557579,0.0
5861.0,-98.29122214322805,66.78971234918333,0.0,-5.135072265776413,0.00011547718210001635,0.0
5862.0,-97.88128829502321,67.70123270225962,0.0,-5.134976001921961,7.702337336043131e-05,0.0
5863.0,-97.47144180220222,68.6127465239661,0.0,-5.134918196507149,3.856392940588498e-05,0.0
5864.0,-97.06164617739563,69.52424121885383,0.0,-5.134898854758697,9.965725400462825e-08,0.0
5865.0,-96.65186493323397,70.43570419147383,0.0,-5.13491798110073,-3.836863745977835e-05,0.0
5866.0,-96.24206158234777,71.34712284637718,0.0,-5.134975579155347,-7.684014882736179e-05,0.0
5867.0,-95.83219963736758,72.25848458811488,0.0,-5.135071651741528,-0.00011531406899654784,0.0
5868.0,-95.42224261092393,73.16977682123799,0.0,-5.135206200872339,-0.00015378958650279017,0.0
5869.0,-95.01215401564733,74.08098695029757,0.0,-5.135379227750472,-0.00019226588460963254,0.0
5870.0,-94.60189736416837,74.99210237984465,0.0,-5.135590732762221,-0.00023074213963753768,0.0
5871.0,-94.1914361691175,75.90311051443025,0.0,-5.135840715469577,-0.00026921751930235923,0.0
5872.0,-93.78073394312534,76.81399875860548,0.0,-5.13612917460089,-0.0003076911810486749,0.0
5873.0,-93.36975419882236,77.7247545169213,0.0,-5.136456108039722,-0.0003461464078999197,0.0
5874.0,-92.95846044883918,78.63536519392882,0.0,-5.136821512812078,-0.00038375934423516355,0.0
5875.0,-92.54681620580624,79.54581819417905,0.0,-5.137225385072022,-0.0004177887803013139,0.0
5876.0,-92.13478498235412,80.45610092222302,0.0,-5.137667720085471,-0.0004450700139991349,0.0
5877.0,-91.72233029111334,81.36620078261183,0.0,-5.1381482901378215,-0.0004642832259749469,0.0
5878.0,-91.30941606030085,82.27610533803166,0.0,-5.138655788913269,-0.0004753399707441628,0.0
5879.0,-90.8960269497007,83.18581003975868,0.0,-5.139163144081416,-0.0004782409528978348,0.0
5880.0,-90.48217754415884,84.09532172588499,0.0,-5.1396531187551835,-0.00047300287431831624,0.0
5881.0,-90.06788476081087,85.0046481219646,0.0,-5.140124467260266,-0.0004604496987363125,0.0
5882.0,-89.65316551679244,85.91379695355161,0.0,-5.140577190214253,-0.00044332286781540673,0.0
5883.0,-89.23803672923918,86.82277594620004,0.0,-5.14101128828381,-0.0004247874402281454,0.0
5884.0,-88.82251531528675,87.73159282546395,0.0,-5.141426762179939,-0.00040616371769885973,0.0
5885.0,-88.40661819207075,88.64025531689738,0.0,-5.14182361265346,-0.0003875407552649257,0.0
5886.0,-87.99036227672683,89.54877114605436,0.0,-5.142201840490641,-0.00036891858673948613,0.0
5887.0,-87.57376448639063,90.457148038489,0.0,-5.142561446509153,-0.000350297241902085,0.0
5888.0,-87.15684173819776,91.3653937197553,0.0,-5.142902431554081,-0.0003316767466870881,0.0
5889.0,-86.73961094928387,92.27351591540733,0.0,-5.143224796494147,-0.00031305712338631456,0.0
5890.0,-86.32208903678462,93.18152235099915,0.0,-5.143528542218268,-0.00029443839084329425,0.0
5891.0,-85.9042929178356,94.08942075208476,0.0,-5.1438136696321095,-0.0002758205646423864,0.0
5892.0,-85.48623950957246,94.99721884421825,0.0,-5.1440801796549085,-0.00025720365730741435,0.0
5893.0,-85.06794572913084,95.90492435295369,0.0,-5.144328073216601,-0.0002385876784898322,0.0
5894.0,-84.64942849364638,96.81254500384509,0.0,-5.144557351254999,-0.00021997263516532986,0.0
5895.0,-84.23070472025474,97.72008852244652,0.0,-5.144768014713228,-0.00020135853183411712,0.0
5896.0,-83.81179132609148,98.62756263431201,0.0,-5.144960064537304,-0.00018274537070985173,0.0
5897.0,-83.39270522829229,99.53497506499565,0.0,-5.145133501673969,-0.00016413315191269158,0.0
5898.0,-82.97346334399278,100.44233354005144,0.0,-5.145288327068723,-0.00014552187366279054,0.0
5899.0,-82.55408259032859,101.34964578503346,0.0,-5.145424541663973,-0.00012691153247430212,0.0
5900.0,-82.13457988443538,102.25691952549575,0.0,-5.145542146397474,-0.0001083021233526184,0.0
5901.0,-81.71497214344878,103.16416248699237,0.0,-5.145641142200903,-8.969363998710478e-05,0.0
5902.0,-81.29527628450438,104.07138239507736,0.0,-5.145721529998603,-7.108607494339074e-05,0.0
5903.0,-80.87550922473785,104.97858697530476,0.0,-5.145783310706569,-5.247941985420112e-05,0.0
5904.0,-80.45568788128482,105.88578395322867,0.0,-5.145826485231641,-3.387366561405765e-05,0.0
5905.0,-80.03582917128094,106.79298105440307,0.0,-5.145851054470871,-1.526880257607388e-05,0.0
5906.0,-79.61595001186181,107.70018600438205,0.0,-5.145857019311032,3.335179257086501e-06,0.0
5907.0,-79.19606732016308,108.60740652871966,0.0,-5.145844380628374,2.193829003825444e-05,0.0
5908.0,-78.7761980133204,109.51465035296994,0.0,-5.145813139288601,4.0540539883020845e-05,0.0
5909.0,-78.35635900846937,110.42192520268695,0.0,-5.145763296146971,5.914193868321911e-05,0.0
5910.0,-77.93656722274565,111.3292388034247,0.0,-5.145694852048602,7.774249590657739e-05,0.0
5911.0,-77.5168395732849,112.23659888073732,0.0,-5.145607807829072,9.634222040334959e-05,0.0
5912.0,-77.0971929772227,113.14401316017879,0.0,-5.145502164315078,0.00011494112021706977,0.0
5913.0,-76.67764435169471,114.05148936730315,0.0,-5.1453779223252605,0.00013353920238553686,0.0
5914.0,-76.25821061383655,114.95903522766453,0.0,-5.145235082671453,0.00015213647275765953,0.0
5915.0,-75.83890868078387,115.8666584668169,0.0,-5.145073646159874,0.00017073293580046768,0.0
5916.0,-75.41975546967234,116.77436681031436,0.0,-5.144893613592658,0.00018932859439343578,0.0
5917.0,-75.00076789763753,117.68216798371094,0.0,-5.144694985769517,0.00020792344964450294,0.0
5918.0,-74.5819628818151,118.59006971256068,0.0,-5.14447776348955,0.0002265175006995587,0.0
5919.0,-74.16335733934068,119.49807972241766,0.0,-5.144241947553393,0.00024511074454659976,0.0
5920.0,-73.74496818734991,120.4062057388359,0.0,-5.143987538765437,0.00026370317582743595,0.0
5921.0,-73.32681234297843,121.31445548736944,0.0,-5.143714537936254,0.00028229478663810426,0.0
5922.0,-72.90890672336188,122.22283669357238,0.0,-5.14342294588528,0.00030088556633987656,0.0
5923.0,-72.49126824563587,123.13135708299873,0.0,-5.1431127634436,0.00031947550136855545,0.0
5924.0,-72.07391382693605,124.04002438120257,0.0,-5.142783991456991,0.00033806457504212005,0.0
5925.0,-71.65686038439806,124.94884631373789,0.0,-5.142436630789143,0.00035665276736773777,0.0
5926.0,-71.24012483515752,125.85783060615881,0.0,-5.142070682325042,0.0003752400548469989,0.0
5927.0,-70.82372409635008,126.76698498401935,0.0,-5.141686146974628,0.00039382641029073184,0.0
5928.0,-70.40767508511134,127.67631717287354,0.0,-5.141283025676473,0.00041241180262151033,0.0
5929.0,-69.99199471857699,128.5858348982755,0.0,-5.140861319401912,0.0004309961966796497,0.0
5930.0,-69.5766999138826,129.49554588577917,0.0,-5.14042102915911,0.000449579553039354,0.0
5931.0,-69.16180758816387,130.40545786093867,0.0,-5.139962155997411,0.0004681618278124918,0.0
5932.0,-68.74733465855638,131.31557854930807,0.0,-5.139484701012021,0.00048674297245649654,0.0
5933.0,-68.33329804219584,132.22591567644133,0.0,-5.1389886653486485,0.000505322933588229,0.0
5934.0,-67.91971465621778,133.13647696789263,0.0,-5.138474050208471,0.0005239016527834396,0.0
5935.0,-67.5066014177579,134.0472701492159,0.0,-5.137940856853255,0.000542479066392154,0.0
5936.0,-67.09397524395183,134.9583029459653,0.0,-5.137389086610739,0.0005610551053553918,0.0
5937.0,-66.68185305193519,135.86958308369475,0.0,-5.136818740880048,0.0005796296950000596,0.0
5938.0,-66.27025175884364,136.78111828795844,0.0,-5.136229821137505,0.0005982027548542109,0.0
5939.0,-65.85918828181276,137.6929162843103,0.0,-5.135622328942437,0.0006167741984617971,0.0
5940.0,-65.44867953797825,138.6049847983044,0.0,-5.134996265943257,0.0006353439331858089,0.0
5941.0,-65.0387424444757,139.51733155549488,0.0,-5.1343516338838615,0.0006539118600253753,0.0
5942.0,-64.62939391844075,140.42996428143567,0.0,-5.133688434609906,0.0006724778734235999,0.0
5943.0,-64.22065087700908,141.34289070168094,0.0,-5.133006670075623,0.0006910418610758408,0.0
5944.0,-63.812530237316246,142.25611854178464,0.0,-5.132306342350562,0.0007096037037465561,0.0
5945.0,-63.40504891649795,143.1696555273009,0.0,-5.1315874536266355,0.0007281632750763783,0.0
5946.0,-62.99822383168978,144.08350938378368,0.0,-5.130850006225376,0.0007467204414004186,0.0
5947.0,-62.592071900027406,144.99768783678707,0.0,-5.130094002605256,0.0007652750615595925,0.0
5948.0,-62.18661003864645,145.91219861186516,0.0,-5.12931944536941,0.0007838269867049671,0.0
5949.0,-61.78185516468254,146.82704943457193,0.0,-5.128526337273287,0.0008023760601236139,0.0
5950.0,-61.3778241952713,147.7422480304615,0.0,-5.127714681232636,0.0008209221170501886,0.0
5951.0,-60.97453404754839,148.6578021250879,0.0,-5.126884480331715,0.000839464984477686,0.0
5952.0,-60.57200163864944,149.57371944400518,0.0,-5.126035737831613,0.0008580044809788515,0.0
5953.0,-60.17024388571007,150.4900077127673,0.0,-5.125168457178669,0.0008765404165187768,0.0
5954.0,-59.76927770586593,151.40667465692843,0.0,-5.124282642013261,0.0008950725922712367,0.0
5955.0,-59.36912001625264,152.3237280020426,0.0,-5.123378296178718,0.0009136008004426392,0.0
5956.0,-58.969787734005834,153.24117547366382,0.0,-5.122455423730276,0.000932124824089442,0.0
5957.0,-58.57129777626117,154.15902479734612,0.0,-5.121514028944384,0.0009506444369315708,0.0
5958.0,-58.17366706015426,155.07728369864367,0.0,-5.12055411632817,0.0009691594031796695,0.0
5959.0,-57.77691250282074,155.99595990311036,0.0,-5.119575690628961,0.0009876694773563852,0.0
5960.0,-57.38105102139625,156.91506113630032,0.0,-5.118578756844068,0.0010061744041167664,0.0
5961.0,-56.98609953301643,157.83459512376763,0.0,-5.11756332023082,0.0010246739180773518,0.0
5962.0,-56.5920749548169,158.7545695910663,0.0,-5.1165293863166434,0.0010431677436382814,0.0
5963.0,-56.19899420393331,159.6749922637504,0.0,-5.115476960909361,0.0010616555948068016,0.0
5964.0,-55.80687419750129,160.59587086737392,0.0,-5.1144060501076645,0.0010801371750296543,0.0
5965.0,-55.41573185265647,161.51721312749098,0.0,-5.113316660311806,0.0010986121770238785,0.0
5966.0,-55.02558408653447,162.4390267696556,0.0,-5.112208798234389,0.0011170802826069143,0.0
5967.0,-54.636447816270966,163.36131951942184,0.0,-5.111082470911345,0.0011355411625275963,0.0
5968.0,-54.248339959001555,164.28409910234376,0.0,-5.109937685713128,0.0011539944762967633,0.0
5969.0,-53.86127743186188,165.2073732439754,0.0,-5.108774450356002,0.0011724398720308138,0.0
5970.0,-53.475277151987584,166.13114966987075,0.0,-5.107592772913506,0.001190876986290374,0.0
5971.0,-53.090356036514294,167.05543610558396,0.0,-5.106392661828133,0.0012093090764552703,0.0
5972.0,-52.706531002577655,167.98024027666906,0.0,-5.105174125923183,0.0012305490788392223,0.0
5973.0,-52.32381896731328,168.90556990868,0.0,-5.103937174414581,0.001268032963097124,0.0
5974.0,-51.942236847856826,169.83143272717095,0.0,-5.102681816923088,0.0013415656439174559,0.0
5975.0,-51.56180156134392,170.75783645769593,0.0,-5.101408012631011,0.0014616923513980518,0.0
5976.0,-51.182530124169844,171.6847888522316,0.0,-5.100076436334369,0.0016298007398599496,0.0
5977.0,-50.80451622053985,172.61231807151972,0.0,-5.098538325451779,0.0018459369124044223,0.0
5978.0,-50.42806714593839,173.5405091390507,0.0,-5.096665190275016,0.0021101514059109127,0.0
5979.0,-50.053527105044665,174.4694569034433,0.0,-5.094437904556727,0.002419691665021555,0.0
5980.0,-49.681240302537866,175.3992562133164,0.0,-5.091856185422997,0.0027611870253693633,0.0
5981.0,-49.31155094309719,176.33000191728883,0.0,-5.08891968914101,0.0031149009419688995,0.0
5982.0,-48.94480323140184,177.2617888639795,0.0,-5.085628020730336,0.0034703575583893303,0.0
5983.0,-48.581341372130986,178.19471190200716,0.0,-5.081980744924742,0.0038262373342038258,0.0
5984.0,-48.22150956996383,179.12886587999066,0.0,-5.077977398506235,0.004182558551141723,0.0
5985.0,-47.865652029579564,180.0643456465489,0.0,-5.073617504032995,0.00453932501912949,0.0
5986.0,-47.51411295565739,181.00124605030067,0.0,-5.068900584981297,0.004896524659797904,0.0
5987.0,-47.167236552876496,181.93966193986486,0.0,-5.063826182319573,0.005254128077193483,0.0
5988.0,-46.82536702591607,182.87968816386024,0.0,-5.058393872528449,0.00561208712081575,0.0
5989.0,-46.4888485794553,183.82141957090573,0.0,-5.052603287075084,0.005970333447776659,0.0
5990.0,-46.158025418173395,184.76495100962015,0.0,-5.046454133342824,0.00632877709277167,0.0
5991.0,-45.83324174674953,185.7103773286223,0.0,-5.0399462170074445,0.006687305056553111,0.0
5992.0,-45.51484176986291,186.65779337653103,0.0,-5.033079465840365,0.007045581093429437,0.0
5993.0,-45.20316969219273,187.60729400196522,0.0,-5.025853954905054,0.007395928365670759,0.0
5994.0,-44.89856971841817,188.55897405354375,0.0,-5.018269933097013,0.0077148552116722705,0.0
5995.0,-44.601386053218434,189.51292837988532,0.0,-5.010327850959266,0.007976789696386582,0.0
5996.0,-44.31196290127271,190.46925182960888,0.0,-5.002031173336255,0.008171698588987157,0.0
5997.0,-44.030639272436716,191.42803720564928,0.0,-4.993483249962262,0.00829906156291425,0.0
5998.0,-43.75756808319698,192.38930402871657,0.0,-4.9849091274245945,0.008358956384193863,0.0
5999.0,-43.49266930056248,193.35298008569887,0.0,-4.976441499673803,0.00835169858929882,0.0
6000.0,-43.235848177092514,194.31898736904034,0.0,-4.968088140825796,0.00828496123583974,0.0
6001.0,-42.98700996534633,195.28724787118506,0.0,-4.959848885295472,0.008182251755135919,0.0
6002.0,-42.74605991788318,196.25768358457717,0.0,-4.951723509382093,0.008069180237004885,0.0
6003.0,-42.51290328726235,197.23021650166078,0.0,-4.943711734663244,0.00795584349876848,0.0
6004.0,-42.28744532604308,198.20476861487995,0.0,-4.935813231333516,0.007842854138027162,0.0
6005.0,-42.06959128678465,199.1812619166788,0.0,-4.928027621481437,0.007730258795454414,0.0
6006.0,-41.85924642204631,200.1596183995015,0.0,-4.920354482298892,0.007618100947855817,0.0
6007.0,-41.65631598438735,201.13976005579212,0.0,-4.9127933492179485,0.007506420981355343,0.0
6008.0,-41.460705226367,202.12160887799482,0.0,-4.905343718970939,0.007395256268528946,0.0
6009.0,-41.272319400544546,203.10508685855362,0.0,-4.898005052570264,0.007284641248808248,0.0
6010.0,-41.09106375947923,204.09011598991273,0.0,-4.890776778205092,0.00717460751150226,0.0
6011.0,-40.916843555730345,205.07661826451616,0.0,-4.883658294052694,0.007065183880827076,0.0
6012.0,-40.749564041857134,206.06451567480812,0.0,-4.876648971002854,0.006956396502392437,0.0
6013.0,-40.58913047041886,207.05373021323268,0.0,-4.869748155294159,0.0068482696054967184,0.0
6014.0,-40.43544809397479,208.044183872234,0.0,-4.86295517106165,0.006742379536399985,0.0
6015.0,-40.2884221650842,209.03579864425603,0.0,-4.856269322795659,0.006646724314905634,0.0
6016.0,-40.14795793630632,210.02849652174305,0.0,-4.84968989771205,0.006573569404019557,0.0
6017.0,-40.01396066020045,211.02219949713913,0.0,-4.843216158586352,0.00652970803715025,0.0
6018.0,-39.8863356081971,212.0168295647153,0.0,-4.836825600161834,0.006516109293052605,0.0
6019.0,-39.76503149841226,213.01231292480537,0.0,-4.830427524485035,0.0065327867276090724,0.0
6020.0,-39.650133198405435,214.00858895833696,0.0,-4.823939630155705,0.006579749062595334,0.0
6021.0,-39.54175217409062,215.00559962121758,0.0,-4.817347783680001,0.006655446241982396,0.0
6022.0,-39.439999891381824,216.00328686935498,0.0,-4.810651180074571,0.006751899939569103,0.0
6023.0,-39.344987816193054,217.0015926586568,0.0,-4.803849026246611,0.006856857827818847,0.0
6024.0,-39.256827414438305,218.00045894503057,0.0,-4.796940543175457,0.00696353326318912,0.0
6025.0,-39.1756301520316,218.99982768438406,0.0,-4.789924968184976,0.007070957197643628,0.0
6026.0,-39.10150749488693,219.9996408326248,0.0,-4.782801557307926,0.007179109507253248,0.0
6027.0,-39.03457090891831,220.9998403456605,0.0,-4.77556958774335,0.00728796756299158,0.0
6028.0,-38.974931860039746,222.00036817939872,0.0,-4.768228360407708,0.007397506137787335,0.0
6029.0,-38.92270181416523,223.00116628974715,0.0,-4.760777202579853,0.007507697313646819,0.0
6030.0,-38.87799223720878,224.0021766326134,0.0,-4.753215470639783,0.007618510389308941,0.0
6031.0,-38.840914595084406,225.0033411639051,0.0,-4.745542552900402,0.007729911788961604,0.0
6032.0,-38.81158035370609,226.00460183952998,0.0,-4.737757872531008,0.007841864972565431,0.0
6033.0,-38.79010097898787,227.00590061539555,0.0,-4.729860890570839,0.007954330348394276,0.0
6034.0,-38.776587936843725,228.00717944740947,0.0,-4.721851109030112,0.008067265188447248,0.0
6035.0,-38.77115269318767,229.00838029147943,0.0,-4.713728074075483,0.008180623547415205,0.0
6036.0,-38.77390671393371,230.00944510351303,0.0,-4.705491379296162,0.00829435618595799,0.0
6037.0,-38.784961464995845,231.0103158394179,0.0,-4.697140669045955,0.0084084104990793,0.0
6038.0,-38.80442841228809,232.0109344551017,0.0,-4.688675641855969,0.008522730450417244,0.0
6039.0,-38.832419021724455,233.01124290647203,0.0,-4.680096053911628,0.008637256513333849,0.0
6040.0,-38.86904475921893,234.01118314943653,0.0,-4.671401722586807,0.008751048136547177,0.0
6041.0,-38.91441709068552,235.0106971399029,0.0,-4.662592530027034,0.008856362473155814,0.0
6042.0,-38.968647482038236,236.0097268337787,0.0,-4.65366842677272,0.008937977371147352,0.0
6043.0,-39.03184739919109,237.0082141869716,0.0,-4.644629435412251,0.008985050390911718,0.0
6044.0,-39.10412830805809,238.00610115538922,0.0,-4.635487939018205,0.008995137939163034,0.0
6045.0,-39.18557707613255,239.0033304300646,0.0,-4.626339297259538,0.008968277495671258,0.0
6046.0,-39.27611443858288,239.9998496669059,0.0,-4.6173007153119965,0.008904535013430501,0.0
6047.0,-39.37559238619676,240.99560857625153,0.0,-4.608406355713674,0.00880487431033997,0.0
6048.0,-39.48386269075341,241.99055687498492,0.0,-4.599655965751884,0.008677078036231554,0.0
6049.0,-39.60077712403209,242.98464427998965,0.0,-4.591049106108472,0.008536424409243053,0.0
6050.0,-39.726187457812024,243.97782050814914,0.0,-4.582585265888472,0.008393827956091116,0.0
6051.0,-39.85994546387247,244.9700352763469,0.0,-4.5742638681972245,0.008251820166567052,0.0
6052.0,-40.00190291399266,245.96123830146638,0.0,-4.566084275573276,0.008110467085246764,0.0
6053.0,-40.151911579951815,246.95137930039107,0.0,-4.558045795268855,0.007969821758819393,0.0
6054.0,-40.309823233529194,247.9404079900045,0.0,-4.55014768437154,0.007829932202839007,0.0
6055.0,-40.47548964650403,248.92827408719012,0.0,-4.54238915476208,0.007690841564571178,0.0
6056.0,-40.64876259065555,249.91492730883138,0.0,-4.534769377904822,0.007552588288927734,0.0
6057.0,-40.82949383776302,250.9003173718118,0.0,-4.527287489468651,0.007415206286238072,0.0
6058.0,-41.01753515960565,251.8843939930149,0.0,-4.5199425937773,0.007278725100705532,0.0
6059.0,-41.21273832796269,252.86710688932405,0.0,-4.512733768089205,0.007143170078499216,0.0
6060.0,-41.41495511461338,253.84840577762284,0.0,-4.5056600667079385,0.007008562534549956,0.0
6061.0,-41.624037291336954,254.82824037479472,0.0,-4.498720524925123,0.006874919917203317,0.0
6062.0,-41.83983662991266,255.80656039772316,0.0,-4.4919141627986185,0.006742255969983585,0.0
6063.0,-42.062204902119724,256.78331556329164,0.0,-4.485239988769294,0.00661058088981381,0.0
6064.0,-42.2909938797374,257.7584555883837,0.0,-4.478697003120479,0.006479956873848407,0.0
6065.0,-42.526055334544914,258.73193018988275,0.0,-4.472284201284625,0.006350787619732591,0.0
6066.0,-42.76724103832151,259.7036890846723,0.0,-4.466000577002109,0.0062237530203295135,0.0
6067.0,-43.01440276284642,260.67368198963584,0.0,-4.45984512533764,0.006099181938229035,0.0
6068.0,-43.267392279898885,261.64185862165687,0.0,-4.453816070061544,0.005976958228924887,0.0
6069.0,-43.52606565055408,262.6081788458854,0.0,-4.447907590985942,0.005856863311821352,0.0
6070.0,-43.79030304099999,263.5726595590017,0.0,-4.4421140182973575,0.005738685012940741,0.0
6071.0,-44.05999303175473,264.5353375655838,0.0,-4.436434426457209,0.00562216242079172,0.0
6072.0,-44.33502421207688,265.4962496908895,0.0,-4.430869362742946,0.005506696656362766,0.0
6073.0,-44.61528517122499,266.4554327601761,0.0,-4.425419329178289,0.0053914164256777366,0.0
6074.0,-44.900664498457616,267.4129235987013,0.0,-4.4200847829802905,0.005275805470902181,0.0
6075.0,-45.191050783033326,268.3687590317226,0.0,-4.41486613852781,0.005159796752436956,0.0
6076.0,-45.48633261421067,269.32297588449757,0.0,-4.409763769330597,0.005043430064184015,0.0
6077.0,-45.78639858124819,270.2756109822837,0.0,-4.404778009993214,0.004926743359461495,0.0
6078.0,-46.091137273404485,271.2267011503386,0.0,-4.399909158168723,0.00480977265471808,0.0
6079.0,-46.40043727993808,272.1762832139198,0.0,-4.395157476497316,0.004692552046133169,0.0
6080.0,-46.714187190107545,273.1243939982849,0.0,-4.390523194525343,0.004575113730518522,0.0
6081.0,-47.03227559317144,274.0710703286914,0.0,-4.386006510600775,0.004457488030158441,0.0
6082.0,-47.354591078388324,275.0163490303968,0.0,-4.381607593741272,0.004339703421272275,0.0
6083.0,-47.68102223501675,275.96026692865877,0.0,-4.377326585471271,0.004221786565777779,0.0
6084.0,-48.01145765231528,276.9028608487348,0.0,-4.373163601625281,0.004103762346030556,0.0
6085.0,-48.345785919542465,277.84416761588244,0.0,-4.369118734114437,0.0039856539022313465,0.0
6086.0,-48.683895625956886,278.7842240553592,0.0,-4.365192052653789,0.0038674826722432548,0.0
6087.0,-49.02567536081707,279.7230669924228,0.0,-4.361383606447981,0.0037492684335205567,0.0
6088.0,-49.37101371338159,280.66073325233054,0.0,-4.35769342583371,0.003631029346903831,0.0
6089.0,-49.71979927290902,281.5972596603401,0.0,-4.354121523877098,0.0035127820020580836,0.0
6090.0,-50.0719206286579,282.53268304170916,0.0,-4.350667897924039,0.003394541464278676,0.0
6091.0,-50.427266369886794,283.46704022169496,0.0,-4.347332531103225,0.0032763213224953984,0.0
6092.0,-50.78572508585426,284.4003680255554,0.0,-4.344115393779839,0.003158133738296622,0.0
6093.0,-51.14718536581885,285.33270327854774,0.0,-4.341016444959574,0.0030399894957288914,0.0
6094.0,-51.51153579903914,286.2640828059297,0.0,-4.338035633642295,0.0029218980517559273,0.0
6095.0,-51.87866497477368,287.19454343295877,0.0,-4.33517290012446,0.0028038675872291536,0.0
6096.0,-52.248461482281,288.12412198489255,0.0,-4.332428177250195,0.002685905058190599,0.0
6097.0,-52.620813910819706,289.0528552869885,0.0,-4.329801391610737,0.002568016247436728,0.0
6098.0,-52.99561084964834,289.9807801645044,0.0,-4.3272924646919435,0.002450205816205475,0.0
6099.0,-53.37274088802544,290.90793344269747,0.0,-4.324901313969913,0.002332477355883584,0.0
6100.0,-53.752092615209584,291.83435194682545,0.0,-4.322627853954832,0.0022148334396658543,0.0
6101.0,-54.13355462045934,292.7600725021459,0.0,-4.320471997182922,0.0020972756740875727,0.0
6102.0,-54.51701549303325,293.6851319339163,0.0,-4.318433655156956,0.001979804750369407,0.0
6103.0,-54.902363822189855,294.60956706739427,0.0,-4.316512739235329,0.00186242049552313,0.0
6104.0,-55.28948819718776,295.5334147278373,0.0,-4.314709161470281,0.0017451219231679866,0.0
6105.0,-55.678277207285475,296.45671174050295,0.0,-4.313022835395174,0.0016279072840333442,0.0
6106.0,-56.068619441741596,297.3794949306488,0.0,-4.311453676761511,0.0015107741161276397,0.0
6107.0,-56.46040348981466,298.3018011235324,0.0,-4.31000160422591,0.0013937192945431753,0.0
6108.0,-56.85351794076324,299.22366714441125,0.0,-4.308666539987493,0.001276739080910781,0.0
6109.0,-57.247851383845884,300.14512981854307,0.0,-4.307448410375919,0.0011598291724797297,0.0
6110.0,-57.64329240832115,301.0662259711852,0.0,-4.306347146390579,0.0010429847508312154,0.0
6111.0,-58.039729603447604,301.9869924275952,0.0,-4.305362684191427,0.0009262005302593959,0.0
6112.0,-58.437051558483795,302.90746601303084,0.0,-4.304494965541277,0.0008094708058075105,0.0
6113.0,-58.8351468626883,303.8276835527494,0.0,-4.303743938200691,0.0006927895009858988,0.0
6114.0,-59.23390410531966,304.7476818720087,0.0,-4.303109556275093,0.0005761502152169687,0.0
6115.0,-59.63321187563643,305.667497796066,0.0,-4.302591780514678,0.00045954627100787605,0.0
6116.0,-60.03295876289718,306.58716815017914,0.0,-4.302190578567428,0.0003429707608946865,0.0
6117.0,-60.43303335636047,307.50672975960543,0.0,-4.301905925185268,0.00022641659420255932,0.0
6118.0,-60.83332424528485,308.42621944960257,0.0,-4.301737802383701,0.00010987654363495532,0.0
6119.0,-61.23372001892888,309.34567404542804,0.0,-4.301686199554893,-6.656708242720127e-06,0.0
6120.0,-61.634109266551135,310.26513037233946,0.0,-4.30175111353455,-0.00012319052260493076,0.0
6121.0,-62.03438057741013,311.18462525559426,0.0,-4.301932548622398,-0.00023973225801172352,0.0
6122.0,-62.43442254076449,312.1041955204501,0.0,-4.302230516556484,-0.00035628922403864644,0.0
6123.0,-62.834123745872716,313.0238779921646,0.0,-4.302645036441021,-0.00047286863487412076,0.0
6124.0,-63.233372781993374,313.94370949599505,0.0,-4.303176134628144,-0.000589477562829518,0.0
6125.0,-63.63205823838506,314.8637268571993,0.0,-4.303823844552989,-0.00070612289171601,0.0
6126.0,-64.0300687043063,315.7839669010347,0.0,-4.304588206522146,-0.0008228112700755676,0.0
6127.0,-64.42729276901566,316.7044664527589,0.0,-4.305469267455535,-0.0009395490642059657,0.0
6128.0,-64.8236190217717,317.62526233762935,0.0,-4.306467080581027,-0.001056342310937922,0.0
6129.0,-65.21893605183298,318.54639138090374,0.0,-4.307581705081879,-0.0011731966444068803,0.0
6130.0,-65.61313244845806,319.4678904078395,0.0,-4.3088132056966835,-0.0012891104006292104,0.0
6131.0,-66.00609680090548,320.3897962436942,0.0,-4.310161652271365,-0.0013983954132715329,0.0
6132.0,-66.39771769843382,321.3121457137255,0.0,-4.311627119262899,-0.001491846352770221,0.0
6133.0,-66.78788373030164,322.2349756431908,0.0,-4.313209684833932,-0.0015640950131978115,0.0
6134.0,-67.17648348645646,323.15832285712133,0.0,-4.314895334752557,-0.0016142870016812821,0.0
6135.0,-67.56343247020881,324.0822153325218,0.0,-4.316618549069806,-0.001642406686847421,0.0
6136.0,-67.94874447409518,325.00664873287184,0.0,-4.318316085531883,-0.0016484381072098104,0.0
6137.0,-68.33245572231229,325.93161134702757,0.0,-4.319976155431449,-0.0016333718908546782,0.0
6138.0,-68.71460243905695,326.8570914638451,0.0,-4.321598720560138,-0.0016028844908253198,0.0
6139.0,-69.09522084852591,327.7830773721805,0.0,-4.32318374458999,-0.001566168884067512,0.0
6140.0,-69.47434717491598,328.70955736089,0.0,-4.3247311930077785,-0.0015285803295832828,0.0
6141.0,-69.85201764242392,329.6365197188297,0.0,-4.326241033050676,-0.001490959731045484,0.0
6142.0,-70.2282684752465,330.56395273485555,0.0,-4.327713233643241,-0.0014533087474342438,0.0
6143.0,-70.60313589758046,331.4918446978239,0.0,-4.329147765335393,-0.0014156289766105168,0.0
6144.0,-70.97665613362265,332.42018389659074,0.0,-4.330544600242105,-0.0013779219566361078,0.0
6145.0,-71.34886540756979,333.3489586200123,0.0,-4.331903711984118,-0.0013401891671043537,0.0
6146.0,-71.71979994361871,334.2781571569446,0.0,-4.3332250756300885,-0.0013024320305141984,0.0
6147.0,-72.08949596596611,335.20776779624373,0.0,-4.334508667640227,-0.001264651913653912,0.0
6148.0,-72.45798969880883,336.1377788267659,0.0,-4.335754465811133,-0.0012268501289989559,0.0
6149.0,-72.82531736634361,337.0681785373672,0.0,-4.336962449222245,-0.0011890279361464553,0.0
6150.0,-73.19151519276726,337.99895521690377,0.0,-4.338132598183588,-0.0011511865432556332,0.0
6151.0,-73.55661940227651,338.9300971542317,0.0,-4.339264894185065,-0.0011133271085051227,0.0
6152.0,-73.92066621906817,339.8615926382071,0.0,-4.340359319847144,-0.0010754507415707032,0.0
6153.0,-74.283691867339,340.79342995768616,0.0,-4.3414158588731135,-0.0010375585051206773,0.0
6154.0,-74.64573257128579,341.7255974015249,0.0,-4.342434496002781,-0.0009996514163146714,0.0
6155.0,-75.0068245551053,342.65808325857955,0.0,-4.343415216967651,-0.0009617304483208981,0.0
6156.0,-75.36700404299431,343.59087581770615,0.0,-4.344358008447717,-0.0009237965318521342,0.0
6157.0,-75.7263072591496,344.5239633677608,0.0,-4.345262858029805,-0.0008858505566993507,0.0
6158.0,-76.08477042776794,345.4573341975998,0.0,-4.346129754167253,-0.0008478933732869136,0.0
6159.0,-76.44242977304613,346.39097659607904,0.0,-4.346958686141448,-0.0008099257942345085,0.0
6160.0,-76.79932151918089,347.3248788520548,0.0,-4.347749644024739,-0.000771948595920843,0.0
6161.0,-77.15548189036906,348.25902925438305,0.0,-4.348502618644947,-0.000733962520064857,0.0
6162.0,-77.51094711080736,349.1934160919201,0.0,-4.349217601551502,-0.0006959682753146751,0.0
6163.0,-77.86575340469263,350.1280276535219,0.0,-4.349894584983149,-0.0006579665388335114,0.0
6164.0,-78.21993699622158,351.0628522280447,0.0,-4.350533561837265,-0.0006199579578964887,0.0
6165.0,-78.57353410959102,351.9978781043445,0.0,-4.351134525640701,-0.0005819431515017293,0.0
6166.0,-78.92658096899773,352.93309357127754,0.0,-4.351697470522406,-0.0005439227119784665,0.0
6167.0,-79.27911379863846,353.8684869176999,0.0,-4.352222391187451,-0.0005058972065950913,0.0
6168.0,-79.63116882271001,354.8040464324677,0.0,-4.352709282892786,-0.0004678671791852805,0.0
6169.0,-79.98278226540914,355.739760404437,0.0,-4.353158141424688,-0.0004298331517625772,0.0
6170.0,-80.33399035093262,356.67561712246396,0.0,-4.353568963077662,-0.00039179562614937466,0.0
6171.0,-80.68482930347727,357.61160487540474,0.0,-4.353941744635083,-0.00035375508561338463,0.0
6172.0,-81.03533534723982,358.54771195211543,0.0,-4.354276483351477,-0.00031571199648640553,0.0
6173.0,-81.38554470641705,359.4839266414522,0.0,-4.354573176936306,-0.0002776668098040906,0.0
6174.0,-81.73549360520576,360.420237232271,0.0,-4.354831823539642,-0.00023961996294286078,0.0
6175.0,-82.08521826780272,361.3566320134282,0.0,-4.355052421739182,-0.00020157188125472352,0.0
6176.0,-82.43475491840468,362.2930992737797,0.0,-4.355234970529101,-0.00016352297971420978,0.0
6177.0,-82.78413978120842,363.22962730218177,0.0,-4.355379469310506,-0.00012547366454513612,0.0
6178.0,-83.13340908041076,364.1662043874905,0.0,-4.355485917883439,-8.742433487166476e-05,0.0
6179.0,-83.48259904020843,365.10281881856196,0.0,-4.355554316440687,-4.9375384366889825e-05,0.0
6180.0,-83.83174588479822,366.0394588842523,0.0,-4.355584665563095,-1.132720287312848e-05,0.0
6181.0,-84.18088583837688,366.9761128734177,0.0,-4.355576966216485,2.6719821935535952e-05,0.0
6182.0,-84.53005512514126,367.9127690749141,0.0,-4.355531219750542,6.476530291348632e-05,0.0
6183.0,-84.87928996928805,368.84941577759787,0.0,-4.355447427898877,0.00010280885181566748,0.0
6184.0,-85.22862659501408,369.7860412703249,0.0,-4.355325592780954,0.00014085007763567754,0.0
6185.0,-85.5781012265161,370.72263384195145,0.0,-4.355165716905894,0.00017888858497684877,0.0
6186.0,-85.9277500879909,371.65918178133364,0.0,-4.354967803177443,0.00021692397242072708,0.0
6187.0,-86.27760940363524,372.59567337732756,0.0,-4.354731854900919,0.00025495583086567104,0.0
6188.0,-86.62771539764591,373.53209691878925,0.0,-4.354457875791761,0.00029298374190598963,0.0
6189.0,-86.9781042942197,374.468440694575,0.0,-4.35414586998559,0.0003310072762004853,0.0
6190.0,-87.32881231755334,375.4046929935408,0.0,-4.353795842049939,0.0003690259918234874,0.0
6191.0,-87.67987569184365,376.34084210454273,0.0,-4.3534077969977725,0.0004070394326476695,0.0
6192.0,-88.03133064128738,377.2768763164371,0.0,-4.352981740302392,0.00044504712671462285,0.0
6193.0,-88.38321339008132,378.2127839180799,0.0,-4.352517677914139,0.00048304858459711846,0.0
6194.0,-88.73556016242223,379.14855319832725,0.0,-4.3520156162786945,0.0005210432977901088,0.0
6195.0,-89.0884071825069,380.0841724460353,0.0,-4.351475562356918,0.0005590307370952578,0.0
6196.0,-89.44179067453211,381.0196299500602,0.0,-4.350897523646428,0.000597010350992149,0.0
6197.0,-89.79574686269464,381.954913999258,0.0,-4.350281508204741,0.0006349815640361378,0.0
6198.0,-90.15031197119123,382.8900128824849,0.0,-4.349627524673909,0.0006729437752587433,0.0
6199.0,-90.5055222242187,383.82491488859694,0.0,-4.348935582306922,0.0007108963565594094,0.0
6200.0,-90.86141384597377,384.7596083064502,0.0,-4.3482056909957185,0.0007488386511133197,0.0
6201.0,-91.21802306065328,385.694081424901,0.0,-4.347437861300609,0.0007867699717880911,0.0
6202.0,-91.57538609245395,386.6283225328054,0.0,-4.346632104481381,0.0008245863442128329,0.0
6203.0,-91.93353916557261,387.56231991901933,0.0,-4.345788432530133,0.000860530083587171,0.0
6204.0,-92.29251850420599,388.4960618723991,0.0,-4.34490685820545,0.0008902008296404036,0.0
6205.0,-92.65236033255088,389.42953668180076,0.0,-4.343987395068167,0.0009096265558629238,0.0
6206.0,-93.01310087480407,390.36273263608035,0.0,-4.343031503093684,0.0009175524691845206,0.0
6207.0,-93.37477359455642,391.2956389056184,0.0,-4.342062349038736,0.0009139514158465874,0.0
6208.0,-93.73737049708966,392.2282578993743,0.0,-4.341118391642626,0.0008988272486321059,0.0
6209.0,-94.10085159535261,393.160602242186,0.0,-4.340216802357284,0.0008722871355398684,0.0
6210.0,-94.46517607484289,394.0926848231152,0.0,-4.339358000085648,0.0008360919807052067,0.0
6211.0,-94.83030312105807,395.02451853122386,0.0,-4.338541970828083,0.0007946453877177057,0.0
6212.0,-95.19619191949576,395.95611625557376,0.0,-4.337768700964684,0.000751922649227981,0.0
6213.0,-95.56280165565352,396.8874908852268,0.0,-4.3370381772996085,0.0007091818466944716,0.0
6214.0,-95.93009151502893,397.8186553092447,0.0,-4.3363503871029385,0.0006664534444826206,0.0
6215.0,-96.29802068311963,398.7496224166894,0.0,-4.335705318150375,0.0006237369231547924,0.0
6216.0,-96.66654834542315,399.6804050966227,0.0,-4.335102958760342,0.0005810317272381761,0.0
6217.0,-97.03563368743713,400.61101623810634,0.0,-4.3345432978288665,0.0005383372675646925,0.0
6218.0,-97.40523589465911,401.5414687302022,0.0,-4.334026324862108,0.0004956529236122315,0.0
6219.0,-97.7753141525867,402.47177546197213,0.0,-4.3335520300064925,0.00045297804585451933,0.0
6220.0,-98.14582764671748,403.40194932247806,0.0,-4.333120404076466,0.0004103119580783751,0.0
6221.0,-98.51673556254906,404.33200320078157,0.0,-4.332731438580176,0.0003676539597127691,0.0
6222.0,-98.88799708557899,405.2619499859447,0.0,-4.332385125742567,0.00032500332815026714,0.0
6223.0,-99.25957140130487,406.1918025670291,0.0,-4.332081458526187,0.0002823593210380234,0.0
6224.0,-99.63141769522433,407.12157383309676,0.0,-4.331820430649924,0.0002397211785934518,0.0
6225.0,-100.00349515283487,408.0512766732095,0.0,-4.331602036605071,0.00019708812591926313,0.0
6226.0,-100.37576295963419,408.98092397642915,0.0,-4.331426271669425,0.00015445937528335563,0.0
6227.0,-100.74818030111977,409.9105286318174,0.0,-4.331293131919001,0.00011183412841418518,0.0
6228.0,-101.12070636278926,410.84010352843615,0.0,-4.331202614237332,6.921157879638937e-05,0.0
6229.0,-101.49330033014023,411.76966155534734,0.0,-4.331154716322541,2.659091394775968e-05,0.0
6230.0,-101.86592138867027,412.69921560161265,0.0,-4.331149436692247,-1.602868228595915e-05,0.0
6231.0,-102.23852872387697,413.62877855629404,0.0,-4.331186774686066,-5.8648027441408695e-05,0.0
6232.0,-102.6110815212579,414.55836330845324,0.0,-4.33126673046578,-0.00010126793816591016,0.0
6233.0,-102.98353896631068,415.48798274715205,0.0,-4.331389305013448,-0.000143889227928692,0.0
6234.0,-103.35586024453286,416.41764976145237,0.0,-4.331554500126981,-0.0001865127047335134,0.0
6235.0,-103.72800454142207,417.34737724041605,0.0,-4.331762318413531,-0.00022913916884137461,0.0
6236.0,-104.09993104247586,418.2771780731049,0.0,-4.332012763280664,-0.0002717694104712771,0.0
6237.0,-104.47159893319183,419.20706514858074,0.0,-4.332305838925125,-0.00031440420751145074,0.0
6238.0,-104.84296739906758,420.1370513559053,0.0,-4.332641550319457,-0.0003570443232377509,0.0
6239.0,-105.21399562560067,421.0671495841406,0.0,-4.333019903196168,-0.00039969050400839076,0.0
6240.0,-105.58464279828871,421.99737272234836,0.0,-4.333440904029658,-0.00044234347696102205,0.0
6241.0,-105.95486810262928,422.9277336595904,0.0,-4.333904560015932,-0.000485003947712099,0.0
6242.0,-106.32463072411998,423.85824528492856,0.0,-4.334410879049909,-0.0005276725980407626,0.0
6243.0,-106.69388984825838,424.7889204874247,0.0,-4.334959869700404,-0.0005703500835793866,0.0
6244.0,-107.06260466054208,425.71977215614066,0.0,-4.33555154118284,-0.0006130370314903567,0.0
6245.0,-107.43073434646865,426.6508131801382,0.0,-4.336185903329712,-0.0006557340381268619,0.0
6246.0,-107.79823809153568,427.5820564484792,0.0,-4.336862966558484,-0.0006984416667073897,0.0
6247.0,-108.1650750812408,428.5135148502254,0.0,-4.337582741837453,-0.0007411604449755034,0.0
6248.0,-108.53120450108153,429.44520127443883,0.0,-4.3383452406490015,-0.0007838908628402054,0.0
6249.0,-108.8965855365555,430.3771286101811,0.0,-4.339150474950616,-0.00082663337002385,0.0
6250.0,-109.2611773731603,431.3093097465142,0.0,-4.339998457133601,-0.0008693883736933725,0.0
6251.0,-109.62493919639351,432.24175757249986,0.0,-4.3408891999793,-0.0009121562360827616,0.0
6252.0,-109.98783019175269,433.17448497719994,0.0,-4.341822716613015,-0.0009549372721296173,0.0
6253.0,-110.34980954473548,434.1075048496763,0.0,-4.342799020455515,-0.0009977317470707243,0.0
6254.0,-110.71083644083942,435.0408300789908,0.0,-4.343818125172129,-0.0010405398740352795,0.0
6255.0,-111.0708700655621,435.9744735542051,0.0,-4.344880044619484,-0.0010833618116575317,0.0
6256.0,-111.42986960440116,436.90844816438107,0.0,-4.345984792789948,-0.001126197661657383,0.0
6257.0,-111.78779424285412,437.8427667985807,0.0,-4.347132383753259,-0.0011690474664201667,0.0
6258.0,-112.14460316641862,438.7774423458658,0.0,-4.3483228315961355,-0.0012119112065749021,0.0
6259.0,-112.50025556059221,439.712487695298,0.0,-4.349556150359384,-0.0012547887985433017,0.0
6260.0,-112.8547106108725,440.64791573593936,0.0,-4.350832353972349,-0.0012976800921100967,0.0
6261.0,-113.20792750275709,441.58373935685154,0.0,-4.352151456185178,-0.0013405848679907603,0.0
6262.0,-113.55986542174354,442.51997144709645,0.0,-4.353513470498484,-0.0013835028353659875,0.0
6263.0,-113.91048355332943,443.4566248957359,0.0,-4.354918410090554,-0.0014264336294305758,0.0
6264.0,-114.25974108301236,444.39371259183173,0.0,-4.356366287742194,-0.001469376808938692,0.0
6265.0,-114.60759719628994,445.3312474244458,0.0,-4.357857115759071,-0.0015123318537429192,0.0
6266.0,-114.95401107865973,446.2692422826398,0.0,-4.359390905891573,-0.0015552981623410441,0.0
6267.0,-115.29894191561932,447.20771005547573,0.0,-4.360967669252188,-0.0015982750494178332,0.0
6268.0,-115.64234889266632,448.14666363201536,0.0,-4.36258741623048,-0.0016412617433812268,0.0
6269.0,-115.98419119529828,449.08611590132045,0.0,-4.364250156405583,-0.001684257383905636,0.0
6270.0,-116.32442800901282,450.0260797524529,0.0,-4.36595589845623,-0.0017272610194961147,0.0
6271.0,-116.66301851930753,450.96656807447454,0.0,-4.367704650068368,-0.001770271605043775,0.0
6272.0,-116.99992191167996,451.9075937564472,0.0,-4.369496417840234,-0.0018132879993821532,0.0
6273.0,-117.33509737162773,452.8491696874327,0.0,-4.371331207185088,-0.0018563089628726992,0.0
6274.0,-117.66850408464842,453.7913087564928,0.0,-4.3732090222316184,-0.001899333154991467,0.0
6275.0,-118.0001012362396,454.73402385268946,0.0,-4.375129865721663,-0.0019423591319362996,0.0
6276.0,-118.3298480118989,455.67732786508446,0.0,-4.37709373890575,-0.0019853853442531716,0.0
6277.0,-118.65770359712386,456.62123368273956,0.0,-4.37910064143628,-0.002028410134462913,0.0
6278.0,-118.98362717741209,457.56575419471665,0.0,-4.381150571258198,-0.002071431734733929,0.0
6279.0,-119.30757793826119,458.5109022900775,0.0,-4.383243524497512,-0.002114448264580039,0.0
6280.0,-119.62951506516872,459.45669085788404,0.0,-4.385379495347355,-0.0021574577285658715,0.0
6281.0,-119.94939774363228,460.40313278719805,0.0,-4.387558475951833,-0.0022004580140612285,0.0
6282.0,-120.26718515914946,461.35024096708133,0.0,-4.389780456287723,-0.0022434468890269216,0.0
6283.0,-120.58283649721785,462.2980282865958,0.0,-4.39204542404381,-0.0022864219998322,0.0
6284.0,-120.89631094333504,463.2465076348032,0.0,-4.3943533644981425,-0.0023293808691245183,0.0
6285.0,-121.2075676829986,464.1956919007654,0.0,-4.396704260393193,-0.0023723208937393354,0.0
6286.0,-121.51656590170613,465.1455939735441,0.0,-4.399098091808894,-0.0024152393426550207,0.0
6287.0,-121.8232647849552,466.09622674220134,0.0,-4.4015348360336235,-0.002458133355008472,0.0
6288.0,-122.12762351824345,467.0476030957989,0.0,-4.404014467433307,-0.0025009999381661197,0.0
6289.0,-122.42960128706841,467.9997359233984,0.0,-4.4065369573185995,-0.0025438359658532966,0.0
6290.0,-122.72915727692768,468.9526381140619,0.0,-4.409102273810104,-0.002586638176362526,0.0
6291.0,-123.02625067331886,469.9063225568512,0.0,-4.411710381701967,-0.002629403170822212,0.0
6292.0,-123.32084066173952,470.86080214082807,0.0,-4.414361242323694,-0.0026720340678651716,0.0
6293.0,-123.61288642768727,471.81608975505435,0.0,-4.417054813400339,-0.002712499959064894,0.0
6294.0,-123.90234715665973,472.7721982885919,0.0,-4.419791048911254,-0.00274533943514234,0.0
6295.0,-124.1891820341544,473.7291406305025,0.0,-4.422569898947188,-0.0027652822558351504,0.0
6296.0,-124.4733502456689,474.68692966984804,0.0,-4.425390002754831,-0.0027705253867328517,0.0
6297.0,-124.7548134447722,475.6455774333577,0.0,-4.428224227800781,-0.002761014634388635,0.0
6298.0,-125.03358196232827,476.6050789401431,0.0,-4.431023179803283,-0.002736759009839305,0.0
6299.0,-125.30971069659249,477.56541363767866,0.0,-4.43376239580407,-0.002697861883581343,0.0
6300.0,-125.58325618990526,478.5265603990034,0.0,-4.436441015334223,-0.002646361508436953,0.0
6301.0,-125.85427498460703,479.48849809715637,0.0,-4.439059051858811,-0.0025877274728965155,0.0
6302.0,-126.1228236230382,480.45120560517637,0.0,-4.441616522137381,-0.0025272390120392807,0.0
6303.0,-126.38895864753921,481.4146617961025,0.0,-4.444113445934777,-0.0024667089527365955,0.0
6304.0,-126.65273660045051,482.37884554297375,0.0,-4.446549845738953,-0.0024062020618005014,0.0
6305.0,-126.91421402411248,483.34373571882907,0.0,-4.448925746485663,-0.0023457206669546616,0.0
6306.0,-127.17344746086559,484.30931119670737,0.0,-4.4512411752902405,-0.002285266831232123,0.0
6307.0,-127.43049345305023,485.2755508496477,0.0,-4.453496161186365,-0.002224842359999598,0.0
6308.0,-127.68540854300687,486.242433550689,0.0,-4.455690734871876,-0.0021644488080007863,0.0
6309.0,-127.93824927307588,487.2099381728702,0.0,-4.457824928461681,-0.0021040874864145993,0.0
6310.0,-128.18907218559775,488.17804358923036,0.0,-4.459898775247726,-0.0020437594698991136,0.0
6311.0,-128.43793382291284,489.1467286728084,0.0,-4.461912309465998,-0.0019834656036366665,0.0
6312.0,-128.68489072736165,490.1159722966434,0.0,-4.463865566070629,-0.0019232065103771717,0.0
6313.0,-128.92999944128456,491.0857533337742,0.0,-4.465758580515079,-0.001862982597436526,0.0
6314.0,-129.17331650702198,492.05605065723984,0.0,-4.467591388540114,-0.0018027940636906922,0.0
6315.0,-129.4148984669144,493.0268431400793,0.0,-4.46936402596904,-0.0017426409065432072,0.0
6316.0,-129.6548018633022,493.99810965533146,0.0,-4.471076528509798,-0.0016825229288249335,0.0
6317.0,-129.89308323852578,494.96982907603547,0.0,-4.472728931563721,-0.0016224397456953302,0.0
6318.0,-130.12979913492566,495.94198027523004,0.0,-4.474321270041672,-0.0015623907914953223,0.0
6319.0,-130.3650060948422,496.9145421259545,0.0,-4.475853578186559,-0.0015023753265315243,0.0
6320.0,-130.5987606606158,497.8874935012475,0.0,-4.477325889402698,-0.0014423924438498681,0.0
6321.0,-130.83111937458693,498.8608132741482,0.0,-4.47873823609223,-0.0013824410759370382,0.0
6322.0,-131.06213877909602,499.83448031769547,0.0,-4.480090649497859,-0.0013225200013758452,0.0
6323.0,-131.2918754164835,500.8084735049284,0.0,-4.48138315955242,-0.0012626278514801723,0.0
6324.0,-131.52038582908978,501.78277170888583,0.0,-4.482615794734997,-0.0012027659620644623,0.0
6325.0,-131.74772655925528,502.75735380260693,0.0,-4.483788581933515,-0.0011438328043330717,0.0
6326.0,-131.97395414932046,503.73219865913046,0.0,-4.484901546313978,-0.001089780294968661,0.0
6327.0,-132.1991251416257,504.7072851514955,0.0,-4.485954711196001,-0.001046144972881421,0.0
6328.0,-132.42329607851144,505.682592152741,0.0,-4.486948137767829,-0.0010157267783840978,0.0
6329.0,-132.64652342561757,506.65809855811517,0.0,-4.487894407082923,-0.0009988434072091426,0.0
6330.0,-132.86883953613582,507.63379024478667,0.0,-4.4888363260969175,-0.000995492582234763,0.0
6331.0,-133.09021847468796,508.6096699677694,0.0,-4.48980865781084,-0.001005669461782599,0.0
6332.0,-133.31062567262072,509.58574298189995,0.0,-4.49081589375505,-0.0010284722261302598,0.0
6333.0,-133.53002656128086,510.5620145420149,0.0,-4.491858042193371,-0.0010599457836958845,0.0
6334.0,-133.7483865720151,511.5384899029506,0.0,-4.492935111467895,-0.0010945506094107238,0.0
6335.0,-133.9656711361702,512.5151743195436,0.0,-4.494047109960892,-0.0011294839795537343,0.0
6336.0,-134.1818456850929,513.4920730466303,0.0,-4.495194046055683,-0.0011644256306210718,0.0
6337.0,-134.3968756501299,514.4691913390473,0.0,-4.496375928095899,-0.0011993754993793815,0.0
6338.0,-134.61072646262807,515.4465344516311,0.0,-4.497592764343608,-0.001234333480017811,0.0
6339.0,-134.82336355393397,516.4241076392183,0.0,-4.498844562936034,-0.0012692994228187258,0.0
6340.0,-135.0347523553945,517.401916156645,0.0,-4.500131331841082,-0.0013042731328449162,0.0
6341.0,-135.24485829835632,518.3799652587481,0.0,-4.501453078811495,-0.0013392543686420336,0.0
6342.0,-135.4536468141662,519.3582602003639,0.0,-4.502809811337541,-0.0013742428408989,0.0
6343.0,-135.66108333417085,520.3368062363292,0.0,-4.504201536598496,-0.0014092382111149224,0.0
6344.0,-135.86713328971706,521.3156086214798,0.0,-4.505628261412915,-0.0014442400902973263,0.0
6345.0,-136.0717621121516,522.2946726106527,0.0,-4.507089992187581,-0.0014792480376419575,0.0
6346.0,-136.2749352328211,523.2740034586845,0.0,-4.508586734864646,-0.0015142615592093225,0.0
6347.0,-136.47661808307237,524.2536064204115,0.0,-4.510118494868079,-0.0015492801066060275,0.0
6348.0,-136.67677609425215,525.2334867506701,0.0,-4.51168527704866,-0.0015843030756615176,0.0
6349.0,-136.8753746977072,526.2136497042969,0.0,-4.513287085627363,-0.0016193298051345728,0.0
6350.0,-137.0723793247842,527.1941005361284,0.0,-4.514923924137605,-0.0016543595754067958,0.0
6351.0,-137.26775540683,528.1748445010012,0.0,-4.516595795366291,-0.0016893916071583398,0.0
6352.0,-137.46146837519123,529.1558868537514,0.0,-4.518302701293466,-0.0017244250600917227,0.0
6353.0,-137.65348366121472,530.1372328492159,0.0,-4.520044643030644,-0.00175945903163921,0.0
6354.0,-137.84376669624714,531.1188877422312,0.0,-4.521821620757776,-0.0017944925556759067,0.0
6355.0,-138.03228291163532,532.1008567876336,0.0,-4.5236336336591805,-0.001829524601257531,0.0
6356.0,-138.21899773872593,533.0831452402595,0.0,-4.525480679858127,-0.0018645540713468276,0.0
6357.0,-138.4038766088657,534.0657583549456,0.0,-4.52736275634979,-0.0018995798015769086,0.0
6358.0,-138.58688495340144,535.0487013865284,0.0,-4.5292798589335685,-0.0019346005590152868,0.0
6359.0,-138.7679882036798,536.0319795898441,0.0,-4.531231982143794,-0.0019696150409162423,0.0
6360.0,-138.94715179104765,537.0155982197297,0.0,-4.533219119179172,-0.0020046218735366873,0.0
6361.0,-139.12434114685163,537.9995625310212,0.0,-4.535241261831325,-0.0020396196109552078,0.0
6362.0,-139.29952170243854,538.9838777785554,0.0,-4.537298400411846,-0.002074604649328864,0.0
6363.0,-139.47265888915507,539.9685492171689,0.0,-4.539390523678289,-0.0021089225741817786,0.0
6364.0,-139.643718138348,540.9535821016976,0.0,-4.5415176187591415,-0.002139707685779043,0.0
6365.0,-139.8126648813641,541.9389816869787,0.0,-4.54367967107759,-0.0021629498608593295,0.0
6366.0,-139.97946454955002,542.9247532278481,0.0,-4.5458766350903765,-0.0021766226139838807,0.0
6367.0,-140.1440826314921,543.9109019676366,0.0,-4.548099382271134,-0.0021804964453730714,0.0
6368.0,-140.30650242865627,544.8974295690032,0.0,-4.550316906340269,-0.0021745735853562842,0.0
6369.0,-140.46675022063357,545.8843290553218,0.0,-4.552504053954932,-0.002158858768501557,0.0
6370.0,-140.62485863913,546.8715921730907,0.0,-4.554657586730977,-0.002134007886108069,0.0
6371.0,-140.78086031585133,547.859210668808,0.0,-4.556777505941676,-0.0021028884609303666,0.0
6372.0,-140.93478788250343,548.8471762889718,0.0,-4.558863814090043,-0.0020695127858815377,0.0
6373.0,-141.08667397079216,549.8354807800804,0.0,-4.560916514836945,-0.0020359098634627083,0.0
6374.0,-141.23655121242336,550.8241158886319,0.0,-4.562935612930079,-0.002002312059030485,0.0
6375.0,-141.3844522391029,551.8130733611243,0.0,-4.56492111413435,-0.00196872035777172,0.0
6376.0,-141.53040968253663,552.8023449440564,0.0,-4.566873025163193,-0.0019351356768925981,0.0
6377.0,-141.6744561744304,553.7919223839256,0.0,-4.568791353611195,-0.0019015588667863983,0.0
6378.0,-141.81662434649004,554.7817974272306,0.0,-4.570676107887886,-0.001867990712215471,0.0
6379.0,-141.95694683042143,555.7719618204692,0.0,-4.572527297152638,-0.0018344319334989859,0.0
6380.0,-142.0954562579304,556.7624073101399,0.0,-4.574344931250847,-0.0018008831876956044,0.0
6381.0,-142.23218526072282,557.7531256427408,0.0,-4.576129020651186,-0.0017673450697963668,0.0
6382.0,-142.36716647050454,558.7441085647698,0.0,-4.577879576384259,-0.0017338181139293163,0.0
6383.0,-142.50043251898143,559.7353478227254,0.0,-4.57959660998227,-0.0017003027945476288,0.0
6384.0,-142.6320160378593,560.7268351631058,0.0,-4.581280133419856,-0.0016667995276321407,0.0
6385.0,-142.76194965884406,561.7185623324089,0.0,-4.582930159056374,-0.0016333086718963558,0.0
6386.0,-142.8902660136415,562.710521077133,0.0,-4.58454669957916,-0.0015998305299733673,0.0
6387.0,-143.0169977339575,563.7027031437764,0.0,-4.586129767947991,-0.0015663653496251126,0.0
6388.0,-143.1421774514979,564.695100278837,0.0,-4.587679377340892,-0.0015329133249378632,0.0
6389.0,-143.2658377979686,565.6877042288132,0.0,-4.589195541101102,-0.001499474597498932,0.0
6390.0,-143.3880114050754,566.6805067402032,0.0,-4.590678272685054,-0.0014660492576047243,0.0
6391.0,-143.5087309045242,567.673499559505,0.0,-4.5921275856118235,-0.001432637345448232,0.0
6392.0,-143.6280289280208,568.6666744332168,0.0,-4.593543493413536,-0.0013992388522871785,0.0
6393.0,-143.7459381072711,569.660023107837,0.0,-4.594926009586983,-0.0013658537216348114,0.0
6394.0,-143.8624910739809,570.6535373298635,0.0,-4.596275147546635,-0.0013324818504276692,0.0
6395.0,-143.97772045985607,571.6472088457946,0.0,-4.597590920578524,-0.0012991230901892184,0.0
6396.0,-144.0916588966025,572.6410294021284,0.0,-4.598873341795491,-0.0012657772482093574,0.0
6397.0,-144.20433901592602,573.6349907453632,0.0,-4.600122424093552,-0.0012324391218092906,0.0
6398.0,-144.31579344953246,574.6290846219972,0.0,-4.6013381801093125,-0.0011986650243451483,0.0
6399.0,-144.4260548291277,575.6233027785283,0.0,-4.602520622178696,-0.001162818233758221,0.0
6400.0,-144.5351557864176,576.617636961455,0.0,-4.603669762296754,-0.0011228574941861372,0.0
6401.0,-144.64312895310798,577.6120789172753,0.0,-4.604785542542194,-0.0010778605271015071,0.0
6402.0,-144.75000710128492,578.6066203967441,0.0,-4.605861835923797,-0.0010277469229594033,0.0
6403.0,-144.85583525228853,579.6012535220565,0.0,-4.606881881722833,-0.0009725142368497736,0.0
6404.0,-144.96068001906616,580.5959710701394,0.0,-4.607833889084816,-0.0009121651195896442,0.0
6405.0,-145.0646102137579,581.5907658846075,0.0,-4.60871676249747,-0.0008471407823948317,0.0
6406.0,-145.16769464850393,582.5856308090752,0.0,-4.609530496711971,-0.0007790755402839546,0.0
6407.0,-145.27000213544443,583.5805586871564,0.0,-4.610275087079376,-0.0007100083036559417,0.0
6408.0,-145.3716014867195,584.5755423624659,0.0,-4.610950529433826,-0.0006408590615847309,0.0
6409.0,-145.4725615144693,585.5705746786181,0.0,-4.611556819985692,-0.0005717059858602522,0.0
6410.0,-145.57295103083402,586.565648479227,0.0,-4.612093955224913,-0.0005025493322748455,0.0
6411.0,-145.67283884795376,587.5607566079073,0.0,-4.612561931833919,-0.00043338927460842157,0.0
6412.0,-145.77229377796868,588.5558919082731,0.0,-4.612960746610553,-0.0003642259145439602,0.0
6413.0,-145.87138463301895,589.5510472239393,0.0,-4.613290396400931,-0.00029505929158142,0.0
6414.0,-145.97018022524472,590.5462153985197,0.0,-4.613550878042264,-0.00022588939294029432,0.0
6415.0,-146.06874936678608,591.5413892756291,0.0,-4.613742188315457,-0.00015671616347624957,0.0
6416.0,-146.16716086978326,592.5365616988817,0.0,-4.613864323907677,-8.753951561755813e-05,0.0
6417.0,-146.2654835463764,593.5317255118918,0.0,-4.613917281385068,-1.8359339278438208e-05,0.0
6418.0,-146.36378620870556,594.5268735582737,0.0,-4.613901057174928,5.0824488219104935e-05,0.0
6419.0,-146.462137668911,595.521998681642,0.0,-4.613815647558211,0.00012001209220097967,0.0
6420.0,-146.56060673913282,596.517093725611,0.0,-4.6136610486719185,0.0001892035907189766,0.0
6421.0,-146.65926223151118,597.5121515337951,0.0,-4.613437256521174,0.00025839908460646905,0.0
6422.0,-146.7581729581862,598.5071649498086,0.0,-4.613144267001479,0.00032759864753081506,0.0
6423.0,-146.85740773129805,599.5021268172659,0.0,-4.612782075930841,0.00039680231605730503,0.0
6424.0,-146.9570353629869,600.4970299797814,0.0,-4.612350679091838,0.0004660100796908421,0.0
6425.0,-147.05712466539288,601.4918672809696,0.0,-4.6118500722836675,0.0005352218709276459,0.0
6426.0,-147.1577444506561,602.4866315644446,0.0,-4.6112802513840405,0.0006044375552925552,0.0
6427.0,-147.25896353091684,603.4813156738209,0.0,-4.610641212421287,0.0006733672870766759,0.0
6428.0,-147.3608507183151,604.4759124527129,0.0,-4.609932951656134,0.000739145929067954,0.0
6429.0,-147.4634748249911,605.4704147447351,0.0,-4.609155465673532,0.0007958281700521295,0.0
6430.0,-147.56690466308496,606.4648153935016,0.0,-4.608308751484692,0.0008389530404533067,0.0
6431.0,-147.67120904473686,607.4591072426272,0.0,-4.607396861518914,0.0008674224817393216,0.0
6432.0,-147.7764487201473,608.4532839954818,0.0,-4.606455846849641,0.000881229022318194,0.0
6433.0,-147.88262082250898,609.4473461397974,0.0,-4.605532882437338,0.0008803718179951784,0.0
6434.0,-147.9896923128344,610.4412973809823,0.0,-4.604643238801644,0.00086513976909692,0.0
6435.0,-148.09762997042117,611.4351414438236,0.0,-4.603787010531427,0.000838397103602974,0.0
6436.0,-148.20640057456683,612.4288820531085,0.0,-4.6029642004857845,0.0008060882640927858,0.0
6437.0,-148.31597090456887,613.422522933624,0.0,-4.602174811220507,0.00077267339813509,0.0
6438.0,-148.4263077397249,614.4160678101575,0.0,-4.601418845015742,0.0007392497964936621,0.0
6439.0,-148.53737785933242,615.4095204074961,0.0,-4.600696303902371,0.0007058242264219265,0.0
6440.0,-148.649148042689,616.4028844504269,0.0,-4.600007189687308,0.0006723969019920084,0.0
6441.0,-148.7615850690922,617.396163663737,0.0,-4.599351503977782,0.0006389680136223827,0.0
6442.0,-148.87465571783954,618.3893617722134,0.0,-4.598729248204378,0.0006055377292084607,0.0
6443.0,-148.98832676822855,619.3824825006436,0.0,-4.598140423642927,0.0005721061952330686,0.0
6444.0,-149.10256499955682,620.3755295738146,0.0,-4.597585031435477,0.0005386735378835842,0.0
6445.0,-149.21733719112189,621.3685067165135,0.0,-4.597063072610059,0.0005052398641798611,0.0
6446.0,-149.33261012222124,622.3614176535274,0.0,-4.596574548099135,0.0004718052630706206,0.0
6447.0,-149.44835057215252,623.3542661096437,0.0,-4.596119458757281,0.00043836980655820307,0.0
6448.0,-149.56452532021316,624.3470558096495,0.0,-4.595697805377439,0.000404933550838038,0.0
6449.0,-149.68110114570078,625.3397904783317,0.0,-4.595309588706202,0.00037149653740125335,0.0
6450.0,-149.79804482791295,626.3324738404775,0.0,-4.594954809458113,0.0003380587941579043,0.0
6451.0,-149.91532314614716,627.3251096208743,0.0,-4.5946334683284755,0.00030462033655398457,0.0
6452.0,-150.03290287970097,628.317701544309,0.0,-4.594345566005328,0.0002711811686853923,0.0
6453.0,-150.1507508078719,629.3102533355689,0.0,-4.594091103180249,0.00023774128444590102,0.0
6454.0,-150.26883370995753,630.3027687194411,0.0,-4.593870080557957,0.0002043006686297057,0.0
6455.0,-150.38711836525545,631.2952514207127,0.0,-4.593682498865007,0.00017085929804044094,0.0
6456.0,-150.5055715530631,632.287705164171,0.0,-4.593528358857038,0.000137417142630777,0.0
6457.0,-150.6241600526781,633.2801336746031,0.0,-4.593407661325035,0.00010397416661460974,0.0
6458.0,-150.742850643398,634.272540676796,0.0,-4.593320407100738,7.053032959840928e-05,0.0
6459.0,-150.86161010452028,635.264929895537,0.0,-4.593266597060499,3.7085587696645514e-05,0.0
6460.0,-150.98040521534256,636.2573050556131,0.0,-4.593246232128247,3.6398946397270992e-06,0.0
6461.0,-151.09920275516234,637.2496698818117,0.0,-4.593259313277354,-2.9806797075553654e-05,0.0
6462.0,-151.21796950327717,638.2420280989197,0.0,-4.593305841531232,-6.325453507947743e-05,0.0
6463.0,-151.33667223898465,639.2343834317244,0.0,-4.5933858179630604,-9.670336602222003e-05,0.0
6464.0,-151.45527774158222,640.226739605013,0.0,-4.5934992436940565,-0.00013015333442144086,0.0
6465.0,-151.57375279036748,641.2191003435726,0.0,-4.593646119890774,-0.00016360448155751582,0.0
6466.0,-151.69206416463805,642.2114693721902,0.0,-4.593826447761575,-0.0001970568443470734,0.0
6467.0,-151.81017864369136,643.2038504156529,0.0,-4.594040228551481,-0.00023051045421291453,0.0
6468.0,-151.928063006825,644.1962471987483,0.0,-4.59428746353602,-0.0002639653359812755,0.0
6469.0,-152.04568403333656,645.1886634462631,0.0,-4.594568154014372,-0.000297421506727767,0.0
6470.0,-152.16300850252347,646.1811028829848,0.0,-4.59488230130078,-0.0003308789746655018,0.0
6471.0,-152.28000319368343,647.1735692337002,0.0,-4.595229906715318,-0.0003643377380358232,0.0
6472.0,-152.39663488611384,648.1660662231969,0.0,-4.595610971573251,-0.0003977977839593828,0.0
6473.0,-152.51287035911233,649.1585975762615,0.0,-4.5960254971732875,-0.0004312590873259176,0.0
6474.0,-152.62867639197646,650.1511670176815,0.0,-4.596473484785086,-0.00046472160966042655,0.0
6475.0,-152.74401976400367,651.1437782722439,0.0,-4.596954935634916,-0.0004981852979956283,0.0
6476.0,-152.85886725449166,652.136435064736,0.0,-4.597469850890906,-0.0005316500837665597,0.0
6477.0,-152.97318564273783,653.1291411199448,0.0,-4.598018231646808,-0.0005651158816539135,0.0
6478.0,-153.0869417080398,654.1219001626577,0.0,-4.598600078904536,-0.0005985825884703898,0.0
6479.0,-153.20010222969515,655.1147159176617,0.0,-4.599215393555972,-0.0006320500820488231,0.0
6480.0,-153.31263398700136,656.1075921097438,0.0,-4.599864176363298,-0.000665518220091421,0.0
6481.0,-153.42450375925597,657.1005324636914,0.0,-4.60054642793823,-0.0006989868390623956,0.0
6482.0,-153.53567832575658,658.0935407042914,0.0,-4.601262148720358,-0.0007324557530616892,0.0
6483.0,-153.64612446580065,659.086620556331,0.0,-4.602011338954148,-0.0007659247526843643,0.0
6484.0,-153.75580895868583,660.0797757445977,0.0,-4.602793998664846,-0.0007993936039104428,0.0
6485.0,-153.8646985837096,661.0730099938783,0.0,-4.603610127633371,-0.000832862046985548,0.0
6486.0,-153.97276012016957,662.0663270289599,0.0,-4.60445972537,-0.0008663297952853684,0.0
6487.0,-154.07996034736317,663.0597305746298,0.0,-4.605342791086851,-0.0008997965342025793,0.0
6488.0,-154.18626604458808,664.0532243556754,0.0,-4.606259323669423,-0.0009332619200328779,0.0
6489.0,-154.29164399114174,665.0468120968834,0.0,-4.6072093216469625,-0.000966725578850358,0.0
6490.0,-154.39606096632173,666.0404975230412,0.0,-4.608192783161539,-0.0010001871053955114,0.0
6491.0,-154.49948374942562,667.0342843589359,0.0,-4.6092097059362915,-0.0010336460619618318,0.0
6492.0,-154.60187911975095,668.0281763293546,0.0,-4.610260087242386,-0.0010671019772891452,0.0
6493.0,-154.70321385659526,669.0221771590844,0.0,-4.61134392386489,-0.0011005543454636652,0.0
6494.0,-154.80345473925604,670.0162905729127,0.0,-4.612461212067498,-0.001134002624805611,0.0
6495.0,-154.90256854703088,671.0105202956264,0.0,-4.613611947556242,-0.0011674462367757346,0.0
6496.0,-155.0005220592174,672.004870052013,0.0,-4.614796125442192,-0.0012008845648840652,0.0
6497.0,-155.097282055113,672.9993435668591,0.0,-4.616013740202801,-0.0012343169535987209,0.0
6498.0,-155.19281531401532,673.9939445649522,0.0,-4.617264785642308,-0.0012677427072731134,0.0
6499.0,-155.28708861522193,674.9886767710796,0.0,-4.61854925485123,-0.001301161089059961,0.0
6500.0,-155.3800687380303,675.9835439100282,0.0,-4.619867140164423,-0.001334571319844015,0.0
6501.0,-155.471722461738,676.978549706585,0.0,-4.621218433118347,-0.0013679725771887441,0.0
6502.0,-155.5620165656426,677.9736978855376,0.0,-4.622603124407217,-0.0014013639942681722,0.0
6503.0,-155.65091782904165,678.9689921716728,0.0,-4.624021203838057,-0.0014347446588375435,0.0
6504.0,-155.73839303123265,679.9644362897778,0.0,-4.6254726602847525,-0.0014681136122057631,0.0
6505.0,-155.82440895151316,680.96003396464,0.0,-4.626957481640999,-0.0015014698481827793,0.0
6506.0,-155.90893236918072,681.9557889210463,0.0,-4.628475654772293,-0.001534812312085711,0.0
6507.0,-155.99193006353298,682.9517048837838,0.0,-4.6300271654670855,-0.0015681398997448499,0.0
6508.0,-156.07336881386732,683.9477855776398,0.0,-4.631611998386566,-0.0016014514564997662,0.0
6509.0,-156.15321539948135,684.9440347274016,0.0,-4.633230137013557,-0.0016347457762398829,0.0
6510.0,-156.2314365996727,685.940456057856,0.0,-4.634881563600916,-0.001668021600433191,0.0
6511.0,-156.30799919373877,686.9370532937902,0.0,-4.636566259118321,-0.0017012776171807839,0.0
6512.0,-156.38286996097722,687.9338301599918,0.0,-4.6382842031984275,-0.0017345124603153547,0.0
6513.0,-156.45601568068554,688.9307903812474,0.0,-4.640035374082223,-0.0017677247084719103,0.0
6514.0,-156.52740313216128,689.9279376823443,0.0,-4.64181974856322,-0.0018009128841899472,0.0
6515.0,-156.59699909470203,690.9252757880699,0.0,-4.643637301930962,-0.0018340754530655596,0.0
6516.0,-156.6647703476053,691.9228084232112,0.0,-4.645488007913576,-0.0018672108228966317,0.0
6517.0,-156.73068367016862,692.9205393125551,0.0,-4.647371838619504,-0.0019003173428558157,0.0
6518.0,-156.79470584168953,693.9184721808891,0.0,-4.649288764478392,-0.0019333933026889506,0.0
6519.0,-156.85680364146563,694.9166107530003,0.0,-4.651238754181274,-0.00196643693193556,0.0
6520.0,-156.91694384879443,695.9149587536757,0.0,-4.653221774619929,-0.001999446399186652,0.0
6521.0,-156.97509324297351,696.9135199077027,0.0,-4.655237790825495,-0.002032419811361041,0.0
6522.0,-157.03121860330035,697.9122979398682,0.0,-4.657286765906332,-0.0020653552130147313,0.0
6523.0,-157.08528670907253,698.9112965749592,0.0,-4.659368660985304,-0.0020982505856745877,0.0
6524.0,-157.1372643395876,699.9105195377633,0.0,-4.66148343513639,-0.0021311038472015143,0.0
6525.0,-157.1871182741431,700.9099705530674,0.0,-4.663631045320561,-0.0021639128512121225,0.0
6526.0,-157.23481529203661,701.9096533456586,0.0,-4.665811446321311,-0.002196675386512771,0.0
6527.0,-157.2803221725656,702.9095716403243,0.0,-4.6680245906793365,-0.0022293891765649476,0.0
6528.0,-157.32360569502768,703.9097291618515,0.0,-4.670270428626909,-0.002262051879011549,0.0
6529.0,-157.3646326387204,704.9101296350271,0.0,-4.672548908021888,-0.0022946610852204253,0.0
6530.0,-157.40336978294124,705.9107767846389,0.0,-4.674859974280927,-0.0023272143198880585,0.0
6531.0,-157.43978390698783,706.9116743354733,0.0,-4.677203570312676,-0.002359709040685371,0.0
6532.0,-157.47384179015762,707.9128260123179,0.0,-4.679579636450437,-0.0023921426379212335,0.0
6533.0,-157.50551021174823,708.9142355399596,0.0,-4.681988110384522,-0.0024245124342876195,0.0
6534.0,-157.5347559510572,709.9159066431858,0.0,-4.684428927094559,-0.002456815684637308,0.0
6535.0,-157.56154578738204,710.9178430467837,0.0,-4.686902018781282,-0.0024890495758051706,0.0
6536.0,-157.58584650002032,711.92004847554,0.0,-4.689407314798412,-0.0025212112265036164,0.0
6537.0,-157.6076248682696,712.9225266542425,0.0,-4.691944741584429,-0.0025532976872366347,0.0
6538.0,-157.62684767142736,713.9252813076779,0.0,-4.694514222594096,-0.0025853059402959817,0.0
6539.0,-157.64348168879124,714.9283161606334,0.0,-4.697115678230289,-0.0026172328998194257,0.0
6540.0,-157.65749369965872,715.9316349378961,0.0,-4.69974902577572,-0.0026490754118751853,0.0
6541.0,-157.66885048332733,716.9352413642533,0.0,-4.702414179324673,-0.0026808302546404506,0.0
6542.0,-157.6775188190947,717.9391391644922,0.0,-4.7051110497153115,-0.0027124941386259065,0.0
6543.0,-157.68346548625829,718.9433320633998,0.0,-4.707839544461855,-0.0027440637069505564,0.0
6544.0,-157.6866572641157,719.9478237857634,0.0,-4.710599567687239,-0.002775535535720154,0.0
6545.0,-157.68706093196445,720.95261805637,0.0,-4.713391020056252,-0.0028069061344436286,0.0
6546.0,-157.68464326910208,721.9577186000067,0.0,-4.716213798708895,-0.0028381719465083877,0.0
6547.0,-157.67937105482613,722.963129141461,0.0,-4.7190677971944215,-0.0028693293497601097,0.0
6548.0,-157.67121106843422,723.9688534055196,0.0,-4.721952905406054,-0.002900374657125734,0.0
6549.0,-157.6601300892238,724.9748951169698,0.0,-4.724869009516142,-0.0029313041173191223,0.0
6550.0,-157.64609489649246,725.9812580005989,0.0,-4.727815991912142,-0.0029621139156367376,0.0
6551.0,-157.62907226953774,726.9879457811941,0.0,-4.730793731133593,-0.0029928001747940537,0.0
6552.0,-157.60902898765715,727.9949621835423,0.0,-4.733802101809658,-0.003023358955863983,0.0
6553.0,-157.58593183014833,729.0023109324309,0.0,-4.736840974597957,-0.0030537862593046205,0.0
6554.0,-157.55974757630872,730.0099957526469,0.0,-4.739910216124274,-0.0030840780260359096,0.0
6555.0,-157.53044300543593,731.0180203689772,0.0,-4.743009688923318,-0.0031142301386174937,0.0
6556.0,-157.4979848968275,732.0263885062095,0.0,-4.746139251380973,-0.0031442384225090414,0.0
6557.0,-157.46234002978093,733.0351038891306,0.0,-4.749298757677575,-0.0031740986474034626,0.0
6558.0,-157.4234751835938,734.0441702425277,0.0,-4.752488057732663,-0.0032038065286564355,0.0
6559.0,-157.38135713756367,735.0535912911879,0.0,-4.755706997151234,-0.003233357728780512,0.0
6560.0,-157.33595267098806,736.0633707598987,0.0,-4.758955417171508,-0.0032627478590447263,0.0
6561.0,-157.28722856316458,737.0735123734468,0.0,-4.762233154614371,-0.0032919724811620067,0.0
6562.0,-157.23515159339067,738.0840198566195,0.0,-4.765540041834411,-0.003321027109040856,0.0
6563.0,-157.1796885409639,739.094896934204,0.0,-4.7688759066728075,-0.0033646892785471135,0.0
6564.0,-157.1208061851819,740.1061473309875,0.0,-4.772240572412367,-0.0036059130791125577,0.0
6565.0,-157.0584713053421,741.1177747717569,0.0,-4.775633857734139,-0.004458817206576641,0.0
6566.0,-156.99265068074214,742.1297829812997,0.0,-4.779055576676329,-0.006267567304132803,0.0
6567.0,-156.92331109067953,743.1421756844029,0.0,-4.782712487546072,-0.009141580273509182,0.0
6568.0,-156.8500075994557,744.1548222223039,0.0,-4.788958867347383,-0.013103489039971019,0.0
6569.0,-156.76802824980132,745.166199182731,0.0,-4.801237769993472,-0.018174262680887527,0.0
6570.0,-156.6701361809892,746.1739590263044,0.0,-4.820924120771606,-0.0243517054683821,0.0
6571.0,-156.54906160294033,747.1757434655206,0.0,-4.8481744821426975,-0.031446754738519794,0.0
6572.0,-156.39753472557575,748.1691942128772,0.0,-4.883148794563403,-0.03899508191024654,0.0
6573.0,-156.2082857588165,749.1519529808713,0.0,-4.925980317379491,-0.04639370582464685,0.0
6574.0,-155.9740449125835,750.1216614820003,0.0,-4.97671162340026,-0.053045505130547614,0.0
6575.0,-155.6875423967979,751.0759614287612,0.0,-5.035214297832472,-0.05859783771414475,0.0
6576.0,-155.34150842138064,752.0124945336511,0.0,-5.100913486251835,-0.06302528313037131,0.0
6577.0,-154.9291478094784,752.9287267873794,0.0,-5.170760286058299,-0.0664270958878753,0.0
6578.0,-154.44969992028217,753.8198899414764,0.0,-5.240975388683671,-0.06892012340017134,0.0
6579.0,-153.9065578855272,754.679677846084,0.0,-5.310717616020456,-0.07066129899444645,0.0
6580.0,-153.30319677176138,755.5017540156293,0.0,-5.380765459747636,-0.07200903139001559,0.0
6581.0,-152.64309164553262,756.2797819645389,0.0,-5.451905823462369,-0.07342907335560421,0.0
6582.0,-151.9297175733889,757.0074252072395,0.0,-5.524901825372762,-0.07488958949517845,0.0
6583.0,-151.16654962187818,757.6783472581577,0.0,-5.600484144633795,-0.07587481315251836,0.0
6584.0,-150.35706285754839,758.2862116317202,0.0,-5.679316067136557,-0.07602385264413787,0.0
6585.0,-149.50473913223686,758.8247175182487,0.0,-5.760426634583872,-0.07521808573180383,0.0
6586.0,-148.61367655731897,759.290804295643,0.0,-5.839720623052753,-0.0733875086270292,0.0
6587.0,-147.68907328604777,759.6871951744397,0.0,-5.914009836850596,-0.07048508346679254,0.0
6588.0,-146.73624131863784,760.0172119530868,0.0,-5.9829953833773395,-0.06659454995312375,0.0
6589.0,-145.76049265530355,760.2841764300329,0.0,-6.046865465703045,-0.06214155869677385,0.0
6590.0,-144.76713929625956,760.4914104037264,0.0,-6.105945625081921,-0.057672245697778984,0.0
6591.0,-143.76149324172025,760.6422356726159,0.0,-6.160645755223527,-0.05338031163631099,0.0
6592.0,-142.7488664919002,760.7399740351499,0.0,-6.211420645840635,-0.04918936065036763,0.0
6593.0,-141.7345710470139,760.7879472897768,0.0,-6.258708433550825,-0.045019257591396446,0.0
6594.0,-140.72364080662277,760.789555130345,0.0,-6.30243346612143,-0.04080405176384229,0.0
6595.0,-139.71780306314187,760.749123424317,0.0,-6.341896117014859,-0.0364762880346052,0.0
6596.0,-138.71661629516987,760.6715855192817,0.0,-6.376615781170672,-0.031971058076767554,0.0
6597.0,-137.71960120460147,760.5618853440031,0.0,-6.406464915893844,-0.027263569713002967,0.0
6598.0,-136.7262784933313,760.4249668272447,0.0,-6.431383189105396,-0.022410694222030854,0.0
6599.0,-135.7361688632541,760.26577389777,0.0,-6.451351244443239,-0.017497312022184946,0.0
6600.0,-134.7487930162645,760.0892504843425,0.0,-6.466372648022967,-0.012565727324393096,0.0
6601.0,-133.76367165425717,759.9003405157259,0.0,-6.47645922763133,-0.007626217796462522,0.0
6602.0,-132.78032547912676,759.7039879206836,0.0,-6.481620074613391,-0.002679537194973807,0.0
6603.0,-131.79827519276793,759.5051366279796,0.0,-6.4818541918827295,0.002278427918766582,0.0
6604.0,-130.81704149707542,759.308730566377,0.0,-6.47714668772329,0.007175725644597769,0.0
6605.0,-129.83614509394386,759.1197136646396,0.0,-6.467468466426425,0.011718012679593808,0.0
6606.0,-128.8551066852679,758.943029851531,0.0,-6.452779487851843,0.015523741727325416,0.0
6607.0,-127.87344697294223,758.7836230558146,0.0,-6.43304641375163,0.018411133209853957,0.0
6608.0,-126.89068764756355,758.6464160232307,0.0,-6.4093253028782975,0.020355518229740164,0.0
6609.0,-125.90645073652247,758.5341817753044,0.0,-6.3847018218521105,0.021347562713984494,0.0
6610.0,-124.92054353443191,758.4457239678072,0.0,-6.3614400604614545,0.02137914158636064,0.0
6611.0,-123.93279334040136,758.3794176584956,0.0,-6.33980495420661,0.020521718161999592,0.0
6612.0,-122.94302745354027,758.3336379051261,0.0,-6.319832944726743,0.01907062555126287,0.0
6613.0,-121.95107317295815,758.3067597654548,0.0,-6.301549131555742,0.01740836868970184,0.0
6614.0,-120.95675779776447,758.2971582972383,0.0,-6.284968787838682,0.015716673135364175,0.0
6615.0,-119.95990862706873,758.3032085582329,0.0,-6.270098874523251,0.014018686450481368,0.0
6616.0,-118.96035295998038,758.3232856061948,0.0,-6.256939492489477,0.012320825767360979,0.0
6617.0,-117.95791809560893,758.3557644988807,0.0,-6.2454852281682625,0.010628281229305701,0.0
6618.0,-116.95243133306387,758.3990202940469,0.0,-6.235726362604703,0.00895310184227238,0.0
6619.0,-115.94371997145466,758.4514280494494,0.0,-6.22764992602191,0.007468990945892707,0.0
6620.0,-114.93161130989081,758.5113628228452,0.0,-6.221240589517521,0.006635627679263274,0.0
6621.0,-113.91593264748178,758.5771996719902,0.0,-6.216481392666624,0.006898662508037834,0.0
6622.0,-112.89651128333705,758.6473136546409,0.0,-6.213242843903497,0.00842472688100201,0.0
6623.0,-111.87327414834367,758.7203016643659,0.0,-6.209229649866733,0.011248729488930551,0.0
6624.0,-110.84808939731141,758.7990828400671,0.0,-6.20029628328132,0.015411548456096187,0.0
6625.0,-109.82458969270898,758.8905050971799,0.0,-6.184334032379116,0.020951640808134782,0.0
6626.0,-108.80647188456449,759.001559268387,0.0,-6.161096079913469,0.027741899689941323,0.0
6627.0,-107.79743282290607,759.1392361863711,0.0,-6.130312222780934,0.03535326538237728,0.0
6628.0,-106.80116935776185,759.3105266838147,0.0,-6.091648081017864,0.04333748871391542,0.0
6629.0,-105.82137833915993,759.5224215934006,0.0,-6.0447531842383695,0.051337912859300144,0.0
6630.0,-104.86175661712849,759.7819117478114,0.0,-5.989332713872682,0.05870408670528291,0.0
6631.0,-103.9260010416956,760.0959879797297,0.0,-5.9252475039220895,0.06466788480898636,0.0
6632.0,-103.01780846288942,760.4716411218383,0.0,-5.852657969743531,0.06888363994455114,0.0
6633.0,-102.14087005654976,760.915826221963,0.0,-5.774041362518853,0.07132522152725868,0.0
6634.0,-101.29825223623995,761.4315581998674,0.0,-5.69550972630159,0.07202336509395028,0.0
6635.0,-100.49183993704787,762.014400858831,0.0,-5.621100190171399,0.07104916823987933,0.0
6636.0,-99.72338669866978,762.6590893434758,0.0,-5.550930115861118,0.06866475425356924,0.0
6637.0,-98.99464606080205,763.3603587984238,0.0,-5.484602680868312,0.06555921855079509,0.0
6638.0,-98.30737156314093,764.1129443682968,0.0,-5.421650425611156,0.06253406502666836,0.0
6639.0,-97.66331674538273,764.9115811977166,0.0,-5.361566692696154,0.05997788337057937,0.0
6640.0,-97.06423514722374,765.751004431305,0.0,-5.30382608001626,0.05799497675642604,0.0
6641.0,-96.51188030836028,766.6259492136842,0.0,-5.247895949093051,0.05664666490807978,0.0
6642.0,-96.00800576848863,767.5311506894758,0.0,-5.193237057006581,0.05594434926199224,0.0
6643.0,-95.5543689879271,768.4613546950826,0.0,-5.139102881837825,0.055869918502258954,0.0
6644.0,-95.15293537367711,769.4118741504923,0.0,-5.08450024030164,0.056400395481040935,0.0
6645.0,-94.80597786674339,770.378860640116,0.0,-5.02869955746471,0.05750926956229175,0.0
6646.0,-94.5157942072228,771.3585333770368,0.0,-4.9712966711747075,0.059150286350344576,0.0
6647.0,-94.28468213521222,772.3471115743381,0.0,-4.911917242506081,0.06120715082040316,0.0
6648.0,-94.11493939080854,773.3408144451029,0.0,-4.850199249868657,0.06331395835608566,0.0
6649.0,-94.00886371410863,774.3358612024144,0.0,-4.78580398235889,0.06484785139075053,0.0
6650.0,-93.96875284520938,775.3284710593562,0.0,-4.718431947580692,0.06532657946486703,0.0
6651.0,-93.99690452420768,776.314863229011,0.0,-4.648271063073129,0.06456800985799392,0.0
6652.0,-94.09480395327911,777.2917027025891,0.0,-4.578533317708022,0.06250626897810031,0.0
6653.0,-94.25864415725862,778.2585578888992,0.0,-4.5135929914608885,0.05910454172039589,0.0
6654.0,-94.48249902901162,779.2161598042482,0.0,-4.455048809711761,0.05437878236496869,0.0
6655.0,-94.76043682877494,780.16524255514,0.0,-4.403115544651062,0.048603188808537895,0.0
6656.0,-95.08652581678537,781.1065402480788,0.0,-4.357799921883081,0.04235246800060053,0.0
6657.0,-95.45483425327966,782.0407869895687,0.0,-4.318972423970958,0.03608329868172242,0.0
6658.0,-95.85943039849465,782.9687168861138,0.0,-4.286427633573301,0.029949537863462248,0.0
6659.0,-96.29438251266713,783.8910640442183,0.0,-4.259932103888319,0.02402208029463569,0.0
6660.0,-96.75375885603388,784.8085625703862,0.0,-4.239259653272184,0.018503579085573336,0.0
6661.0,-97.23162768883171,785.7219465711217,0.0,-4.224215966356352,0.013689380149653438,0.0
6662.0,-97.72205727129739,786.631950152929,0.0,-4.214654857917999,0.009726571881857994,0.0
6663.0,-98.21911613575989,787.5393073897695,0.0,-4.209951484491244,0.006608270000213562,0.0
6664.0,-98.7180625462033,788.4446100623998,0.0,-4.207770754164769,0.004304415236141969,0.0
6665.0,-99.21807250173565,789.3479813861763,0.0,-4.2059779812843425,0.0027906626792993773,0.0
6666.0,-99.71912724812763,790.2494482680758,0.0,-4.204209749831266,0.002011915741493604,0.0
6667.0,-100.22120803114998,791.1490376150748,0.0,-4.202466227326247,0.0017567276867210984,0.0
6668.0,-100.72429609657345,792.0467763341497,0.0,-4.200747578996301,0.0017058062390799783,0.0
6669.0,-101.22837269016871,792.9426913322773,0.0,-4.199053967767859,0.001680693446375273,0.0
6670.0,-101.73341905770653,793.8368095164337,0.0,-4.197385554260474,0.0016554212008533956,0.0
6671.0,-102.23941644495761,794.7291577935957,0.0,-4.195742496781444,0.0016299918162074561,0.0
6672.0,-102.74634609769265,795.6197630707399,0.0,-4.194124951320548,0.0016044076108799083,0.0
6673.0,-103.25418926168243,796.5086522548426,0.0,-4.192533071545807,0.0015786709074732436,0.0
6674.0,-103.76292718269761,797.3958522528802,0.0,-4.190967008799759,0.0015527840322212708,0.0
6675.0,-104.27254110650895,798.2813899718296,0.0,-4.189426912095885,0.0015267493144567798,0.0
6676.0,-104.78301227888716,799.1652923186671,0.0,-4.187912928115956,0.0015005690861097216,0.0
6677.0,-105.29432194560295,800.0475862003692,0.0,-4.186425201207751,0.0014742456812480193,0.0
6678.0,-105.80645135242706,800.9282985239125,0.0,-4.184963873383069,0.0014477814356048668,0.0
6679.0,-106.31938174513022,801.8074561962735,0.0,-4.183529084316528,0.0014211786861627446,0.0
6680.0,-106.83309436948312,802.6850861244288,0.0,-4.182120971344291,0.0013944397707460635,0.0
6681.0,-107.34757047125652,803.5612152153547,0.0,-4.180739669463803,0.0013675670276266213,0.0
6682.0,-107.86279129622109,804.4358703760279,0.0,-4.179385311333373,0.001340562795180768,0.0
6683.0,-108.37873809014762,805.3090785134249,0.0,-4.17805802727219,0.0013134294115371146,0.0
6684.0,-108.89539209880677,806.1808665345221,0.0,-4.176757945261072,0.001286169214273285,0.0
6685.0,-109.4127345679693,807.0512613462962,0.0,-4.175485190942974,0.0012587845401451478,0.0
6686.0,-109.9307467434059,807.9202898557236,0.0,-4.174239887624092,0.0012312777247826137,0.0
6687.0,-110.44940987088734,808.7879789697807,0.0,-4.1730221562752075,0.0012036511024731131,0.0
6688.0,-110.9687051961843,809.6543555954444,0.0,-4.17183211553306,0.0011759070059516675,0.0
6689.0,-111.48861396506751,810.5194466396908,0.0,-4.170669881702084,0.001148047766183348,0.0
6690.0,-112.0091174233077,811.3832790094966,0.0,-4.1695355687565225,0.0011200757122113356,0.0
6691.0,-112.53019681667558,812.2458796118385,0.0,-4.168429288342116,0.0010919931709898784,0.0
6692.0,-113.0518333909419,813.1072753536927,0.0,-4.167351149778607,0.001063802467265784,0.0
6693.0,-113.57400839187736,813.967493142036,0.0,-4.166301260061892,0.0010355059234928377,0.0
6694.0,-114.09670306525265,814.8265598838445,0.0,-4.1652797238664485,0.0010071058597295338,0.0
6695.0,-114.61989865683857,815.6845024860952,0.0,-4.16428664354796,0.0009786045935730972,0.0
6696.0,-115.14357641240579,816.5413478557645,0.0,-4.163322119145462,0.0009500044401311896,0.0
6697.0,-115.66771757772501,817.3971228998287,0.0,-4.162386248384244,0.0009213077120244454,0.0
6698.0,-116.192303398567,818.2518545252645,0.0,-4.161479126678181,0.0008925167193836181,0.0
6699.0,-116.71731512070248,819.1055696390482,0.0,-4.160600847132519,0.000863633769843616,0.0
6700.0,-117.24273398990216,819.9582951481567,0.0,-4.159751500546143,0.0008346611686177928,0.0
6701.0,-117.76854125193672,820.8100579595663,0.0,-4.158931175413855,0.0008056012185720463,0.0
6702.0,-118.29471815257693,821.6608849802534,0.0,-4.158139957929183,0.0007764562202908617,0.0
6703.0,-118.82124593759352,822.5108031171947,0.0,-4.157377931986429,0.0007472284722059694,0.0
6704.0,-119.34810585275719,823.3598392773667,0.0,-4.156645179182629,0.0007179202706851001,0.0
6705.0,-119.87527914383865,824.2080203677459,0.0,-4.155941778819788,0.0006885339101918574,0.0
6706.0,-120.40274705660865,825.0553732953088,0.0,-4.15526780790684,0.0006590716834809892,0.0
6707.0,-120.93049083683788,825.901924967032,0.0,-4.154623341160939,0.0006295358817161985,0.0
6708.0,-121.4584917302971,826.7477022898917,0.0,-4.154008451009468,0.0005999287946862251,0.0
6709.0,-121.98673098275701,827.592732170865,0.0,-4.153423207590884,0.0005702527110434476,0.0
6710.0,-122.51518983998832,828.4370415169278,0.0,-4.152867678755994,0.000540509918499537,0.0
6711.0,-123.04384954776177,829.280657235057,0.0,-4.152341930069037,0.0005107027040853751,0.0
6712.0,-123.57269135184809,830.123606232229,0.0,-4.151846024807773,0.0004808333543903563,0.0
6713.0,-124.10169649801799,830.9659154154203,0.0,-4.151380023964247,0.00045090415583074313,0.0
6714.0,-124.63084623204219,831.8076116916077,0.0,-4.150943986244538,0.00042091739497924455,0.0
6715.0,-125.1601217996914,832.6487219677673,0.0,-4.150537968068673,0.0003908753588122466,0.0
6716.0,-125.68950444673636,833.4892731508758,0.0,-4.150162023570214,0.0003607803350272728,0.0
6717.0,-126.21897541894778,834.3292921479098,0.0,-4.149816204595034,0.00033063461239159404,0.0
6718.0,-126.7485159620964,835.1688058658457,0.0,-4.149500560700288,0.00030044048104642987,0.0
6719.0,-127.27810732195293,836.0078412116599,0.0,-4.14921513915315,0.0002702002328770651,0.0
6720.0,-127.80773074428812,836.8464250923292,0.0,-4.148959984928488,0.0002399161618476293,0.0
6721.0,-128.33736747487262,837.6845844148299,0.0,-4.148735140706815,0.00020959056435973113,0.0
6722.0,-128.8669987594772,838.5223460861388,0.0,-4.148540646871746,0.0001792257396433199,0.0
6723.0,-129.3966058438726,839.3597370132321,0.0,-4.148376541506862,0.0001488239901174764,0.0
6724.0,-129.92616997382953,840.1967841030865,0.0,-4.148242860392519,0.00011838762179389964,0.0
6725.0,-130.45567239511868,841.0335142626786,0.0,-4.1481396370017665,8.79189446496247e-05,0.0
6726.0,-130.98509435351082,841.8699543989845,0.0,-4.148066902496665,5.7420273026893244e-05,0.0
6727.0,-131.5144170947766,842.7061314189813,0.0,-4.148024685723328,2.6893926070708265e-05,0.0
6728.0,-132.04362186468683,843.5420722296451,0.0,-4.14801301320686,-3.6577719088524757e-06,0.0
6729.0,-132.57268990901218,844.3778037379524,0.0,-4.1480319091466065,-3.423249100720227e-05,0.0
6730.0,-133.10160247352334,845.21335285088,0.0,-4.148081395409625,-6.482789528553365e-05,0.0
6731.0,-133.63034080399112,846.0487464754043,0.0,-4.148161491524766,-9.544164241040827e-05,0.0
6732.0,-134.15888614618618,846.8840115185018,0.0,-4.148272214676243,-0.000126071383187273,0.0
6733.0,-134.6872197458793,847.719174887149,0.0,-4.148413579696289,-0.00015671476114618798,0.0
6734.0,-135.2153228488411,848.5542634883226,0.0,-4.148585599057702,-0.00018736941217354996,0.0
6735.0,-135.74317670084235,849.3893042289986,0.0,-4.148788282866232,-0.00021803296403361775,0.0
6736.0,-136.27076254765382,850.2243240161544,0.0,-4.149021638851856,-0.0002487030359777138,0.0
6737.0,-136.79806163504622,851.0593497567655,0.0,-4.149285672360422,-0.00027937723834930186,0.0
6738.0,-137.3250552087902,851.8944083578092,0.0,-4.1495803863443985,-0.0003100531721414842,0.0
6739.0,-137.85172451465655,852.7295267262616,0.0,-4.149905781353081,-0.0003407284286070908,0.0
6740.0,-138.37805079841596,853.5647317690994,0.0,-4.150261855523139,-0.0003714005888746692,0.0
6741.0,-138.90401530583918,854.4000503932991,0.0,-4.150648604567742,-0.0004020672235374485,0.0
6742.0,-139.42959928269693,855.2355095058373,0.0,-4.151066021766173,-0.0004327258922558157,0.0
6743.0,-139.95478397475983,856.0711360136904,0.0,-4.151514097952415,-0.00046337414339252844,0.0
6744.0,-140.47955062779877,856.9069568238347,0.0,-4.151992821504109,-0.0004940095136397434,0.0
6745.0,-141.00388048758435,857.7429988432472,0.0,-4.152502178330236,-0.0005246295276440778,0.0
6746.0,-141.5277547998874,858.5792889789041,0.0,-4.153042151858825,-0.0005552316976784282,0.0
6747.0,-142.05115481047847,859.4158541377818,0.0,-4.1536127230248905,-0.0005858135232759767,0.0
6748.0,-142.57406176512845,860.2527212268573,0.0,-4.154213870256947,-0.0006163724908695275,0.0
6749.0,-143.096456909608,861.0899171531067,0.0,-4.154845569463985,-0.0006469060735435152,0.0
6750.0,-143.61832148968782,861.9274688235065,0.0,-4.155507794022101,-0.000677411730686853,0.0
6751.0,-144.13963675113865,862.7654031450336,0.0,-4.156200514760287,-0.0007078869076809927,0.0
6752.0,-144.6603839397312,863.6037470246642,0.0,-4.156923699946232,-0.0007383290356793383,0.0
6753.0,-145.1805443012362,864.4425273693748,0.0,-4.157677315272439,-0.0007687355312831251,0.0
6754.0,-145.70009908142444,865.2817710861424,0.0,-4.158461323840893,-0.0007991037963073211,0.0
6755.0,-146.21902952606652,866.1215050819427,0.0,-4.1592756861484785,-0.0008294312176022928,0.0
6756.0,-146.73731688093324,866.9617562637528,0.0,-4.160120360071964,-0.0008597151667918571,0.0
6757.0,-147.2549423917953,867.8025515385493,0.0,-4.160995300852085,-0.0008899519255078607,0.0
6758.0,-147.77188730442342,868.6439178133083,0.0,-4.161900461078605,-0.0009197565666488089,0.0
6759.0,-148.28813286458833,869.4858819950067,0.0,-4.162835790674346,-0.0009474274420387475,0.0
6760.0,-148.80366031806074,870.3284709906205,0.0,-4.163801236879411,-0.0009705668107649374,0.0
6761.0,-149.3184509106114,871.1717117071267,0.0,-4.164796729191031,-0.0009879575689532491,0.0
6762.0,-149.8324859078553,872.0156310269427,0.0,-4.1658168727314235,-0.0009994654199963877,0.0
6763.0,-150.34575359899958,872.860247140143,0.0,-4.166843157677562,-0.0010050989335953656,0.0
6764.0,-150.85825962498234,873.7055567624352,0.0,-4.167860438597197,-0.0010048681432372395,0.0
6765.0,-151.3700122593526,874.5515533514291,0.0,-4.168866729298839,-0.0009991646665812631,0.0
6766.0,-151.88101977565938,875.3982303647335,0.0,-4.169862038334061,-0.000989697219433935,0.0
6767.0,-152.39129044745167,876.2455812599582,0.0,-4.17084637429003,-0.000978870989103875,0.0
6768.0,-152.90083254827843,877.093599494712,0.0,-4.171819745785733,-0.0009679109063541905,0.0
6769.0,-153.40965435168872,877.9422785266042,0.0,-4.172782161468859,-0.0009569594769265649,0.0
6770.0,-153.9177641312315,878.7916118132442,0.0,-4.173733630012201,-0.0009460167242859743,0.0
6771.0,-154.42517016045576,879.6415928122415,0.0,-4.174674160110012,-0.0009350826685326576,0.0
6772.0,-154.93188071291053,880.4922149812048,0.0,-4.175603760474982,-0.0009241573264428457,0.0
6773.0,-155.43790406214475,881.3434717777438,0.0,-4.17652243983489,-0.0009132407115053681,0.0
6774.0,-155.94324848170749,882.1953566594676,0.0,-4.1774302069292055,-0.0009023328340031102,0.0
6775.0,-156.44792224514774,883.0478630839857,0.0,-4.178327070506015,-0.0008914337010472727,0.0
6776.0,-156.95193362601447,883.9009845089071,0.0,-4.179213039318777,-0.000880543316600527,0.0
6777.0,-157.45529089785666,884.754714391841,0.0,-4.180088122123358,-0.0008696616815557461,0.0
6778.0,-157.95800233422332,885.6090461903968,0.0,-4.180952327674898,-0.0008587887937901836,0.0
6779.0,-158.4600762086635,886.463973362184,0.0,-4.181805664724758,-0.0008479246481831102,0.0
6780.0,-158.9615207947261,887.3194893648115,0.0,-4.182648142017522,-0.0008370692366742434,0.0
6781.0,-159.46234436596026,888.1755876558886,0.0,-4.183479768288354,-0.0008262225483223036,0.0
6782.0,-159.96255519591486,889.0322616930248,0.0,-4.184300552259929,-0.0008153845693482811,0.0
6783.0,-160.46216155813894,889.8895049338294,0.0,-4.185110502639427,-0.0008045552831800354,0.0
6784.0,-160.96117172618148,890.7473108359112,0.0,-4.185909628116148,-0.0007937346704840158,0.0
6785.0,-161.4595939735915,891.6056728568799,0.0,-4.186697937358621,-0.0007829227092268631,0.0
6786.0,-161.957436573918,892.4645844543445,0.0,-4.187475439011911,-0.0007721193747338389,0.0
6787.0,-162.4547078007099,893.3240390859146,0.0,-4.1882421416948885,-0.0007613246397091901,0.0
6788.0,-162.95141592751634,894.1840302091991,0.0,-4.188998053997763,-0.0007505384742852529,0.0
6789.0,-163.4475692278862,895.0445512818075,0.0,-4.1897431844796955,-0.0007397608460821507,0.0
6790.0,-163.94317597536852,895.905595761349,0.0,-4.190477541665934,-0.0007289917202466205,0.0
6791.0,-164.43824444351233,896.767157105433,0.0,-4.19120113404557,-0.0007182310594915363,0.0
6792.0,-164.9327829058666,897.6292287716684,0.0,-4.1919139700691925,-0.0007074788241318812,0.0
6793.0,-165.4267996359803,898.4918042176647,0.0,-4.1926160581464895,-0.0006967349721451426,0.0
6794.0,-165.92030290740246,899.3548769010313,0.0,-4.193307406643763,-0.0006859994592299324,0.0
6795.0,-166.4133009936821,900.2184402793773,0.0,-4.19398802388177,-0.0006752722388109357,0.0
6796.0,-166.90580216836813,901.0824878103119,0.0,-4.194657918133535,-0.0006645532620760239,0.0
6797.0,-167.39781470500964,901.9470129514444,0.0,-4.195317097622127,-0.0006538424780652617,0.0
6798.0,-167.88934687715562,902.8120091603842,0.0,-4.195965570518596,-0.0006431398337050404,0.0
6799.0,-168.38040695835502,903.6774698947406,0.0,-4.196603344939519,-0.0006324452738221607,0.0
6800.0,-168.87100322215687,904.5433886121227,0.0,-4.197230428945227,-0.0006217587411892568,0.0
6801.0,-169.36114394211017,905.4097587701398,0.0,-4.197846830537939,-0.0006110801765641304,0.0
6802.0,-169.85083739176392,906.2765738264011,0.0,-4.198452557659465,-0.0006004095187711452,0.0
6803.0,-170.34009184466709,907.143827238516,0.0,-4.199047618189351,-0.0005897467047250185,0.0
6804.0,-170.8289155743687,908.0115124640938,0.0,-4.19963201994296,-0.0005790916694199082,0.0
6805.0,-171.31731685441773,908.8796229607436,0.0,-4.20020577066966,-0.0005684443460242581,0.0
6806.0,-171.8053039583632,909.7481521860745,0.0,-4.200768878051251,-0.0005578046659148024,0.0
6807.0,-172.2928851597541,910.6170935976965,0.0,-4.201321349699645,-0.0005471725587021327,0.0
6808.0,-172.78006873213945,911.4864406532181,0.0,-4.2018631931554,-0.0005365479522895709,0.0
6809.0,-173.2668629490682,912.3561868102488,0.0,-4.202394415886344,-0.0005259307728802755,0.0
6810.0,-173.7532760840894,913.2263255263981,0.0,-4.202915025285279,-0.0005153209450357973,0.0
6811.0,-174.23931641075202,914.0968502592749,0.0,-4.203425028668862,-0.0005047183917315908,0.0
6812.0,-174.72499220260502,914.9677544664887,0.0,-4.203924433275812,-0.0004941230343636122,0.0
6813.0,-175.2103117331975,915.8390316056486,0.0,-4.204413246265423,-0.0004835347928058604,0.0
6814.0,-175.69528327607836,916.7106751343642,0.0,-4.204891474715975,-0.00047295358545643547,0.0
6815.0,-176.1799151047967,917.5826785102445,0.0,-4.205359125623312,-0.0004623793292377927,0.0
6816.0,-176.66421549290138,918.4550351908987,0.0,-4.205816205899522,-0.00045181193965942204,0.0
6817.0,-177.1481927139415,919.3277386339361,0.0,-4.206262722371383,-0.0004412513308804021,0.0
6818.0,-177.63185504146603,920.200782296966,0.0,-4.206698681779148,-0.0004306974157102873,0.0
6819.0,-178.11521074902396,921.0741596375981,0.0,-4.2071240907748555,-0.00042015010564159074,0.0
6820.0,-178.59826811016433,921.9478641134409,0.0,-4.207538955921612,-0.0004096093109117023,0.0
6821.0,-179.08103539843606,922.8218891821041,0.0,-4.207943283692112,-0.000399074940524586,0.0
6822.0,-179.5635208873882,923.6962283011969,0.0,-4.208337080467119,-0.0003885469022956326,0.0
6823.0,-180.04573285056978,924.5708749283286,0.0,-4.208720352534697,-0.00037802510288585466,0.0
6824.0,-180.52767956152977,925.4458225211084,0.0,-4.209093106088972,-0.0003675094478156536,0.0
6825.0,-181.00936929381712,926.3210645371456,0.0,-4.209455347228904,-0.00035699984152946584,0.0
6826.0,-181.49081032098087,927.1965944340495,0.0,-4.209807081957239,-0.0003464961874285625,0.0
6827.0,-181.97201091657,928.0724056694293,0.0,-4.21014831617963,-0.0003359983878820242,0.0
6828.0,-182.45297935413356,928.9484917008942,0.0,-4.210479055703512,-0.00032550634427451285,0.0
6829.0,-182.93372390722053,929.8248459860537,0.0,-4.210799306237131,-0.0003150199570499192,0.0
6830.0,-183.41425284937984,930.7014619825168,0.0,-4.211109073388685,-0.00030453912574777774,0.0
6831.0,-183.89457445416056,931.578333147893,0.0,-4.211408362665332,-0.00029406374902160186,0.0
6832.0,-184.3746969951117,932.4554529397915,0.0,-4.211697179472386,-0.000283593724661278,0.0
6833.0,-184.85462874578215,933.3328148158214,0.0,-4.211975529112455,-0.00027312894965549257,0.0
6834.0,-185.33437797972104,934.2104122335919,0.0,-4.212243416784883,-0.00026266932022459395,0.0
6835.0,-185.8139529704773,935.0882386507128,0.0,-4.212500847584562,-0.00025221473183968863,0.0
6836.0,-186.29336199159994,935.966287524793,0.0,-4.21274782650134,-0.00024176507925759743,0.0
6837.0,-186.77261331663792,936.8445523134416,0.0,-4.212984358419654,-0.0002313202565451533,0.0
6838.0,-187.25171521914032,937.7230264742681,0.0,-4.213210448117508,-0.0002208801571298277,0.0
6839.0,-187.7306759726561,938.6017034648817,0.0,-4.213426100265966,-0.0002104446738337984,0.0
6840.0,-188.20950385073422,939.4805767428917,0.0,-4.213631319428481,-0.000200013698889239,0.0
6841.0,-188.68820712692371,940.3596397659072,0.0,-4.213826110060489,-0.00018958712398602678,0.0
6842.0,-189.1667940747736,941.2388859915378,0.0,-4.214010476508774,-0.00017916484028690505,0.0
6843.0,-189.64527296783285,942.1183088773927,0.0,-4.214184423010801,-0.00016874673847303405,0.0
6844.0,-190.12365207965044,942.9979018810807,0.0,-4.2143479536946415,-0.00015833270878110435,0.0
6845.0,-190.60193968377544,943.8776584602116,0.0,-4.214501072578324,-0.0001479226410135505,0.0
6846.0,-191.08014405375675,944.7575720723945,0.0,-4.214643783569167,-0.00013751642460288084,0.0
6847.0,-191.55827346314345,945.6376361752385,0.0,-4.214776090463904,-0.0001271139486112968,0.0
6848.0,-192.0363361854845,946.5178442263532,0.0,-4.214897996948002,-0.00011671510176114452,0.0
6849.0,-192.5143404943289,947.3981896833475,0.0,-4.21500950659545,-0.00010631977250882433,0.0
6850.0,-192.9922946632257,948.278666003831,0.0,-4.215110622868565,-9.592784902912044e-05,0.0
6851.0,-193.47020696572378,949.1592666454127,0.0,-4.215201349117436,-8.553921925954658e-05,0.0
6852.0,-193.94808567537228,950.0399850657019,0.0,-4.215281688580186,-7.51537709552227e-05,0.0
6853.0,-194.42593906572006,950.920814722308,0.0,-4.215351644382428,-6.477139168513191e-05,0.0
6854.0,-194.9037754103162,951.8017490728403,0.0,-4.2154112195370494,-5.439196888642631e-05,0.0
6855.0,-195.38160298270975,952.6827815749078,0.0,-4.21546041694449,-4.4015389879335594e-05,0.0
6856.0,-195.85943005644958,953.5639056861199,0.0,-4.215499239392336,-3.364154189749208e-05,0.0
6857.0,-196.3372649050848,954.445114864086,0.0,-4.215527689555271,-2.3270312158604354e-05,0.0
6858.0,-196.8151158021643,955.3264025664153,0.0,-4.215545769995139,-1.2901587846186094e-05,0.0
6859.0,-197.2929910212372,956.2077622507171,0.0,-4.215553483160793,-2.5352561382950364e-06,0.0
6860.0,-197.7708988358524,957.0891873746003,0.0,-4.215550831388386,7.828795729723582e-06,0.0
6861.0,-198.24884751955898,957.9706713956747,0.0,-4.215537816901312,1.819068044607773e-05,0.0
6862.0,-198.72684534590584,958.8522077715493,0.0,-4.215514441810074,2.8550510576597073e-05,0.0
6863.0,-199.20490058844203,959.7337899598333,0.0,-4.215480708112688,3.890839857285349e-05,0.0
6864.0,-199.68302152071658,960.6154114181362,0.0,-4.215436617694703,4.926445674158231e-05,0.0
6865.0,-200.16121641627848,961.497065604067,0.0,-4.215382172329463,5.9618797162843044e-05,0.0
6866.0,-200.63949354867665,962.3787459752349,0.0,-4.215317373678397,6.997153169687107e-05,0.0
6867.0,-201.11786119146018,963.2604459892498,0.0,-4.215242223290762,8.03227719569247e-05,0.0
6868.0,-201.59632761817804,964.1421591037201,0.0,-4.215156722604554,9.067262926284618e-05,0.0
6869.0,-202.07490110237916,965.0238787762557,0.0,-4.215060872946552,0.00010102121463186264,0.0
6870.0,-202.55358991761267,965.9055984644657,0.0,-4.214954675532454,0.00011136863872478793,0.0
6871.0,-203.03240233742747,966.7873116259593,0.0,-4.21483813146754,0.00012171501182185145,0.0
6872.0,-203.51134663537258,967.6690117183456,0.0,-4.2147112417469454,0.0001320604438150852,0.0
6873.0,-203.990431084997,968.5506921992342,0.0,-4.2145740072560685,0.0001424050441416469,0.0
6874.0,-204.46966395984975,969.4323465262341,0.0,-4.214426428770944,0.00015274892177563615,0.0
6875.0,-204.9490535334798,970.3139681569548,0.0,-4.214268506958867,0.00016309218521350286,0.0
6876.0,-205.42860807943615,971.1955505490054,0.0,-4.214100242378828,0.00017343494241041566,0.0
6877.0,-205.90833587126784,972.0770871599951,0.0,-4.213921635482194,0.00018377730076141977,0.0
6878.0,-206.38824518252378,972.9585714475335,0.0,-4.213732686612941,0.00019411936707866163,0.0
6879.0,-206.86834428675306,973.8399968692295,0.0,-4.213533396008556,0.00020446124755655958,0.0
6880.0,-207.34864145750464,974.7213568826925,0.0,-4.213323763800712,0.00021480304775055103,0.0
6881.0,-207.8291449683275,975.6026449455318,0.0,-4.21310379001564,0.00022514487252982865,0.0
6882.0,-208.3098630927707,976.4838545153566,0.0,-4.212873474575069,0.00023548682605538976,0.0
6883.0,-208.79080410438317,977.3649790497763,0.0,-4.212632817296834,0.00024582901175751454,0.0
6884.0,-209.27197627671396,978.2460120064,0.0,-4.212381817895681,0.0002561715322823486,0.0
6885.0,-209.75338788331197,979.126946842837,0.0,-4.212120475984037,0.0002665144894895554,0.0
6886.0,-210.23504719772632,980.0077770166968,0.0,-4.2118487910726845,0.00027685798440790776,0.0
6887.0,-210.71696249350597,980.8884959855882,0.0,-4.211566762571978,0.00028720211719893536,0.0
6888.0,-211.1991420441999,981.7690972071208,0.0,-4.211274389792421,0.00029754698714829734,0.0
6889.0,-211.6815941233571,982.6495741389039,0.0,-4.210971671945434,0.0003078926925901599,0.0
6890.0,-212.16432700452663,983.5299202385465,0.0,-4.210658608144758,0.00031823933091392116,0.0
6891.0,-212.64734896125736,984.4101289636583,0.0,-4.210335197406971,0.00032858699856249833,0.0
6892.0,-213.13066826709843,985.2901937718481,0.0,-4.21000143865267,0.00033893579092593635,0.0
6893.0,-213.61429319559878,986.1701081207252,0.0,-4.209657330707789,0.0003492858023419159,0.0
6894.0,-214.09823202030736,987.0498654678993,0.0,-4.209302872304079,0.00035963712609461093,0.0
6895.0,-214.58249301477323,987.9294592709794,0.0,-4.2089380620804455,0.0003699898543423658,0.0
6896.0,-215.06708445254543,988.8088829875745,0.0,-4.2085628985844465,0.0003803440781166171,0.0
6897.0,-215.55201460717285,989.6881300752943,0.0,-4.208177380272959,0.000390699887276342,0.0
6898.0,-216.03729175220454,990.5671939917479,0.0,-4.207781505513446,0.00040105737045571994,0.0
6899.0,-216.52292416118948,991.4460681945445,0.0,-4.207375272585402,0.00041141661507155495,0.0
6900.0,-217.00892010767674,992.3247461412935,0.0,-4.206958679681424,0.00042177770727664613,0.0
6901.0,-217.4952878652152,993.203221289604,0.0,-4.206531724908575,0.00043214073190941547,0.0
6902.0,-217.982035707354,994.0814870970855,0.0,-4.206094406289569,0.0004425057724799508,0.0
6903.0,-218.469171907642,994.9595370213469,0.0,-4.205646721764321,0.0004528729111462785,0.0
6904.0,-218.95670473962826,995.8373645199978,0.0,-4.2051886691912115,0.00046324222867084283,0.0
6905.0,-219.44464247686182,996.7149630506473,0.0,-4.204720246348462,0.000473613804364995,0.0
6906.0,-219.9329933928916,997.5923260709047,0.0,-4.204241450935667,0.0004839877160890563,0.0
6907.0,-220.42176576126664,998.4694470383795,0.0,-4.203752280575111,0.0004943640402302409,0.0
6908.0,-220.91096785553592,999.3463194106805,0.0,-4.203252732813496,0.0005047428516255106,0.0
6909.0,-221.4006079492485,1000.2229366454172,0.0,-4.202742805123538,0.0005151242235533918,0.0
6910.0,-221.89069431595325,1001.0992922001991,0.0,-4.202222494905105,0.0005255082277014925,0.0
6911.0,-222.38123522919932,1001.9753795326351,0.0,-4.201691799487204,0.0005358949341265351,0.0
6912.0,-222.8722389625356,1002.8511921003345,0.0,-4.201150716129712,0.0005462844112480753,0.0
6913.0,-223.36371378951114,1003.7267233609068,0.0,-4.200599242024669,0.0005566767257729437,0.0
6914.0,-223.8556679836749,1004.6019667719611,0.0,-4.200037374298288,0.0005670719426640325,0.0
6915.0,-224.34810981857586,1005.4769157911068,0.0,-4.1994651100125475,0.0005774701251535547,0.0
6916.0,-224.84104756776313,1006.351563875953,0.0,-4.198882446167014,0.0005878713346738934,0.0
6917.0,-225.3344895047856,1007.225904484109,0.0,-4.1982893797008085,0.0005982756308064044,0.0
6918.0,-225.82844390319235,1008.0999310731843,0.0,-4.197685907494204,0.0006086830712805913,0.0
6919.0,-226.32291903653226,1008.9736371007878,0.0,-4.197072026370562,0.000619093711931156,0.0
6920.0,-226.81792317835445,1009.8470160245289,0.0,-4.196447733098385,0.0006295076066566984,0.0
6921.0,-227.31346460220786,1010.7200613020168,0.0,-4.195813024393283,0.0006399248073885032,0.0
6922.0,-227.80955158164147,1011.5927663908611,0.0,-4.195167896919624,0.000650345364050445,0.0
6923.0,-228.30619239020436,1012.4651247486707,0.0,-4.194512347292901,0.0006607693245312645,0.0
6924.0,-228.8033953014454,1013.3371298330551,0.0,-4.193846372081728,0.0006711967346504366,0.0
6925.0,-229.30116858891373,1014.2087751016234,0.0,-4.193169967809846,0.0006816276381121764,0.0
6926.0,-229.7995205261582,1015.080054011985,0.0,-4.192483130958214,0.0006920620764672464,0.0
6927.0,-230.29845938672798,1015.950960021749,0.0,-4.191785857967295,0.0007025000890996351,0.0
6928.0,-230.7979934441719,1016.8214865885247,0.0,-4.191078145239267,0.0007129417131844308,0.0
6929.0,-231.2981309720391,1017.6916271699215,0.0,-4.19035998914007,0.0007233869836269185,0.0
6930.0,-231.79888024387847,1018.5613752235486,0.0,-4.189631386001913,0.0007338359330363785,0.0
6931.0,-232.30024953323905,1019.4307242070153,0.0,-4.18889233212532,0.0007442885917193616,0.0
6932.0,-232.80224711366986,1020.2996675779308,0.0,-4.188142823781671,0.0007547449876262086,0.0
6933.0,-233.30488125871986,1021.1681987939043,0.0,-4.187382857215612,0.0007652051462839285,0.0
6934.0,-233.8081602419381,1022.0363113125452,0.0,-4.186612428647388,0.0007756690907783081,0.0
6935.0,-234.3120923368735,1022.9039985914628,0.0,-4.185831534275103,0.0007861368417511854,0.0
6936.0,-234.8166858170751,1023.7712540882662,0.0,-4.1850401702774676,0.0007966084173376409,0.0
6937.0,-235.32194895609194,1024.6380712605646,0.0,-4.184238332816541,0.0008070838331017326,0.0
6938.0,-235.82789002747296,1025.5044435659677,0.0,-4.183426018039796,0.0008175631020254569,0.0
6939.0,-236.33451730476716,1026.3703644620846,0.0,-4.182603222082679,0.0008280462344682095,0.0
6940.0,-236.84183906152356,1027.235827406524,0.0,-4.181769941071877,0.000838533238156255,0.0
6941.0,-237.3498635712912,1028.1008258568959,0.0,-4.180926171127698,0.0008490241181209334,0.0
6942.0,-237.85859910761897,1028.9653532708091,0.0,-4.180071908366436,0.0008595188766081308,0.0
6943.0,-238.36805394405593,1029.829403105873,0.0,-4.179207148903579,0.0008700175131138695,0.0
6944.0,-238.8782363541511,1030.6929688196974,0.0,-4.178331888856242,0.0008805200243607711,0.0
6945.0,-239.38915461145348,1031.5560438698906,0.0,-4.177446124346402,0.0008910264041817686,0.0
6946.0,-239.900816989512,1032.4186217140625,0.0,-4.176549851503559,0.0009015366435296863,0.0
6947.0,-240.41323176187572,1033.2806958098222,0.0,-4.175643066467403,0.0009120507304393653,0.0
6948.0,-240.92640720209366,1034.142259614779,0.0,-4.174725765391122,0.0009225686499522315,0.0
6949.0,-241.44035158371472,1035.0033065865418,0.0,-4.173797944444468,0.0009330903841542972,0.0
6950.0,-241.955073180288,1035.863830182721,0.0,-4.172859599816132,0.000943615912074845,0.0
6951.0,-242.4705802653624,1036.723823860924,0.0,-4.171910727717538,0.0009541452096161987,0.0
6952.0,-242.986881112487,1037.583281078762,0.0,-4.170951324385775,0.0009646782496050474,0.0
6953.0,-243.50398399521077,1038.4421952938433,0.0,-4.169981386086026,0.0009752150017039439,0.0
6954.0,-244.02189718708274,1039.300559963777,0.0,-4.169000909115888,0.0009857554323702594,0.0
6955.0,-244.5406289616519,1040.1583685461726,0.0,-4.16800988980801,0.000996299504843114,0.0
6956.0,-245.06018759246714,1041.0156144986395,0.0,-4.167008324533109,0.0010068471790271513,0.0
6957.0,-245.5805813530776,1041.8722912787869,0.0,-4.165996209703636,0.001017398411550463,0.0
6958.0,-246.1018185170322,1042.7283923442242,0.0,-4.164973541776851,0.0010279531557164337,0.0
6959.0,-246.62390735787997,1043.58391115256,0.0,-4.163940317258659,0.0010385113613906275,0.0
6960.0,-247.1468561491699,1044.4388411614043,0.0,-4.162896532706762,0.0010490729750281297,0.0
6961.0,-247.670673164451,1045.2931758283664,0.0,-4.1618421847334455,0.001059637939574769,0.0
6962.0,-248.19536667727223,1046.1469086110549,0.0,-4.160777270010422,0.0010702061944716235,0.0
6963.0,-248.7209449611826,1047.00003296708,0.0,-4.159701785271228,0.0010807776756549536,0.0
6964.0,-249.2474162897312,1047.85254235405,0.0,-4.158615727315123,0.0010913523154253263,0.0
6965.0,-249.77478893646688,1048.7044302295744,0.0,-4.157519093011317,0.0011019300424587794,0.0
6966.0,-250.30307117493876,1049.555690051263,0.0,-4.15641187930159,0.0011125107817752903,0.0
6967.0,-250.83227127869574,1050.4063152767244,0.0,-4.155294083204661,0.001123094454665693,0.0
6968.0,-251.36239752128688,1051.2562993635686,0.0,-4.154165701819592,0.001133680978675817,0.0
6969.0,-251.89345817626116,1052.1056357694042,0.0,-4.153026732329853,0.0011442702675747666,0.0
6970.0,-252.42546151716755,1052.954317951841,0.0,-4.151877172006943,0.0011548622313173646,0.0
6971.0,-252.95841581755514,1053.8023393684878,0.0,-4.150717018214088,0.001165456775956919,0.0
6972.0,-253.49232935097285,1054.6496934769536,0.0,-4.14954626841089,0.0011760538036477617,0.0
6973.0,-254.02721039096969,1055.496373734849,0.0,-4.14836492015597,0.0011866532126211405,0.0
6974.0,-254.56306721109468,1056.3423735997817,0.0,-4.147172971111838,0.0011529818075284937,0.0
6975.0,-255.09990808489673,1057.1876865293618,0.0,-4.145970419049018,0.0010742815657891797,0.0
6976.0,-255.63774128592502,1058.0323059811985,0.0,-4.144757261849358,0.0009935152721818647,0.0
6977.0,-256.1765750877284,1058.876225412901,0.0,-4.143533497510742,0.000954069504373521,0.0
6978.0,-256.7164177638559,1059.7194382820785,0.0,-4.14291894740489,0.0009543680462577189,0.0
