s_m,x_m,y_m,z_m,heading_rad,curvature_radpm,slope_pct
0.0,681.0245483066244,-137.61859081200143,0.0,-0.8852850419091128,0.0001300109353433562,0.0
1.0,681.6580003046131,-138.3931547485974,0.0,-0.8852013762214134,0.0001299091923220863,0.0
2.0,682.2915871440781,-139.16761908598846,0.0,-0.8850347334148025,0.00013532861933156026,0.0
3.0,682.9253076094177,-139.9419845079838,0.0,-0.8848694662658868,0.0001464057682848328,0.0
4.0,683.5591604850302,-140.7162516983924,0.0,-0.8847055746315149,0.00015717902070659453,0.0
5.0,684.1931445553142,-141.49042134102342,0.0,-0.8845430583700886,0.00016182892317891304,0.0
6.0,684.8272586046683,-142.26449411968588,0.0,-0.884381917341747,0.00016045375616076583,0.0
7.0,685.4615014174906,-143.03847071818893,0.0,-0.8842221514081905,0.00015907872673626142,0.0
8.0,686.0958717781796,-143.81235182034163,0.0,-0.8840637604324434,0.00015770383332958896,0.0
9.0,686.7303684711338,-144.58613810995308,0.0,-0.8839067442792677,0.00015632907435193206,0.0
10.0,687.3649902807517,-145.35983027083236,0.0,-0.8837511028151709,0.000154954448228471,0.0
11.0,687.9997359914314,-146.13342898678854,0.0,-0.8835968359079232,0.00015357995335640862,0.0
12.0,688.6346043875717,-146.90693494163074,0.0,-0.8834439434270661,0.0001522055881030826,0.0
13.0,689.2695942535707,-147.68034881916802,0.0,-0.8832924252438424,0.00015083135086888365,0.0
14.0,689.9047043738271,-148.4536713032095,0.0,-0.8831422812308964,0.00014945724003723976,0.0
15.0,690.5399335327394,-149.22690307756423,0.0,-0.8829935112627477,0.00014808325396009625,0.0
16.0,691.1752805147057,-150.0000448260413,0.0,-0.8828461152155203,0.00014670939100063545,0.0
17.0,691.8107441041245,-150.77309723244986,0.0,-0.882700092966754,0.00014533564950390342,0.0
18.0,692.4463230853944,-151.54606098059892,0.0,-0.8825554443958187,0.00014396202781071944,0.0
19.0,693.0820162429136,-152.31893675429762,0.0,-0.8824121693837292,0.00014258852426921438,0.0
20.0,693.7178223610807,-153.09172523735498,0.0,-0.8822702678131704,0.0001412151372063773,0.0
21.0,694.353740224294,-153.86442711358015,0.0,-0.8821297395685138,0.00013984186492372555,0.0
22.0,694.9897686169521,-154.6370430667822,0.0,-0.8819905845357803,0.00013846870572965203,0.0
23.0,695.6259063234533,-155.40957378077027,0.0,-0.8818528026027187,0.00013709565794931385,0.0
24.0,696.2621521281959,-156.18201993935332,0.0,-0.8817163936586663,0.00013572271987222215,0.0
25.0,696.8985048155787,-156.95438222634058,0.0,-0.8815813575949742,0.00013434988977601662,0.0
26.0,697.5349631699995,-157.72666132554102,0.0,-0.8814476943043585,0.00013297716595070793,0.0
27.0,698.1715259758573,-158.4988579207638,0.0,-0.8813154036812507,0.00013160454665659245,0.0
28.0,698.8081920175505,-159.27097269581802,0.0,-0.8811844856222224,0.00013023203016817743,0.0
29.0,699.4449600794771,-160.04300633451268,0.0,-0.8810549400252075,0.00012885961476014459,0.0
30.0,700.081828946036,-160.8149595206569,0.0,-0.8809267667899816,0.00012748729865991182,0.0
31.0,700.7187974016254,-161.58683293805984,0.0,-0.8807999658182111,0.00012611508011603885,0.0
32.0,701.3558642306435,-162.35862727053055,0.0,-0.880674537013075,0.00012474295738530903,0.0
33.0,701.993028217489,-163.13034320187805,0.0,-0.8805504802796158,0.00012337092868632983,0.0
34.0,702.6302881465604,-163.90198141591148,0.0,-0.8804277955247547,0.00012199899223758986,0.0
35.0,703.2676428022559,-164.67354259643997,0.0,-0.8803064826570939,0.0001206271462671176,0.0
36.0,703.905090968974,-165.4450274272726,0.0,-0.8801865415869417,0.00011925538898126848,0.0
37.0,704.5426314311134,-166.21643659221834,0.0,-0.8800679722266388,0.00011788371857374929,0.0
38.0,705.1802629730721,-166.98777077508643,0.0,-0.8799507744902276,0.00011651213325849667,0.0
39.0,705.8179843792486,-167.75903065968583,0.0,-0.8798349482933188,0.00011514063122207233,0.0
40.0,706.4557944340416,-168.53021692982574,0.0,-0.8797204935536342,0.0001137692106337502,0.0
41.0,707.0936919218493,-169.30133026931517,0.0,-0.8796074101907038,0.0001123978696984345,0.0
42.0,707.73167562707,-170.0723713619632,0.0,-0.8794956981255259,0.00011102660658515333,0.0
43.0,708.3697443341026,-170.843340891579,0.0,-0.8793853572814007,0.00010965541943745518,0.0
44.0,709.007896827345,-171.6142395419716,0.0,-0.8792763875833073,0.00010828430642967346,0.0
45.0,709.6461318911959,-172.38506799695008,0.0,-0.8791687889577811,0.00010691326571458739,0.0
46.0,710.2844483100537,-173.15582694032355,0.0,-0.8790625613335732,0.00010554229543718081,0.0
47.0,710.9228448683168,-173.92651705590106,0.0,-0.8789577046412554,0.0001041713937519855,0.0
48.0,711.5613203503835,-174.69713902749177,0.0,-0.8788542188130671,0.00010280055878401718,0.0
49.0,712.1998735406524,-175.4676935389047,0.0,-0.8787521037831583,0.0001014297886588863,0.0
50.0,712.8385032235219,-176.238181273949,0.0,-0.8786513594876477,0.0001000590815121795,0.0
51.0,713.4772081833904,-177.0086029164337,0.0,-0.8785519858645324,9.868843546010998e-05,0.0
52.0,714.1159872046562,-177.77895915016788,0.0,-0.8784539828535797,9.731784861268958e-05,0.0
53.0,714.754839071718,-178.54925065896066,0.0,-0.8783573503965502,9.594731908451377e-05,0.0
54.0,715.393762568974,-179.31947812662114,0.0,-0.878262088437108,9.45768449766095e-05,0.0
55.0,716.0327564808227,-180.08964223695838,0.0,-0.8781681969207731,9.320642438231941e-05,0.0
56.0,716.6718195916624,-180.8597436737815,0.0,-0.8780756757948747,9.18360553972938e-05,0.0
57.0,717.3109506858917,-181.62978312089956,0.0,-0.8779845250087481,9.046573611179838e-05,0.0
58.0,717.950148547909,-182.39976126212164,0.0,-0.8778947445137595,8.909546460601967e-05,0.0
59.0,718.5894119621126,-183.1696787812569,0.0,-0.8778063342630001,8.7725238952777e-05,0.0
60.0,719.2287397129011,-183.9395363621143,0.0,-0.8777192942115676,8.635505722801425e-05,0.0
61.0,719.8681305846728,-184.709334688503,0.0,-0.8776336243165254,8.498491749899964e-05,0.0
62.0,720.5075833618262,-185.47907444423208,0.0,-0.8775493245368714,8.361481782065418e-05,0.0
63.0,721.1470968287596,-186.24875631311068,0.0,-0.8774663948334375,8.224475626122941e-05,0.0
64.0,721.7866697698714,-187.0183809789478,0.0,-0.8773848351689931,8.087473087831087e-05,0.0
65.0,722.4263009695604,-187.78794912555256,0.0,-0.8773046455085285,7.95047397053764e-05,0.0
66.0,723.0659892122245,-188.55746143673406,0.0,-0.877225825818742,7.813478078985295e-05,0.0
67.0,723.7057332822625,-189.3269185963014,0.0,-0.8771483760681685,7.67648521800081e-05,0.0
68.0,724.3455319640727,-190.09632128806365,0.0,-0.8770722962276281,7.539495190789224e-05,0.0
69.0,724.9853840420536,-190.86567019582984,0.0,-0.8769975862698934,7.402507800163827e-05,0.0
70.0,725.6252883006033,-191.63496600340918,0.0,-0.8769242461693575,7.26552284808224e-05,0.0
71.0,726.2652435241207,-192.4042093946107,0.0,-0.876852275902553,7.128540136954108e-05,0.0
72.0,726.905248497004,-193.17340105324342,0.0,-0.8767816754482581,6.991559469480902e-05,0.0
73.0,727.5453020036516,-193.94254166311651,0.0,-0.8767124447869894,6.854580647710653e-05,0.0
74.0,728.1854028284619,-194.71163190803904,0.0,-0.8766445839011896,6.717603471385296e-05,0.0
75.0,728.8255497558334,-195.4806724718201,0.0,-0.8765780927754334,6.58062774019522e-05,0.0
76.0,729.4657415701645,-196.24966403826878,0.0,-0.8765129713963608,6.44365325639543e-05,0.0
77.0,730.1059770558534,-197.01860729119412,0.0,-0.8764492197522107,6.306679819408277e-05,0.0
78.0,730.746254997299,-197.78750291440525,0.0,-0.8763868378337059,6.169707228104171e-05,0.0
79.0,731.3865741788994,-198.5563515917113,0.0,-0.8763258256334779,6.0327352824233026e-05,0.0
80.0,732.0269333850531,-199.32515400692125,0.0,-0.8762661831458742,5.895763779519995e-05,0.0
81.0,732.6673314001586,-200.0939108438443,0.0,-0.8762079103675876,5.758792518638169e-05,0.0
82.0,733.3077670086141,-200.86262278628945,0.0,-0.8761510072971008,5.6218212991129436e-05,0.0
83.0,733.9482389948183,-201.63129051806584,0.0,-0.8760954739351541,5.4848499171375066e-05,0.0
84.0,734.5887461431693,-202.39991472298252,0.0,-0.8760413102842846,5.3478781709407185e-05,0.0
85.0,735.2292872380658,-203.1684960848486,0.0,-0.8759885163490226,5.21090585749768e-05,0.0
86.0,735.8698610639062,-203.9370352874732,0.0,-0.8759370921362853,5.0739327732981666e-05,0.0
87.0,736.5104664050888,-204.70553301466535,0.0,-0.8758870376546676,4.936958715200707e-05,0.0
88.0,737.151102046012,-205.47398995023414,0.0,-0.8758383529148626,4.799983478440525e-05,0.0
89.0,737.7917667710745,-206.24240677798872,0.0,-0.8757910379297762,4.663006860399539e-05,0.0
90.0,738.4324593646745,-207.01078418173813,0.0,-0.875745092714217,4.52602865631773e-05,0.0
91.0,739.0731786112104,-207.77912284529143,0.0,-0.8757005172850936,4.3890486604675995e-05,0.0
92.0,739.7139232950806,-208.54742345245774,0.0,-0.875657311661232,4.252066668573663e-05,0.0
93.0,740.3546922006838,-209.3156866870462,0.0,-0.8756154758636201,4.1150824750971596e-05,0.0
94.0,740.9954841124181,-210.08391323286583,0.0,-0.8755750099154483,3.9780958755143895e-05,0.0
95.0,741.636297814682,-210.8521037737257,0.0,-0.8755359138416163,3.841106663491197e-05,0.0
96.0,742.2771320918743,-211.62025899343493,0.0,-0.8754981876694221,3.7041146324214206e-05,0.0
97.0,742.9179857283928,-212.38837957580265,0.0,-0.8754618314280574,3.567119577641791e-05,0.0
98.0,743.5588575086363,-213.1564662046379,0.0,-0.8754268451486811,3.430121291481918e-05,0.0
99.0,744.199746217003,-213.92451956374973,0.0,-0.8753932288647557,3.293119566983542e-05,0.0
100.0,744.8406506378916,-214.6925403369473,0.0,-0.8753609826115574,3.156114198500053e-05,0.0
101.0,745.4815695557005,-215.46052920803967,0.0,-0.8753301064266412,3.019104978304757e-05,0.0
102.0,746.122501754828,-216.22848686083597,0.0,-0.875300600349616,2.8820916991182225e-05,0.0
103.0,746.7634460196725,-216.99641397914516,0.0,-0.8752724644220448,2.7450741531542807e-05,0.0
104.0,747.4044011346325,-217.76431124677646,0.0,-0.8752456986876448,2.608052132721924e-05,0.0
105.0,748.0453658841063,-218.5321793475389,0.0,-0.8752203031921311,2.471025430633711e-05,0.0
106.0,748.6863390524926,-219.3000189652416,0.0,-0.8751962779834291,2.333993838736305e-05,0.0
107.0,749.3273194241895,-220.06783078369358,0.0,-0.8751736231114423,2.196957148397389e-05,0.0
108.0,749.9683057835956,-220.835615486704,0.0,-0.8751523386281752,2.0599151514969334e-05,0.0
109.0,750.6092969151093,-221.60337375808191,0.0,-0.8751324245877933,1.9228676398229195e-05,0.0
110.0,751.2502916031291,-222.37110628163643,0.0,-0.8751138810464444,1.785814403705764e-05,0.0
111.0,751.8912886320533,-223.1388137411766,0.0,-0.8750967080624695,1.648755234827976e-05,0.0
112.0,752.5322867862802,-223.90649682051156,0.0,-0.8750809056960968,1.5116899246206802e-05,0.0
113.0,753.1732848502087,-224.67415620345037,0.0,-0.8750664740098882,1.37461826382904e-05,0.0
114.0,753.8142816082367,-225.44179257380208,0.0,-0.8750534130684644,1.2375400439476206e-05,0.0
115.0,754.4552758447628,-226.2094066153758,0.0,-0.8750417229382772,1.1004550540459426e-05,0.0
116.0,755.0962663441857,-226.9769990119807,0.0,-0.8750314036882444,9.633630846986715e-06,0.0
117.0,755.7372518909033,-227.74457044742576,0.0,-0.8750224553890572,8.262639283266157e-06,0.0
118.0,756.3782312693146,-228.51212160552012,0.0,-0.875014878113704,6.8915737459723e-06,0.0
119.0,757.0192032638175,-229.27965317007283,0.0,-0.8750086719372958,5.5204321337860255e-06,0.0
120.0,757.6601666588108,-230.04716582489303,0.0,-0.8750038369368314,4.149212350661774e-06,0.0
121.0,758.3011202386926,-230.81466025378978,0.0,-0.8750003731915555,2.777912293892649e-06,0.0
122.0,758.9420627878617,-231.58213714057217,0.0,-0.8749982807827424,1.406529870129347e-06,0.0
123.0,759.5829930907163,-232.34959716904928,0.0,-0.8749975597939061,3.5062976450855084e-08,0.0
124.0,760.2239099316548,-233.1170410230302,0.0,-0.8749982103104862,-1.3364904897783525e-06,0.0
125.0,760.8648120950759,-233.88446938632404,0.0,-0.8750002324201606,-2.708132623453961e-06,0.0
126.0,761.5056983653776,-234.65188294273983,0.0,-0.8750036262126575,-4.079865521945868e-06,0.0
127.0,762.1465675269586,-235.4192823760867,0.0,-0.8750083917797994,-5.451691295232929e-06,0.0
128.0,762.7874183642172,-236.1866683701738,0.0,-0.8750145292154444,-6.823612048615209e-06,0.0
129.0,763.4282496615518,-236.9540416088101,0.0,-0.8750220386155819,-8.195629869510246e-06,0.0
130.0,764.069060203361,-237.72140277580473,0.0,-0.8750309200783739,-9.567746866326729e-06,0.0
131.0,764.7098487740433,-238.4887525549668,0.0,-0.8750411737041517,-1.0939965140359981e-05,0.0
132.0,765.3506141579967,-239.25609163010537,0.0,-0.8750527995951757,-1.2312286790534214e-05,0.0
133.0,765.99135513962,-240.02342068502958,0.0,-0.8750657978558155,-1.3684713938247723e-05,0.0
134.0,766.6320705033115,-240.79074040354845,0.0,-0.8750801685927699,-1.5057248668610371e-05,0.0
135.0,767.2727590334695,-241.55805146947108,0.0,-0.8750959119144389,-1.64298930686987e-05,0.0
136.0,767.9134195144927,-242.3253545666066,0.0,-0.8751130279316549,-1.7802649262543824e-05,0.0
137.0,768.5540507307794,-243.0926503787641,0.0,-0.8751315167574364,-1.9175519341813846e-05,0.0
138.0,769.1946514667278,-243.8599395897526,0.0,-0.8751513785064498,-2.0548505403458363e-05,0.0
139.0,769.8352205067367,-244.6272228833812,0.0,-0.8751726132958394,-2.1921609562587054e-05,0.0
140.0,770.4757566352043,-245.3945009434591,0.0,-0.8751952212448274,-2.329483390135976e-05,0.0
141.0,771.1162586365291,-246.16177445379523,0.0,-0.8752192024745434,-2.4668180512435862e-05,0.0
142.0,771.7567252951094,-246.92904409819877,0.0,-0.8752445571083138,-2.6041651506833068e-05,0.0
143.0,772.3971553953438,-247.69631056047876,0.0,-0.8752712852716562,-2.7415248983213886e-05,0.0
144.0,773.0375477216305,-248.46357452444437,0.0,-0.8752993870920541,-2.8788975032580296e-05,0.0
145.0,773.6779010583682,-249.23083667390463,0.0,-0.8753288626990061,-3.016283174966145e-05,0.0
146.0,774.3182141899553,-249.9980976926686,0.0,-0.8753597122243787,-3.153682123077254e-05,0.0
147.0,774.95848590079,-250.7653582645454,0.0,-0.8753919358020531,-3.2910945561776774e-05,0.0
148.0,775.5987149752708,-251.53261907334414,0.0,-0.8754255335677739,-3.428520683803773e-05,0.0
149.0,776.2389001977963,-252.29988080287384,0.0,-0.8754605056595787,-3.5659607152500285e-05,0.0
150.0,776.8790403527646,-253.06714413694365,0.0,-0.8754968522176222,-3.703414859291503e-05,0.0
151.0,777.5191342245744,-253.83440975936267,0.0,-0.875534573383953,-3.8408833249443343e-05,0.0
152.0,778.159180597624,-254.60167835393992,0.0,-0.8755736693028398,-3.9783663198281586e-05,0.0
153.0,778.799178256312,-255.36895060448452,0.0,-0.8756141401206801,-4.115864052844919e-05,0.0
154.0,779.4391259850366,-256.13622719480554,0.0,-0.8756559859860525,-4.253376733452464e-05,0.0
155.0,780.0790225681963,-256.90350880871216,0.0,-0.8756992070492666,-4.3909045692363293e-05,0.0
156.0,780.7188667901895,-257.67079613001334,0.0,-0.8757438034628618,-4.5284477677043355e-05,0.0
157.0,781.3586574354148,-258.43808984251825,0.0,-0.8757897753817373,-4.6660065357275104e-05,0.0
158.0,781.9983932882702,-259.2053906300359,0.0,-0.8758371229625213,-4.803581081419539e-05,0.0
159.0,782.6380731331546,-259.97269917637556,0.0,-0.8758858463639646,-4.941171614327087e-05,0.0
160.0,783.2776957544662,-260.74001616534605,0.0,-0.8759359457470338,-5.0787783404123866e-05,0.0
161.0,783.9172599366035,-261.50734228075663,0.0,-0.8759874212747006,-5.216401465260193e-05,0.0
162.0,784.5567644639649,-262.27467820641635,0.0,-0.8760402731120173,-5.354041196620989e-05,0.0
163.0,785.1962081209488,-263.04202462613426,0.0,-0.876094501426117,-5.491697741658426e-05,0.0
164.0,785.8355896919536,-263.80938222371964,0.0,-0.8761501063861399,-5.6293713062903284e-05,0.0
165.0,786.4749079613777,-264.5767516829813,0.0,-0.8762070881632551,-5.7670620967437926e-05,0.0
166.0,787.1141617136195,-265.34413368772846,0.0,-0.8762654469307577,-5.9047703186900146e-05,0.0
167.0,787.7533497330777,-266.11152892177023,0.0,-0.8763251828640729,-6.042496177158637e-05,0.0
168.0,788.3924708041504,-266.87893806891566,0.0,-0.8763862961405422,-6.180239878585323e-05,0.0
169.0,789.0315237112363,-267.6463618129738,0.0,-0.8764487869397198,-6.318001627265384e-05,0.0
170.0,789.6705072387335,-268.41380083775385,0.0,-0.876512655443031,-6.455781627688418e-05,0.0
171.0,790.3094201710408,-269.1812558270648,0.0,-0.8765779018340281,-6.593580085914992e-05,0.0
172.0,790.9482612925561,-269.9487274647158,0.0,-0.8766445262983689,-6.73139720527135e-05,0.0
173.0,791.5870293876783,-270.71621643451584,0.0,-0.8767125290234611,-6.869233189071843e-05,0.0
174.0,792.2257232408058,-271.48372342027403,0.0,-0.8767819101992459,-7.007088241213686e-05,0.0
175.0,792.8643416363368,-272.2512491057996,0.0,-0.8768526700173973,-7.144962565338744e-05,0.0
176.0,793.5028833586699,-273.01879417490153,0.0,-0.8769248086716027,-7.28285636542195e-05,0.0
177.0,794.1413471922033,-273.7863593113889,0.0,-0.8769983263576182,-7.420769843423183e-05,0.0
178.0,794.7797319213357,-274.5539451990708,0.0,-0.8770732232732108,-7.558703201074721e-05,0.0
179.0,795.4180363304653,-275.32155252175625,0.0,-0.8771494996183336,-7.69665664036499e-05,0.0
180.0,796.0562592039906,-276.0891819632546,0.0,-0.8772271555946555,-7.83463036299297e-05,0.0
181.0,796.6943993263102,-276.8568342073746,0.0,-0.8773061914061308,-7.972624571424478e-05,0.0
182.0,797.3324554818222,-277.62450993792555,0.0,-0.8773866072586629,-8.110639465364848e-05,0.0
183.0,797.9704264549252,-278.39220983871655,0.0,-0.8774684033599882,-8.248675245819959e-05,0.0
184.0,798.6083110300177,-279.15993459355656,0.0,-0.8775515799200517,-8.386732114358728e-05,0.0
185.0,799.246107991498,-279.92768488625467,0.0,-0.8776361371507767,-8.524574311550926e-05,0.0
186.0,799.8838161237645,-280.6954614006201,0.0,-0.8777220752659187,-8.658573216652992e-05,0.0
187.0,800.5214342112158,-281.46326482046175,0.0,-0.8778093944814851,-8.779925850982417e-05,0.0
188.0,801.1589610382501,-282.231095829589,0.0,-0.8778980950153114,-8.880918618041951e-05,0.0
189.0,801.796395389266,-282.99895511181063,0.0,-0.8779881440530994,-8.959196466802004e-05,0.0
190.0,802.4337361258218,-283.76684334066357,0.0,-0.8780790668158831,-9.014704557398185e-05,0.0
191.0,803.0709831416857,-284.5347610522666,0.0,-0.8781701060832944,-9.047436544094647e-05,0.0
192.0,803.7081370669625,-285.3027086847097,0.0,-0.8782609395940599,-9.057622021933578e-05,0.0
193.0,804.3451985476192,-286.0706866739717,0.0,-0.8783515603279878,-9.048883435782852e-05,0.0
194.0,804.9821682296225,-286.83869545603085,0.0,-0.8784419680574518,-9.030017575317738e-05,0.0
195.0,805.6190467589387,-287.60673546686604,0.0,-0.8785321625555179,-9.008731827720678e-05,0.0
196.0,806.2558347815344,-288.37480714245555,0.0,-0.8786221435959636,-8.987375022260054e-05,0.0
197.0,806.8925329433766,-289.1429109187781,0.0,-0.8787119109540286,-8.96599576506055e-05,0.0
198.0,807.5291418904314,-289.9110472318121,0.0,-0.8788014644056934,-8.944594148388836e-05,0.0
199.0,808.1656622686656,-290.6792165175363,0.0,-0.8788908037275418,-8.923170268649543e-05,0.0
200.0,808.8020947240461,-291.44741921192906,0.0,-0.8789799286976223,-8.901724223360694e-05,0.0
201.0,809.4384399025391,-292.21565575096906,0.0,-0.8790688390949257,-8.880256104990389e-05,0.0
202.0,810.0746984501112,-292.9839265706349,0.0,-0.8791575346988184,-8.858766011764021e-05,0.0
203.0,810.7108710127294,-293.7522321069049,0.0,-0.879246015290274,-8.837254041186927e-05,0.0
204.0,811.3469582363598,-294.5205727957579,0.0,-0.8793342806509886,-8.815720286567011e-05,0.0
205.0,811.9829607669693,-295.2889490731722,0.0,-0.879422330563432,-8.794164846450046e-05,0.0
206.0,812.6188792505246,-296.0573613751267,0.0,-0.8795101648114502,-8.772587817014652e-05,0.0
207.0,813.254714332992,-296.8258101375995,0.0,-0.8795977831794801,-8.750989294128589e-05,0.0
208.0,813.8904666603383,-297.5942957965695,0.0,-0.8796851854531873,-8.729369377325727e-05,0.0
209.0,814.52613687853,-298.3628187880152,0.0,-0.8797723714190598,-8.707728161911581e-05,0.0
210.0,815.1617256335337,-299.13137954791506,0.0,-0.8798593408644146,-8.686065744683319e-05,0.0
211.0,815.7972335713163,-299.8999785122477,0.0,-0.879946093578026,-8.66438222430805e-05,0.0
212.0,816.4326613378438,-300.66861611699164,0.0,-0.8800326293492202,-8.642677697531402e-05,0.0
213.0,817.0680095790833,-301.43729279812544,0.0,-0.8801189479683296,-8.62095226358352e-05,0.0
214.0,817.7032789410013,-302.20600899162775,0.0,-0.8802050492268564,-8.599206020535164e-05,0.0
215.0,818.3384700695643,-302.974765133477,0.0,-0.8802909329172142,-8.577439064141481e-05,0.0
216.0,818.9735836107388,-303.74356165965173,0.0,-0.8803765988326874,-8.555651494206767e-05,0.0
217.0,819.608620210492,-304.5123990061307,0.0,-0.8804620467676888,-8.533843410433013e-05,0.0
218.0,820.2435805147896,-305.28127760889225,0.0,-0.8805472765176268,-8.512014909423103e-05,0.0
219.0,820.8784651695988,-306.05019790391503,0.0,-0.8806322878785993,-8.490166090216862e-05,0.0
220.0,821.5132748208862,-306.81916032717754,0.0,-0.8807170806481395,-8.468297052893757e-05,0.0
221.0,822.148010114618,-307.5881653146584,0.0,-0.8808016546245071,-8.446407894949611e-05,0.0
222.0,822.7826716967612,-308.3572133023361,0.0,-0.8808860096068827,-8.424498716649456e-05,0.0
223.0,823.4172602132824,-309.12630472618935,0.0,-0.8809701453956492,-8.402569618276567e-05,0.0
224.0,824.0517763101479,-309.8954400221965,0.0,-0.8810540617921321,-8.380620696729624e-05,0.0
225.0,824.6862206333245,-310.6646196263363,0.0,-0.8811377585984764,-8.35865205357738e-05,0.0
226.0,825.3205938287789,-311.43384397458703,0.0,-0.8812212356180805,-8.336663788724044e-05,0.0
227.0,825.9548965424774,-312.2031135029276,0.0,-0.8813044926552169,-8.314655999776464e-05,0.0
228.0,826.5891294203868,-312.9724286473363,0.0,-0.8813875295149718,-8.292628789691963e-05,0.0
229.0,827.2232931084739,-313.7417898437918,0.0,-0.8814703460039188,-8.270582257445338e-05,0.0
230.0,827.8573882527046,-314.51119752827265,0.0,-0.8815529419290344,-8.248516501727485e-05,0.0
231.0,828.4914154990464,-315.2806521367573,0.0,-0.8816353170987156,-8.226431626431488e-05,0.0
232.0,829.1253754934653,-316.05015410522446,0.0,-0.8817174713224498,-8.204327729651897e-05,0.0
233.0,829.759268881928,-316.81970386965264,0.0,-0.8817994044101495,-8.182204912133522e-05,0.0
234.0,830.3930963104015,-317.5893018660203,0.0,-0.8818811161733898,-8.160063277638598e-05,0.0
235.0,831.0268584248518,-318.3589485303061,0.0,-0.8819626064244993,-8.137902923259301e-05,0.0
236.0,831.6605558712457,-319.1286442984886,0.0,-0.8820438749765426,-8.115723951045746e-05,0.0
237.0,832.2941892955502,-319.8983896065463,0.0,-0.8821249216441094,-8.09352646454526e-05,0.0
238.0,832.9277593437313,-320.66818489045784,0.0,-0.88220574624251,-8.071310563072849e-05,0.0
239.0,833.5612666617559,-321.43803058620165,0.0,-0.8822863485879117,-8.049076348976003e-05,0.0
240.0,834.1947118955907,-322.20792712975634,0.0,-0.882366728497834,-8.0268239239686e-05,0.0
241.0,834.8280956912022,-322.9778749571005,0.0,-0.8824468857907416,-8.004553388337879e-05,0.0
242.0,835.4614186945569,-323.74787450421263,0.0,-0.8825268202859777,-7.982264845900795e-05,0.0
243.0,836.0946815516215,-324.5179262070714,0.0,-0.8826065318039208,-7.959958399303016e-05,0.0
244.0,836.7278849083626,-325.2880305016552,0.0,-0.8826860201660868,-7.937634148612911e-05,0.0
245.0,837.3610294107468,-326.0581878239427,0.0,-0.8827652851948999,-7.915292196626027e-05,0.0
246.0,837.9941157047408,-326.8283986099124,0.0,-0.8828443267139479,-7.892932646184703e-05,0.0
247.0,838.627144436311,-327.598663295543,0.0,-0.8829231445477003,-7.870555599366017e-05,0.0
248.0,839.2601162514242,-328.36898231681283,0.0,-0.8830017385216812,-7.848161160009129e-05,0.0
249.0,839.8930317960468,-329.1393561097006,0.0,-0.8830801084625658,-7.825749430034891e-05,0.0
250.0,840.5258917161455,-329.9097851101848,0.0,-0.8831582541977986,-7.80332051136891e-05,0.0
251.0,841.158696657687,-330.680269754244,0.0,-0.8832361755561202,-7.780874508401496e-05,0.0
252.0,841.7914472666376,-331.45081047785675,0.0,-0.8833138723672678,-7.758411523454769e-05,0.0
253.0,842.4241441889643,-332.22140771700174,0.0,-0.8833913444617849,-7.73593165999596e-05,0.0
254.0,843.0567880706334,-332.9920619076572,0.0,-0.8834685916714549,-7.71343502217906e-05,0.0
255.0,843.6893795576117,-333.7627734858021,0.0,-0.8835456138291028,-7.690921711326983e-05,0.0
256.0,844.3219192958655,-334.5335428874146,0.0,-0.8836224107684278,-7.668391831996571e-05,0.0
257.0,844.9544079313619,-335.30437054847357,0.0,-0.883698982324336,-7.645845489815237e-05,0.0
258.0,845.586846110067,-336.0752569049574,0.0,-0.8837753283326879,-7.623282786242294e-05,0.0
259.0,846.2192344779477,-336.84620239284476,0.0,-0.8838514486302859,-7.60070382482111e-05,0.0
260.0,846.8515736809705,-337.617207448114,0.0,-0.8839273430552463,-7.578108710977668e-05,0.0
261.0,847.483864365102,-338.3882725067439,0.0,-0.8840030114465676,-7.555497548260093e-05,0.0
262.0,848.1161071763088,-339.15939800471295,0.0,-0.884078453644064,-7.532870440909603e-05,0.0
263.0,848.7483027605575,-339.93058437799954,0.0,-0.8841536694889416,-7.510227493009604e-05,0.0
264.0,849.3804517638148,-340.7018320625825,0.0,-0.8842286588233591,-7.487568807964687e-05,0.0
265.0,850.0125548320472,-341.4731414944402,0.0,-0.8843034214904212,-7.464894491832073e-05,0.0
266.0,850.6446126112212,-342.2445131095513,0.0,-0.8843779573342799,-7.442204650120226e-05,0.0
267.0,851.2766257473037,-343.0159473438942,0.0,-0.8844522662002736,-7.419499384693693e-05,0.0
268.0,851.908594886261,-343.78744463344765,0.0,-0.8845263479346553,-7.396778800708834e-05,0.0
269.0,852.54052067406,-344.55900541419004,0.0,-0.8846002023848327,-7.37404300514515e-05,0.0
270.0,853.1724037566669,-345.33063012210016,0.0,-0.8846738293991897,-7.351292101480191e-05,0.0
271.0,853.8042447800485,-346.10231919315623,0.0,-0.8847472288269681,-7.328526194959923e-05,0.0
272.0,854.4360443901717,-346.8740730633371,0.0,-0.8848204005189114,-7.305745391003196e-05,0.0
273.0,855.0678032330027,-347.64589216862123,0.0,-0.88489334432651,-7.282949793044731e-05,0.0
274.0,855.6995219545081,-348.417776944987,0.0,-0.8849660601022508,-7.260139508543016e-05,0.0
275.0,856.3312012006548,-349.1897278284132,0.0,-0.8850385476999726,-7.237314642993027e-05,0.0
276.0,856.9628416174091,-349.9617452548784,0.0,-0.8851108069742559,-7.214475300417902e-05,0.0
277.0,857.5944438507379,-350.733829660361,0.0,-0.8851828377807928,-7.19162158782887e-05,0.0
278.0,858.2260085466075,-351.5059814808396,0.0,-0.8852546399765611,-7.168753609198314e-05,0.0
279.0,858.8575363509848,-352.2782011522928,0.0,-0.8853262134193375,-7.1458714700569e-05,0.0
280.0,859.4890279098362,-353.0504891106991,0.0,-0.8853975579681425,-7.122975278863899e-05,0.0
281.0,860.1204838691282,-353.8228457920371,0.0,-0.8854686734829144,-7.100065140105574e-05,0.0
282.0,860.7519048748276,-354.5952716322854,0.0,-0.8855395598245968,-7.077141158718618e-05,0.0
283.0,861.383291572901,-355.3677670674225,0.0,-0.8856102168554397,-7.054203441232896e-05,0.0
284.0,862.0146446093149,-356.1403325334269,0.0,-0.8856806444386499,-7.031252093510553e-05,0.0
285.0,862.6459646300359,-356.9129684662772,0.0,-0.8857508424383187,-7.008287223121888e-05,0.0
286.0,863.2772522810308,-357.6856753019521,0.0,-0.8858208107198005,-6.985308936120165e-05,0.0
287.0,863.9085082082659,-358.4584534764299,0.0,-0.8858905491494521,-6.962317336880622e-05,0.0
288.0,864.539733057708,-359.23130342568925,0.0,-0.8859600575946962,-6.939312532872054e-05,0.0
289.0,865.1709274753237,-360.00422558570887,0.0,-0.886029335924052,-6.916294631248432e-05,0.0
290.0,865.8020921070795,-360.77722039246714,0.0,-0.8860983840070413,-6.89326373785683e-05,0.0
291.0,866.4332275989419,-361.5502882819426,0.0,-0.8861672017142116,-6.870219960616477e-05,0.0
292.0,867.064334596878,-362.3234296901139,0.0,-0.8862357889173591,-6.847163404802688e-05,0.0
293.0,867.6954137468538,-363.0966450529596,0.0,-0.8863041454891348,-6.82409417590013e-05,0.0
294.0,868.3264656948364,-363.8699348064582,0.0,-0.8863722713034177,-6.801012383096859e-05,0.0
295.0,868.957491086792,-364.64329938658824,0.0,-0.8864401662352169,-6.777918132922738e-05,0.0
296.0,869.5884905686872,-365.41673922932836,0.0,-0.8865078301602036,-6.754811531164575e-05,0.0
297.0,870.219464786489,-366.190254770657,0.0,-0.8865752629555157,-6.731692686073082e-05,0.0
298.0,870.8504143861637,-366.96384644655285,0.0,-0.8866424644993708,-6.708561702852198e-05,0.0
299.0,871.4813400136779,-367.7375146929944,0.0,-0.8867094346708091,-6.68541868902861e-05,0.0
300.0,872.1122423149984,-368.5112599459602,0.0,-0.8867761733500479,-6.662263754603213e-05,0.0
301.0,872.7431219360916,-369.28508264142874,0.0,-0.8868426804185549,-6.639097004189947e-05,0.0
302.0,873.3739795229241,-370.05898321537876,0.0,-0.8869089557584791,-6.615918544289334e-05,0.0
303.0,874.0048157214627,-370.8329621037886,0.0,-0.8869749992534055,-6.592728484246444e-05,0.0
304.0,874.6356311776738,-371.60701974263696,0.0,-0.8870408107879583,-6.5695269301534e-05,0.0
305.0,875.266426537524,-372.3811565679024,0.0,-0.8871063902475148,-6.546313989739101e-05,0.0
306.0,875.89720244698,-373.1553730155633,0.0,-0.8871717375188656,-6.523089772113893e-05,0.0
307.0,876.5279595520085,-373.9296695215985,0.0,-0.8872368524897859,-6.499854382069348e-05,0.0
308.0,877.1586984985759,-374.7040465219863,0.0,-0.8873017350490383,-6.476607927420806e-05,0.0
309.0,877.7894199326489,-375.4785044527054,0.0,-0.8873663850865591,-6.453350518294463e-05,0.0
310.0,878.4201245001941,-376.25304374973433,0.0,-0.8874308024934214,-6.430082260318524e-05,0.0
311.0,879.0508128471779,-377.02766484905163,0.0,-0.887494987161432,-6.406803261382083e-05,0.0
312.0,879.6814856195674,-377.8023681866359,0.0,-0.8875589389838799,-6.383513630282238e-05,0.0
313.0,880.3121434633287,-378.57715419846556,0.0,-0.8876226578550617,-6.360213472644814e-05,0.0
314.0,880.9427870244285,-379.35202332051927,0.0,-0.8876861436700344,-6.336902897868811e-05,0.0
315.0,881.5734169488337,-380.1269759887756,0.0,-0.8877493963253833,-6.31358201506774e-05,0.0
316.0,882.2040338825105,-380.9020126392131,0.0,-0.8878124157184536,-6.290250929223496e-05,0.0
317.0,882.8346384714258,-381.6771337078103,0.0,-0.8878752017476972,-6.266909749649432e-05,0.0
318.0,883.4652313615461,-382.45233963054574,0.0,-0.8879377543128579,-6.243558584994352e-05,0.0
319.0,884.095813198838,-383.22763084339806,0.0,-0.8880000733145635,-6.22019754224569e-05,0.0
320.0,884.726384629268,-384.0030077823457,0.0,-0.8880621586544694,-6.196826730128382e-05,0.0
321.0,885.3569462988029,-384.7784708833673,0.0,-0.8881240102355776,-6.173446254984345e-05,0.0
322.0,885.9874988534091,-385.5540205824414,0.0,-0.8881856279617393,-6.150056226356908e-05,0.0
323.0,886.6180429390533,-386.32965731554646,0.0,-0.888247011738012,-6.126656754193834e-05,0.0
324.0,887.248579201702,-387.10538151866126,0.0,-0.8883081614703567,-6.103247943661e-05,0.0
325.0,887.8791082873221,-387.88119362776405,0.0,-0.8883690770658962,-6.079829903181994e-05,0.0
326.0,888.50963084188,-388.65709407883367,0.0,-0.8884297584332153,-6.056402742024965e-05,0.0
327.0,889.1401475113422,-389.43308330784856,0.0,-0.8884902054814048,-6.0329665677166e-05,0.0
328.0,889.7706589416754,-390.20916175078725,0.0,-0.8885504181207547,-6.009521490199907e-05,0.0
329.0,890.4011657788463,-390.98532984362834,0.0,-0.8886103962630076,-5.9860676163964974e-05,0.0
330.0,891.0316686688212,-391.7615880223503,0.0,-0.8886701398206271,-5.962605053081279e-05,0.0
331.0,891.6621682575671,-392.53793672293176,0.0,-0.8887296487072219,-5.9391339105834587e-05,0.0
332.0,892.2926651910504,-393.31437638135134,0.0,-0.888788922837659,-5.915654297279042e-05,0.0
333.0,892.9231601152378,-394.0909074335875,0.0,-0.888847962127748,-5.8921663204885324e-05,0.0
334.0,893.5536536760956,-394.8675303156188,0.0,-0.8889067664943034,-5.8686700895681026e-05,0.0
335.0,894.1841465195907,-395.64424546342383,0.0,-0.8889653358553378,-5.845165712192734e-05,0.0
336.0,894.8146392916897,-396.42105331298114,0.0,-0.8890236701300437,-5.821653295734473e-05,0.0
337.0,895.445132638359,-397.1979543002693,0.0,-0.8890817692384595,-5.798132950855596e-05,0.0
338.0,896.0756272055654,-397.9749488612668,0.0,-0.8891396331019291,-5.7746047856323456e-05,0.0
339.0,896.7061236392753,-398.7520374319523,0.0,-0.8891972616426588,-5.751068906074369e-05,0.0
340.0,897.3366225854556,-399.5292204483042,0.0,-0.889254654784151,-5.727525422250762e-05,0.0
341.0,897.9671246900726,-400.3064983463012,0.0,-0.8893118124510202,-5.703974443086298e-05,0.0
342.0,898.597630599093,-401.0838715619219,0.0,-0.8893687345686095,-5.680416075872932e-05,0.0
343.0,899.2281409584834,-401.86134053114466,0.0,-0.8894254210636223,-5.656850430502125e-05,0.0
344.0,899.8586564142106,-402.63890568994816,0.0,-0.889481871863996,-5.6332776139549665e-05,0.0
345.0,900.4891776122408,-403.41656747431097,0.0,-0.8895380868984247,-5.609697734674076e-05,0.0
346.0,901.119705198541,-404.1943263202116,0.0,-0.8895940660967854,-5.5861109031274385e-05,0.0
347.0,901.7502398190777,-404.9721826636286,0.0,-0.8896498093902947,-5.562517225671248e-05,0.0
348.0,902.3807821198172,-405.7501369405406,0.0,-0.8897053167108302,-5.538916810679131e-05,0.0
349.0,903.0113327467266,-406.52818958692603,0.0,-0.8897605879916539,-5.515309768358963e-05,0.0
350.0,903.6418923457719,-407.30634103876355,0.0,-0.8898156231670158,-5.491696205571296e-05,0.0
351.0,904.2724615629203,-408.0845917320317,0.0,-0.8898704221721965,-5.468076230865807e-05,0.0
352.0,904.903041044138,-408.86294210270904,0.0,-0.8899249849437193,-5.4444499534916134e-05,0.0
353.0,905.5336314353918,-409.64139258677403,0.0,-0.8899793114190611,-5.420817480673261e-05,0.0
354.0,906.1642333826483,-410.4199436202054,0.0,-0.890033401536799,-5.39717892238548e-05,0.0
355.0,906.794847531874,-411.19859563898154,0.0,-0.8900872552366471,-5.3735343870891275e-05,0.0
356.0,907.4254745290353,-411.977349079081,0.0,-0.8901408724593258,-5.3498839809072526e-05,0.0
357.0,908.0561150200994,-412.7562043764825,0.0,-0.8901942531466381,-5.3262278136694577e-05,0.0
358.0,908.6867696510325,-413.5351619671646,0.0,-0.8902473972417081,-5.30256599449798e-05,0.0
359.0,909.317439067801,-414.3142222871057,0.0,-0.8903003046884002,-5.278898630092391e-05,0.0
360.0,909.9481239163719,-415.0933857722843,0.0,-0.8903529754317072,-5.2552258299182994e-05,0.0
361.0,910.5788248427117,-415.87265285867915,0.0,-0.8904054094180666,-5.231547701925069e-05,0.0
362.0,911.2095424927868,-416.6520239822688,0.0,-0.8904576065946093,-5.2078643537218596e-05,0.0
363.0,911.8402775125641,-417.4314995790317,0.0,-0.8905095669095766,-5.184175895979668e-05,0.0
364.0,912.4710305480099,-418.2110800849464,0.0,-0.8905612903125759,-5.1604824348691226e-05,0.0
365.0,913.1018022450911,-418.99076593599153,0.0,-0.8906127767540398,-5.136784077311044e-05,0.0
366.0,913.7325932497741,-419.7705575681456,0.0,-0.8906640261855895,-5.113080935251598e-05,0.0
367.0,914.3634042080256,-420.5504554173872,0.0,-0.890715038559955,-5.089373115235718e-05,0.0
368.0,914.994235765812,-421.33045991969493,0.0,-0.8907658138307004,-5.065660723537123e-05,0.0
369.0,915.6250885691003,-422.1105715110471,0.0,-0.890816351952799,-5.041943870761782e-05,0.0
370.0,916.2559632638568,-422.89079062742263,0.0,-0.8908666528823221,-5.018222663954226e-05,0.0
371.0,916.8868604960479,-423.6711177047998,0.0,-0.8909167165759634,-4.994497211201804e-05,0.0
372.0,917.5177809116408,-424.4515531791573,0.0,-0.8909665429919476,-4.970767621123187e-05,0.0
373.0,918.1487251566016,-425.2320974864736,0.0,-0.8910161320895884,-4.947033999918344e-05,0.0
374.0,918.779693876897,-426.0127510627274,0.0,-0.8910654838289097,-4.923296458112355e-05,0.0
375.0,919.4106877184938,-426.79351434389713,0.0,-0.891114598171314,-4.8995551042303144e-05,0.0
376.0,920.0417073273584,-427.5743877659614,0.0,-0.8911634750791426,-4.875810042982114e-05,0.0
377.0,920.6727533494576,-428.35537176489856,0.0,-0.891212114515967,-4.8520613834574746e-05,0.0
378.0,921.3038264307578,-429.1364667766875,0.0,-0.8912605164464542,-4.828309234838108e-05,0.0
379.0,921.9349272172257,-429.91767323730664,0.0,-0.891308680836049,-4.804553703947294e-05,0.0
380.0,922.5660563548278,-430.6989915827345,0.0,-0.8913566076515045,-4.7807948982443136e-05,0.0
381.0,923.1972144895308,-431.48042224894965,0.0,-0.8914042968606777,-4.7570329253303936e-05,0.0
382.0,923.8284022673012,-432.2619656719306,0.0,-0.8914517484324234,-4.7332678936069196e-05,0.0
383.0,924.4596203341056,-433.043622287656,0.0,-0.8914989623365859,-4.709499911179479e-05,0.0
384.0,925.090869335911,-433.82539253210444,0.0,-0.891545938544278,-4.685729084527975e-05,0.0
385.0,925.7221499186835,-434.6072768412543,0.0,-0.8915926770276895,-4.661955521409863e-05,0.0
386.0,926.3534627283899,-435.3892756510843,0.0,-0.8916391777599186,-4.638179330098849e-05,0.0
387.0,926.9848084109967,-436.17138939757285,0.0,-0.8916854407152,-4.614400617952707e-05,0.0
388.0,927.6161876124706,-436.95361851669867,0.0,-0.8917314658688161,-4.590619492533809e-05,0.0
389.0,928.2476009787783,-437.7359634444402,0.0,-0.8917772531972823,-4.5668360603371264e-05,0.0
390.0,928.8790491558862,-438.51842461677603,0.0,-0.8918228026779408,-4.543050428001167e-05,0.0
391.0,929.5105327897611,-439.30100246968465,0.0,-0.8918681142894365,-4.519262704315891e-05,0.0
392.0,930.1420525263694,-440.0836974391448,0.0,-0.8919131880114858,-4.495472996829397e-05,0.0
393.0,930.7736090116778,-440.8665099611349,0.0,-0.8919580238245696,-4.471681412341968e-05,0.0
394.0,931.4052028916528,-441.64944047163357,0.0,-0.8920026217104692,-4.447888057650713e-05,0.0
395.0,932.0368348122613,-442.4324894066192,0.0,-0.8920469816521511,-4.424093038563852e-05,0.0
396.0,932.6685054194695,-443.2156572020705,0.0,-0.8920911036335034,-4.4002964633550944e-05,0.0
397.0,933.3002153592444,-443.998944293966,0.0,-0.8921349876394475,-4.376498440293387e-05,0.0
398.0,933.9319652775522,-444.78235111828434,0.0,-0.8921786336560008,-4.3526990748213704e-05,0.0
399.0,934.5637558203598,-445.5658781110038,0.0,-0.8922220416703204,-4.328898473329337e-05,0.0
400.0,935.1955876336336,-446.3495257081033,0.0,-0.8922652116706047,-4.305096743343181e-05,0.0
401.0,935.8274613633405,-447.1332943455611,0.0,-0.8923081436460751,-4.2812939911350346e-05,0.0
402.0,936.4593776554467,-447.91718445935595,0.0,-0.8923508375870202,-4.2574903234718745e-05,0.0
403.0,937.0913371559192,-448.70119648546626,0.0,-0.8923932934849005,-4.2336858473094155e-05,0.0
404.0,937.7233405107241,-449.4853308598707,0.0,-0.8924355113321185,-4.209880669164833e-05,0.0
405.0,938.3553883658286,-450.26958801854784,0.0,-0.8924774911220887,-4.186074895299953e-05,0.0
406.0,938.9874813671989,-451.0539683974761,0.0,-0.8925192328495185,-4.162268631902848e-05,0.0
407.0,939.6196201608018,-451.8384724326341,0.0,-0.8925607365100299,-4.1384619854058424e-05,0.0
408.0,940.2518053926037,-452.62310056000047,0.0,-0.892602002100333,-4.11465506142921e-05,0.0
409.0,940.8840377085713,-453.40785321555364,0.0,-0.8926430296181043,-4.2727775519375246e-05,0.0
410.0,941.5163177546714,-454.19273083527236,0.0,-0.8926838190622828,-6.584303967689862e-05,0.0
411.0,942.1486461768701,-454.97773385513494,0.0,-0.892724370432693,-0.00015285124792126435,0.0
412.0,942.7810236211344,-455.7628627111201,0.0,-0.8927646837301143,-0.0003367060977891618,0.0
413.0,943.4134507334311,-456.54811783920627,0.0,-0.8928302290987642,-0.0006260479041981872,0.0
414.0,944.0458820413788,-457.3335243004952,0.0,-0.8931715428162608,-0.001021145054730269,0.0
415.0,944.6778645108589,-458.11932477572236,0.0,-0.8941311132649998,-0.0015222722186565125,0.0
416.0,945.3087326161838,-458.9058754065625,0.0,-0.8958278038224857,-0.0021279573768322774,0.0
417.0,945.9378189951872,-459.69353331528714,0.0,-0.8982637155166759,-0.0028188978552419826,0.0
418.0,946.5644562857026,-460.4826556241681,0.0,-0.9014405047445236,-0.003553202028032593,0.0
419.0,947.1879771255642,-461.2735994554769,0.0,-0.9053603604794749,-0.004298427238973414,0.0
420.0,947.8077141526051,-462.06672193148523,0.0,-0.9100259556250555,-0.005046474574870468,0.0
421.0,948.4230000046596,-462.8623801744646,0.0,-0.9154403862633572,-0.005797631952846311,0.0
422.0,949.0331673195611,-463.66093130668685,0.0,-0.9216070982103597,-0.006552178301752126,0.0
423.0,949.6375487351436,-464.46273245042346,0.0,-0.9285298002227537,-0.007310297387800677,0.0
424.0,950.2354768892404,-465.2681407279461,0.0,-0.9362123631645946,-0.008072063472233364,0.0
425.0,950.8262844196857,-466.0775132615264,0.0,-0.9446587044364534,-0.00883742639094053,0.0
426.0,951.4093039643128,-466.891207173436,0.0,-0.9538726570120749,-0.00960619614206645,0.0
427.0,951.9838681609557,-467.70957958594664,0.0,-0.963857822521665,-0.010378027126042869,0.0
428.0,952.5493096474479,-468.5329876213298,0.0,-0.9746174079780149,-0.011152402249846998,0.0
429.0,953.1049610616232,-469.3617884018571,0.0,-0.9861540459688695,-0.011928617183450943,0.0
430.0,953.6501550413154,-470.1963390498003,0.0,-0.9984695984531742,-0.012705765139565029,0.0
431.0,954.1842242243583,-471.0369966874311,0.0,-1.0115649446987742,-0.01348252629144514,0.0
432.0,954.7065012485853,-471.8841184370209,0.0,-1.0254397544001317,-0.014239713050324041,0.0
433.0,955.2163187518304,-472.7380614208415,0.0,-1.0400922476167098,-0.014909863338485945,0.0
434.0,955.7130093719273,-473.59918276116446,0.0,-1.0555189438709405,-0.015409331271942392,0.0
435.0,956.1959057467097,-474.4678395802615,0.0,-1.0717116547089713,-0.015700188023316772,0.0
436.0,956.6643452315939,-475.34438623916986,0.0,-1.0884157819424496,-0.015779087627952864,0.0
437.0,957.1180846113241,-476.2289316039822,0.0,-1.1049459492183973,-0.015646305564150125,0.0
438.0,957.5576243819253,-477.1211492413329,0.0,-1.1208192317407446,-0.015302765773922406,0.0
439.0,957.9835413607597,-478.0206680464383,0.0,-1.1359880996845961,-0.014767489412111907,0.0
440.0,958.3964123651901,-478.9271169145151,0.0,-1.1504511291235855,-0.014107999476079278,0.0
441.0,958.7968142125798,-479.84012474077986,0.0,-1.1642083402621666,-0.013408232046994277,0.0
442.0,959.185323720291,-480.7593204204489,0.0,-1.177260979152659,-0.012706641380681194,0.0
443.0,959.5625177056866,-481.68433284873885,0.0,-1.1896113092683287,-0.012007343954266201,0.0
444.0,959.9289729861295,-482.6147909208662,0.0,-1.201262414557628,-0.011311093364396077,0.0
445.0,960.2852663789826,-483.5503235320475,0.0,-1.2122180150594337,-0.010618466336010917,0.0
446.0,960.6319747016082,-484.49055957749925,0.0,-1.2224822956954438,-0.009929875314986965,0.0
447.0,960.9696747713695,-485.435127952438,0.0,-1.2320597484724647,-0.009245581278913173,0.0
448.0,961.2989434056292,-486.38365755208025,0.0,-1.2409550280148325,-0.008565706477665556,0.0
449.0,961.62035742175,-487.3357772716425,0.0,-1.2491728201041459,-0.0078902468791391,0.0
450.0,961.9344936370944,-488.29111600634127,0.0,-1.2567177227266593,-0.007219084153149932,0.0
451.0,962.2419288690259,-489.24930265139307,0.0,-1.263594139004082,-0.006551997077000192,0.0
452.0,962.5432399349065,-490.2099661020145,0.0,-1.2698061813002977,-0.005893767251292251,0.0
453.0,962.8390036520993,-491.17273525342193,0.0,-1.2753575857625272,-0.005286942817263559,0.0
454.0,963.1297968379672,-492.13723900083215,0.0,-1.2802516365494803,-0.0048146728898496504,0.0
455.0,963.4161963098727,-493.10310623946134,0.0,-1.2844910990158196,-0.004535341848619763,0.0
456.0,963.6987788851787,-494.06996586452624,0.0,-1.2881494906212503,-0.004461784930447925,0.0
457.0,963.9779853471499,-495.0374935376265,0.0,-1.2917582516512447,-0.004593958823381317,0.0
458.0,964.2533822722704,-496.0056654589024,0.0,-1.2959590305373916,-0.004931889640066316,0.0
459.0,964.5241904368294,-496.97457670916185,0.0,-1.3009360756476647,-0.005470603298078898,0.0
460.0,964.7896297609594,-497.9443226635463,0.0,-1.3066926804414312,-0.006167361703429131,0.0
461.0,965.0489201647931,-498.9149986971968,0.0,-1.3132319653979148,-0.006938824094348681,0.0
462.0,965.3012815684634,-499.88670018525437,0.0,-1.3205572251283135,-0.007726404435606348,0.0
463.0,965.5459338921029,-500.85952250286033,0.0,-1.328671810681861,-0.008517043488837115,0.0
464.0,965.7820970558444,-501.8335610251559,0.0,-1.337578995438642,-0.009310521972134063,0.0
465.0,966.0089909798206,-502.8089111272821,0.0,-1.347281824070876,-0.010106492595909644,0.0
466.0,966.2258355841642,-503.7856681843802,0.0,-1.3577829442126692,-0.010904431215580568,0.0
467.0,966.4318507890079,-504.76392757159135,0.0,-1.3690844207201462,-0.011703620283168894,0.0
468.0,966.6262565144845,-505.7437846640567,0.0,-1.3811875327290766,-0.012503132915796378,0.0
469.0,966.8082726807268,-506.72533483691745,0.0,-1.3940925541398868,-0.013301748883002663,0.0
470.0,966.9771192078673,-507.7086734653148,0.0,-1.4077985186884157,-0.014084620066690819,0.0
471.0,967.132016016039,-508.6938959243898,0.0,-1.4223029713964517,-0.014794574822848927,0.0
472.0,967.2721830253745,-509.68109758928375,0.0,-1.4376017089342155,-0.015355557288946393,0.0
473.0,967.3968401560065,-510.6703738351377,0.0,-1.453687543711367,-0.015730911512838418,0.0
474.0,967.5052092151445,-511.6618195448819,0.0,-1.47036450215512,-0.015917403230324503,0.0
475.0,967.5968764367607,-512.6554345471034,0.0,-1.4870314988139879,-0.015915998188542276,0.0
476.0,967.6722242997246,-513.6510109838432,0.0,-1.503226390100225,-0.015728105350053454,0.0
477.0,967.7317404576723,-514.6483135641446,0.0,-1.5188974439078153,-0.01536891906031471,0.0
478.0,967.7759125642407,-515.647106997051,0.0,-1.534047691401595,-0.014896125838145686,0.0
479.0,967.8052282730655,-516.647155991606,0.0,-1.548680963568664,-0.014386479720259145,0.0
480.0,967.8201752377834,-517.6482252568533,0.0,-1.5628017639776668,-0.013877536163765556,0.0
481.0,967.8212411120306,-518.6500795018362,0.0,-1.576415148733226,-0.013373651453357671,0.0
482.0,967.8089135494434,-519.6524834355985,0.0,-1.5895266139699213,-0.01287522837376693,0.0
483.0,967.7836802036585,-520.6552017671834,0.0,-1.6021419910279195,-0.012382568525559188,0.0
484.0,967.7460287283117,-521.6579992056346,0.0,-1.6142673492728385,-0.011895879623194923,0.0
485.0,967.6964467770395,-522.6606404599955,0.0,-1.6259089063835792,-0.011415282613716826,0.0
486.0,967.6354220034784,-523.6628902393097,0.0,-1.6370729458194169,-0.010940833794962659,0.0
487.0,967.5634420612645,-524.6645132526208,0.0,-1.6477657410847426,-0.010473642995902364,0.0
488.0,967.4809946040343,-525.6652742089722,0.0,-1.6579934863508792,-0.010017527702983333,0.0
489.0,967.3885672854243,-526.6649378174075,0.0,-1.6677622329443038,-0.009576695137064575,0.0
490.0,967.2866477590703,-527.66326878697,0.0,-1.6770780451830143,-0.009152187214153768,0.0
491.0,967.1757230917166,-528.6600332802695,0.0,-1.685962297060377,-0.008742972520010961,0.0
492.0,967.0562362479865,-529.655106688333,0.0,-1.6944593464378075,-0.008347902139094277,0.0
493.0,966.9285561647613,-530.6485477478668,0.0,-1.7025962376840926,-0.007965877870416724,0.0
494.0,966.7930446988813,-531.6404327308268,0.0,-1.7103730702182196,-0.007594744615829795,0.0
495.0,966.6500637071865,-532.6308379091683,0.0,-1.7177877724975557,-0.007229645856830375,0.0
496.0,966.4999750465173,-533.6198395548472,0.0,-1.7248385767449472,-0.006865350269791879,0.0
497.0,966.3431405737135,-534.6075139398189,0.0,-1.731523991568205,-0.0064998146124556015,0.0
498.0,966.1799221456156,-535.5939373360393,0.0,-1.7378427752968033,-0.006133098825619299,0.0
499.0,966.0106816190637,-536.5791860154637,0.0,-1.7437939101970064,-0.0057654211881024466,0.0
500.0,965.835780850898,-537.5633362500481,0.0,-1.74937657770198,-0.005400273526575128,0.0
501.0,965.6555816979587,-538.5464643117479,0.0,-1.7545901347747106,-0.005053498015538053,0.0
502.0,965.4704460170859,-539.5286464725187,0.0,-1.7594340914997348,-0.004748258947805838,0.0
503.0,965.2807356651198,-540.5099590043162,0.0,-1.7639081543762023,-0.004496879909869672,0.0
504.0,965.0868123739234,-541.4904781474861,0.0,-1.7680582433090017,-0.004301025755695622,0.0
505.0,964.8889484156188,-542.4702575157453,0.0,-1.7720574957735393,-0.004160785215557215,0.0
506.0,964.6871693331741,-543.4492883187721,0.0,-1.776054814989552,-0.004076221756005385,0.0
507.0,964.4814584964594,-544.4275510996031,0.0,-1.7800719916476098,-0.004044083551743714,0.0
508.0,964.2717992753442,-545.405026401275,0.0,-1.7841090814088196,-0.00404873053802882,0.0
509.0,964.0581750396984,-546.3816947668239,0.0,-1.7881661378834268,-0.004067166378503763,0.0
510.0,963.840569159392,-547.3575367392863,0.0,-1.7922432125765857,-0.004087204892807053,0.0
511.0,963.6189650042945,-548.3325328616988,0.0,-1.7963403548330303,-0.0041072915322909465,0.0
512.0,963.3933459442762,-549.3066636770977,0.0,-1.8004576117819142,-0.004127424051944582,0.0
513.0,963.1636953492065,-550.2799097285198,0.0,-1.8045950282802299,-0.004147600150401656,0.0
514.0,962.9299965889554,-551.252251559001,0.0,-1.8087526468562307,-0.004167817469417539,0.0
515.0,962.6922330333925,-552.223669711578,0.0,-1.812930507652272,-0.004188073593373856,0.0
516.0,962.450388052388,-553.1941447292874,0.0,-1.8171286483671987,-0.004208366048834439,0.0
517.0,962.2044450158114,-554.1636571551654,0.0,-1.821347104198437,-0.004228692304116345,0.0
518.0,961.9543872935327,-555.1321875322484,0.0,-1.8255859077830245,-0.00424904976890212,0.0
519.0,961.7001982554216,-556.0997164035732,0.0,-1.829845089139154,-0.004269435793877729,0.0
520.0,961.4418612713479,-557.0662243121759,0.0,-1.8341246756066723,-0.004289847670350725,0.0
521.0,961.1793597111814,-558.031691801093,0.0,-1.8384246917874172,-0.004310282629959218,0.0
522.0,960.9126769447921,-558.9960994133611,0.0,-1.8427451594857152,-0.004330737844429975,0.0
523.0,960.6417963420497,-559.9594276920166,0.0,-1.8470860976480437,-0.004351210425327521,0.0
524.0,960.366701272824,-560.9216571800957,0.0,-1.8514475223025022,-0.004371697423865006,0.0
525.0,960.0873751069847,-561.8827684206353,0.0,-1.8558294464983884,-0.004392195830719385,0.0
526.0,959.803801214402,-562.8427419566714,0.0,-1.8602318802458098,-0.004412702575897558,0.0
527.0,959.5159629649454,-563.8015583312406,0.0,-1.8646548304546018,-0.004433214528738603,0.0
528.0,959.2238437284848,-564.7591980873796,0.0,-1.8690983008735977,-0.004453728497862027,0.0
529.0,958.9274268748898,-565.7156417681243,0.0,-1.873562292029606,-0.004474241231109129,0.0
530.0,958.6266957740305,-566.6708699165116,0.0,-1.8780468011667186,-0.004494749415652548,0.0
531.0,958.3216337957768,-567.6248630755779,0.0,-1.8825518221861677,-0.004515249678105475,0.0
532.0,958.0122243099984,-568.5776017883593,0.0,-1.8870773455847913,-0.004535738584696516,0.0
533.0,957.6984506865649,-569.5290665978927,0.0,-1.8916233583949347,-0.004556212641500015,0.0
534.0,957.3802962953463,-570.4792380472144,0.0,-1.8961898441246126,-0.0045766682945887404,0.0
535.0,957.0577445062123,-571.4280966793606,0.0,-1.9007767826970636,-0.004597101930422478,0.0
536.0,956.7307786890332,-572.3756230373679,0.0,-1.9053841503918914,-0.004617509876296373,0.0
537.0,956.3993822136781,-573.3217976642728,0.0,-1.9100119197854335,-0.004637888400657724,0.0
538.0,956.0635384500172,-574.2666011031117,0.0,-1.9146600596916952,-0.004658233713643377,0.0
539.0,955.7232307679204,-575.210013896921,0.0,-1.9193285351051785,-0.004678541967635983,0.0
540.0,955.3784425372573,-576.1520165887375,0.0,-1.9240173071426967,-0.004698809257829236,0.0
541.0,955.0291571278979,-577.092589721597,0.0,-1.9287263329860587,-0.004719031622979755,0.0
542.0,954.6753579097119,-578.0317138385366,0.0,-1.9334555658266248,-0.0047392050461000845,0.0
543.0,954.3170282525691,-578.969369482592,0.0,-1.938204954809234,-0.004759325455250913,0.0
544.0,953.9541515263394,-579.9055371968004,0.0,-1.9429744449777002,-0.004779388724462993,0.0
545.0,953.5867111008924,-580.8401975241977,0.0,-1.947763977221145,-0.004799390674622143,0.0
546.0,953.2146903460983,-581.7733310078207,0.0,-1.9525734882211299,-0.004819327074485401,0.0
547.0,952.8380726318268,-582.7049181907057,0.0,-1.9574029104002582,-0.004839193641813685,0.0
548.0,952.4568413279475,-583.6349396158892,0.0,-1.9622521718709791,-0.004858986044491547,0.0
549.0,952.0709798043302,-584.5633758264074,0.0,-1.9671211963864144,-0.004878699901708622,0.0
550.0,951.680471430845,-585.490207365297,0.0,-1.97200990329224,-0.004898330785278872,0.0
551.0,951.2852995773618,-586.4154147755944,0.0,-1.9769182074800857,-0.004917874221027978,0.0
552.0,950.88544761375,-587.3389786003361,0.0,-1.9818460193416412,-0.0049373256902290885,0.0
553.0,950.4808989098796,-588.2608793825583,0.0,-1.9867932447245544,-0.004957544785722348,0.0
554.0,950.0716368356204,-589.1810976652978,0.0,-1.9917597848907378,-0.005002071835980052,0.0
555.0,949.6576447608422,-590.0996139915907,0.0,-1.9967455364748912,-0.005138494508004267,0.0
556.0,949.2389060554151,-591.0164089044736,0.0,-2.0017503914457095,-0.005436204304354382,0.0
557.0,948.8154040892085,-591.9314629469831,0.0,-2.0067863352330577,-0.0059214340818443435,0.0
558.0,948.3871032693368,-592.8447395810949,0.0,-2.0121707812429888,-0.006596737787225819,0.0
559.0,947.9534899342584,-593.7557716394195,0.0,-2.018532368690798,-0.007463831662250413,0.0
560.0,947.5135478324803,-594.6636392371793,0.0,-2.026213755636359,-0.008523748117825334,0.0
561.0,947.0662368416473,-595.5674009874673,0.0,-2.035239351124754,-0.009754935289959108,0.0
562.0,946.6105168394039,-596.4661155033766,0.0,-2.0456202992620365,-0.011091792730865389,0.0
563.0,946.1453477033953,-597.3588413980004,0.0,-2.05736927193007,-0.01246680216526798,0.0
564.0,945.6696893112662,-598.2446372844317,0.0,-2.070499928398252,-0.013855361324599809,0.0
565.0,945.1825015406613,-599.122561775764,0.0,-2.085026282137222,-0.015256159293700831,0.0
566.0,944.6827442692256,-599.9916734850901,0.0,-2.10096196602868,-0.016668174468138158,0.0
567.0,944.1693773746038,-600.8510310255031,0.0,-2.1183193886122287,-0.018089481101444798,0.0
568.0,943.6413607344409,-601.6996930100963,0.0,-2.1371087766932817,-0.019517145710072934,0.0
569.0,943.0976542263816,-602.5367180519627,0.0,-2.1573371038053204,-0.02093266934295387,0.0
570.0,942.5372177280706,-603.3611647641955,0.0,-2.1790069099407203,-0.022244584276821647,0.0
571.0,941.959011117153,-604.1720917598877,0.0,-2.202115025807829,-0.023304457465780706,0.0
572.0,941.3619942712734,-604.9685576521327,0.0,-2.2266512246686663,-0.024023529668557142,0.0
573.0,940.7451270680767,-605.7496210540234,0.0,-2.25239439429859,-0.024386848270631027,0.0
574.0,940.107707984617,-606.5145629299016,0.0,-2.2783111402178218,-0.024395275999126893,0.0
575.0,939.4503878521701,-607.2635523072353,0.0,-2.3033794296086185,-0.024051145904472233,0.0
576.0,938.7741550804844,-607.996979894313,0.0,-2.3273958662497836,-0.023372808020967514,0.0
577.0,938.0799980793082,-608.7152363994232,0.0,-2.3503640232850915,-0.02245204458559951,0.0
578.0,937.3689052583898,-609.4187125308547,0.0,-2.372291776451234,-0.021438103140895035,0.0
579.0,936.6418650274774,-610.1077989968956,0.0,-2.393190516687872,-0.020421119251390816,0.0
580.0,935.8998657963194,-610.7828865058347,0.0,-2.4130744145729293,-0.01941807034977892,0.0
581.0,935.1438959746644,-611.4443657659604,0.0,-2.4319597441418757,-0.018430876767965194,0.0
582.0,934.3749439722602,-612.0926274855614,0.0,-2.449864269657095,-0.017460876363350555,0.0
583.0,933.5939981988556,-612.7280623729258,0.0,-2.4668066957207784,-0.016508882598812384,0.0
584.0,932.8020470641989,-613.3510611363425,0.0,-2.4828061787110016,-0.015579728076988549,0.0
585.0,932.000078978038,-613.9620144840999,0.0,-2.4978818957768367,-0.014721027137751617,0.0
586.0,931.1890823501215,-614.5613131244866,0.0,-2.5120526664491774,-0.014033868877237867,0.0
587.0,930.3700455901977,-615.149347765791,0.0,-2.5253366211949975,-0.013595444099175394,0.0
588.0,929.5439571080151,-615.7265091163017,0.0,-2.537813730597647,-0.013424170338711208,0.0
589.0,928.7117125914045,-616.2930981054698,0.0,-2.5501046631298463,-0.013518332733348822,0.0
590.0,927.8734062420498,-616.8486396165116,0.0,-2.5630404665293574,-0.013875937290233698,0.0
591.0,927.028721917255,-617.3922612129766,0.0,-2.576908625290878,-0.0144903691951964,0.0
592.0,926.1773401521374,-617.923087241675,0.0,-2.591717833938917,-0.015311658560947277,0.0
593.0,925.3189414818139,-618.4402420494175,0.0,-2.6074733865539805,-0.016235803124461032,0.0
594.0,924.4532064414013,-618.9428499830151,0.0,-2.624179023153466,-0.017182145422489543,0.0
595.0,923.579815566017,-619.4300353892783,0.0,-2.641836497371928,-0.018125054493344322,0.0
596.0,922.6984493907777,-619.9009226150175,0.0,-2.660445116208827,-0.01902573620934708,0.0
597.0,921.8087884508004,-620.354636007044,0.0,-2.680001257192831,-0.019803480188447086,0.0
598.0,920.9105132812023,-620.7902999121679,0.0,-2.700497870542258,-0.020395538984660053,0.0
599.0,920.0033044171001,-621.2070386772002,0.0,-2.7218793515943576,-0.020785937590638768,0.0
600.0,919.0868949428756,-621.6040507834995,0.0,-2.743672175829399,-0.02097566792750454,0.0
601.0,918.1615084971451,-621.9812267680919,0.0,-2.7652289565163066,-0.020966514648917963,0.0
602.0,917.2276360922318,-622.3388343688849,0.0,-2.7863241097943283,-0.020764130863559327,0.0
603.0,916.2857714318866,-622.6771451207516,0.0,-2.8069606300553698,-0.02040762519335734,0.0
604.0,915.3364082198605,-622.9964305585644,0.0,-2.827145094331352,-0.01997849411059024,0.0
605.0,914.380040159904,-623.2969622171963,0.0,-2.8468852384885888,-0.01954062499135434,0.0
606.0,913.4171609557677,-623.5790116315204,0.0,-2.8661898157378576,-0.01911153508347569,0.0
607.0,912.4482643112024,-623.8428503364092,0.0,-2.885068464392902,-0.018692230564927588,0.0
608.0,911.4738439299591,-624.0887498667357,0.0,-2.9035315855010673,-0.018283438420601015,0.0
609.0,910.4943935157884,-624.3169817573727,0.0,-2.9215902306885284,-0.017885778717944816,0.0
610.0,909.5104067724409,-624.5278175431929,0.0,-2.9392560003298294,-0.017499774553425707,0.0
611.0,908.5223774036675,-624.7215287590694,0.0,-2.9565409519658785,-0.01712586192377834,0.0
612.0,907.5307991132189,-624.8983869398746,0.0,-2.9734575187424763,-0.016764399384093225,0.0
613.0,906.5361656048457,-625.0586636204819,0.0,-2.9900184375351975,-0.016417882207899397,0.0
614.0,905.5389705822989,-625.2026303357638,0.0,-3.006236686343522,-0.01610038454551927,0.0
615.0,904.5397077493291,-625.3305586205931,0.0,-3.022125430483344,-0.015835309168861538,0.0
616.0,903.538870809687,-625.4427200098428,0.0,-3.037697977083557,-0.015636145693000217,0.0
617.0,902.5369534671233,-625.5393860383857,0.0,-3.0529986048453925,-0.015503899811517596,0.0
618.0,901.5344016253032,-625.620770127252,0.0,-3.068203731087585,-0.01543690227989398,0.0
619.0,900.5314528252709,-625.6868323767453,0.0,-3.0834890679848312,-0.01543343243112757,0.0
620.0,899.5282878485965,-625.7374638807834,0.0,-3.0988929279948456,-0.015489517799908177,0.0
621.0,898.525087475625,-625.7725557317946,0.0,-3.11441679324512,-0.01558950421250582,0.0
622.0,897.5220324867014,-625.7919990222068,0.0,-3.1300619555002616,-0.015708316840734846,0.0
623.0,896.5193036621704,-625.7956848444486,0.0,-3.1458295061024253,-0.015830711379610528,0.0
624.0,895.517081782377,-625.783504290948,0.0,-3.1617203250252386,-0.015953852876155077,0.0
625.0,894.5155476276659,-625.7553484541336,0.0,-3.1777350698828206,-0.016077513550163465,0.0
626.0,893.5148819783824,-625.7111084264334,0.0,-3.1938741649598836,-0.016201454904220296,0.0
627.0,892.5152656148708,-625.6506753002757,0.0,-3.2101377903343407,-0.016325427812538745,0.0
628.0,891.5168793174767,-625.5739401680887,0.0,-3.226525871171796,-0.016449164045760654,0.0
629.0,890.5199038665444,-625.4807941223007,0.0,-3.243038067275874,-0.016571507337979133,0.0
630.0,889.5245200424191,-625.3711282553401,0.0,-3.259673762985897,-0.01668904690102603,0.0
631.0,888.5309086254458,-625.2448336596349,0.0,-3.2764320575173094,-0.016798087465589272,0.0
632.0,887.5392503959689,-625.1018014276136,0.0,-3.293311634031399,-0.016897771080512488,0.0
633.0,886.5497267128779,-624.9419229871414,0.0,-3.310298703543013,-0.01698917011061802,0.0
634.0,885.5625794943478,-624.7651248780707,0.0,-3.3273599083655756,-0.017073557405205442,0.0
635.0,884.578163508035,-624.5713990698479,0.0,-3.344476977658811,-0.017152237724266075,0.0
636.0,883.5968458460353,-624.3607446775711,0.0,-3.361655755916034,-0.017227416690687298,0.0
637.0,882.6189936004447,-624.1331608163382,0.0,-3.3789044558943893,-0.017303567122043076,0.0
638.0,881.6449738633587,-623.8886466012473,0.0,-3.3962311682816932,-0.017385458639671746,0.0
639.0,880.6751537268732,-623.627201147396,0.0,-3.41364385140674,-0.017475035300941216,0.0
640.0,879.7099002830842,-623.3488235698826,0.0,-3.431150319837294,-0.017572321791847943,0.0
641.0,878.7495806240871,-623.0535129838048,0.0,-3.4487582317798977,-0.01767715218574001,0.0
642.0,877.7945618419778,-622.7412685042607,0.0,-3.4664750751998934,-0.017789345860872913,0.0
643.0,876.8452110288523,-622.4120892463482,0.0,-3.4843081525881288,-0.01790870613196129,0.0
644.0,875.9018952768063,-622.0659743251653,0.0,-3.502264564308166,-0.018035018824013323,0.0
645.0,874.9649816779354,-621.70292285581,0.0,-3.520351190468277,-0.01816805079944496,0.0
646.0,874.0348373243355,-621.3229339533802,0.0,-3.5385746712723773,-0.018307547429832618,0.0
647.0,873.1118293081026,-620.9260067329739,0.0,-3.556941385819115,-0.0184500978203433,0.0
648.0,872.1963247213323,-620.5121403096889,0.0,-3.5754574293342634,-0.0185790719881816,0.0
649.0,871.2886906561204,-620.0813337986233,0.0,-3.594128588837757,-0.01866887910614934,0.0
650.0,870.3892942045625,-619.6335863148751,0.0,-3.6129603029679216,-0.018705139587825905,0.0
651.0,869.4985024442275,-619.168896998391,0.0,-3.631913783413179,-0.01868564253245362,0.0
652.0,868.6166379334779,-618.6873411396489,0.0,-3.650808979197806,-0.018610305607686,0.0
653.0,867.7438803938252,-618.1892383529384,0.0,-3.669481190028939,-0.018479161303094314,0.0
654.0,866.8803809582782,-617.6749571534579,0.0,-3.687906821292116,-0.018295488034310057,0.0
655.0,866.0262907598466,-617.1448660564055,0.0,-3.706090989315613,-0.018075869882753098,0.0
656.0,865.1817609315391,-616.5993335769792,0.0,-3.7240393073640115,-0.017845935880954525,0.0
657.0,864.3469426063654,-616.0387282303773,0.0,-3.741757842684988,-0.017620186080464433,0.0
658.0,863.5219869173342,-615.463418531798,0.0,-3.7592530761764538,-0.017401032890103085,0.0
659.0,862.707044997455,-614.8737729964392,0.0,-3.776531864793075,-0.017188840605481964,0.0
660.0,861.9022679797372,-614.2701601394992,0.0,-3.7936014067670336,-0.01698394021134722,0.0
661.0,861.1078069971896,-613.6529484761762,0.0,-3.8104692096805235,-0.01678663217044155,0.0
662.0,860.3238131828216,-613.0225065216681,0.0,-3.827143061388649,-0.01659718921073537,0.0
663.0,859.5504376696425,-612.3792027911734,0.0,-3.8436310037677233,-0.0164158590848872,0.0
664.0,858.7878315906613,-611.7234057998899,0.0,-3.859941309240137,-0.016242867280306994,0.0
665.0,858.0361460788874,-611.0554840630158,0.0,-3.876082460007486,-0.016078419663029316,0.0
666.0,857.2955322673299,-610.3758060957495,0.0,-3.8920631299123376,-0.01592270504252635,0.0
667.0,856.566141288998,-609.6847404132888,0.0,-3.9078921688361916,-0.015775392937372894,0.0
668.0,855.8481242769011,-608.982655530832,0.0,-3.9235785895356634,-0.015628291957806222,0.0
669.0,855.1416323640482,-608.2699199635772,0.0,-3.9391315568159193,-0.01546032232822804,0.0
670.0,854.4468166834484,-607.5469022267226,0.0,-3.9545603789358217,-0.015251473125125108,0.0
671.0,853.7638283681113,-606.8139708354664,0.0,-3.969867435195259,-0.014993755442829564,0.0
672.0,853.0927976189956,-606.0714924234193,0.0,-3.984952421461651,-0.014684797496486261,0.0
673.0,852.4335567757547,-605.3198068493626,0.0,-3.999637681053365,-0.014322498059914368,0.0
674.0,851.7857164866161,-604.5592340441787,0.0,-4.013838241446916,-0.013905390187389757,0.0
675.0,851.1488821195029,-603.7900934641015,0.0,-4.027545093124553,-0.01343997318470753,0.0
676.0,850.5226590423378,-603.0127045653653,0.0,-4.040752218177837,-0.01294572996596848,0.0
677.0,849.9066526230439,-602.2273868042045,0.0,-4.053454690412705,-0.012441159399266377,0.0
678.0,849.3004682295444,-601.434459636853,0.0,-4.065648586341832,-0.01193281258510107,0.0
679.0,848.7037112297619,-600.6342425195451,0.0,-4.077330894900983,-0.011421687191843333,0.0
680.0,848.1159869916196,-599.8270549085153,0.0,-4.088499427137592,-0.010908563562743912,0.0
681.0,847.5369008830403,-599.0132162599973,0.0,-4.099152726952418,-0.01039413544792283,0.0
682.0,846.9660582719473,-598.1930460302257,0.0,-4.1092899838104655,-0.00987901204709304,0.0
683.0,846.4030645262635,-597.3668636754347,0.0,-4.1189109481777315,-0.009363720756551595,0.0
684.0,845.8475250139115,-596.5349886518582,0.0,-4.128015850291225,-0.008848710482147557,0.0
685.0,845.2990451028147,-595.6977404157306,0.0,-4.136605322734232,-0.008334355391657626,0.0
686.0,844.757230160896,-594.8554384232862,0.0,-4.144680327167887,-0.007820958993095824,0.0
687.0,844.2216855560781,-594.008402130759,0.0,-4.152242085462411,-0.007308758439146118,0.0
688.0,843.6920166562844,-593.1569509943834,0.0,-4.159292015377665,-0.006797928972097697,0.0
689.0,843.1678288294376,-592.3014044703935,0.0,-4.1658316708684255,-0.006288588437023179,0.0
690.0,842.6487274434606,-591.4420820150235,0.0,-4.171862687023113,-0.005780801803809117,0.0
691.0,842.1343178662768,-590.5793030845075,0.0,-4.17738672959389,-0.0052745856512702105,0.0
692.0,841.6242054658087,-589.7133871350801,0.0,-4.182405449040935,-0.00476991257739044,0.0
693.0,841.1179956099795,-588.8446536229751,0.0,-4.186920438979508,-0.004266715509823271,0.0
694.0,840.6152936667122,-587.9734220044268,0.0,-4.190933198904117,-0.0037648919001682024,0.0
695.0,840.1157050039297,-587.1000117356695,0.0,-4.194445101053741,-0.003264307793053866,0.0
696.0,839.6188349895551,-586.2247422729372,0.0,-4.1974573612758155,-0.0027648017731681635,0.0
697.0,839.1242889915113,-585.3479330724643,0.0,-4.199971013753249,-0.0022691107993022537,0.0
698.0,838.6316723777212,-584.4699035904852,0.0,-4.2019868894661085,-0.0017941504796025346,0.0
699.0,838.1405905161079,-583.5909732832337,0.0,-4.20350559827147,-0.0013679111012216971,0.0
700.0,837.6506487745942,-582.711461606944,0.0,-4.204527514573327,-0.0010069339011365816,0.0
701.0,837.1614525212132,-581.8316880177597,0.0,-4.20509367450053,-0.0007138008757701415,0.0
702.0,836.672671589728,-580.9519184468583,0.0,-4.205402732171764,-0.0004884068067717097,0.0
703.0,836.1842244950133,-580.0722123490839,0.0,-4.205650485574896,-0.00033067912744951964,0.0
704.0,835.6960897079372,-579.1925793986854,0.0,-4.20587496407008,-0.00023765771898024264,0.0
705.0,835.2082456993679,-578.313029269911,0.0,-4.206076151410059,-0.00019221966419229782,0.0
706.0,834.7206709401735,-577.4335716370092,0.0,-4.206254031622324,-0.00016618766558832275,0.0
707.0,834.2333439012222,-576.5542161742288,0.0,-4.206408589006767,-0.00014285766062968212,0.0
708.0,833.746243053382,-575.6749725558182,0.0,-4.206539808132813,-0.00011951235569223377,0.0
709.0,833.2593468675211,-574.7958504560261,0.0,-4.206647673838173,-9.615201866016877e-05,0.0
710.0,832.7726338145078,-573.9168595491006,0.0,-4.206732171226724,-7.277691598371406e-05,0.0
711.0,832.2860823652102,-573.0380095092908,0.0,-4.206793285667068,-4.938731312531531e-05,0.0
712.0,831.7996709904961,-572.1593100108449,0.0,-4.206831002792763,-2.598347490615335e-05,0.0
713.0,831.3133781612341,-571.2807707280116,0.0,-4.206845308500863,-2.565665838386417e-06,0.0
714.0,830.8271823482921,-570.4024013350394,0.0,-4.206836188952,2.0865849406462695e-05,0.0
715.0,830.3410620225383,-569.5242115061769,0.0,-4.2068036305713346,4.431080567528817e-05,0.0
716.0,829.8549956548409,-568.6462109156726,0.0,-4.206747620048338,6.776893697851044e-05,0.0
717.0,829.3689617160679,-567.768409237775,0.0,-4.2066681443382965,9.123997605880214e-05,0.0
718.0,828.8829386770876,-566.8908161467327,0.0,-4.206565190663805,0.0001147236540561179,0.0
719.0,828.3969050087679,-566.0134413167943,0.0,-4.206438746516572,0.00013821970008276452,0.0
720.0,827.9108391819774,-565.1362944222084,0.0,-4.2062887996593545,0.00016172784082092915,0.0
721.0,827.4247196675838,-564.2593851372233,0.0,-4.206115338128685,0.0001852478002245052,0.0
722.0,826.9385249364555,-563.3827231360876,0.0,-4.205918350237864,0.00020877929908141063,0.0
723.0,826.4522334594602,-562.5063180930503,0.0,-4.20569782458065,0.0002323220545934796,0.0
724.0,825.9658237074667,-561.6301796823592,0.0,-4.205453750034492,0.0002558757800152911,0.0
725.0,825.4792741513429,-560.7543175782635,0.0,-4.205186115764467,0.00027944018426489283,0.0
726.0,824.9925632619568,-559.8787414550113,0.0,-4.20489491122877,0.0003030149715578721,0.0
727.0,824.5056695101765,-559.0034609868513,0.0,-4.204580126182847,0.0003265998409887695,0.0
728.0,824.0185713668703,-558.1284858480323,0.0,-4.204241750684978,0.0003501944861105904,0.0
729.0,823.5312473029064,-557.2538257128025,0.0,-4.203879775101862,0.0003737985945824513,0.0
730.0,823.0436757891528,-556.3794902554106,0.0,-4.203494190114841,0.000397411847765269,0.0
731.0,822.5558352964777,-555.5054891501052,0.0,-4.2030849867264575,0.0004210339203411755,0.0
732.0,822.0677042957492,-554.6318320711346,0.0,-4.202652156266953,0.00044466447989702625,0.0
733.0,821.5792612578355,-553.7585286927477,0.0,-4.20219569040213,0.00046830318651215814,0.0
734.0,821.0904846536047,-552.8855886891928,0.0,-4.201715581140774,0.0004919496924111755,0.0
735.0,820.601352953925,-552.0130217347183,0.0,-4.201211820842275,0.0005156036415224616,0.0
736.0,820.1118446296645,-551.1408375035733,0.0,-4.200684402226007,0.0005392646691063493,0.0
737.0,819.6219381516914,-550.2690456700059,0.0,-4.200133318379526,0.0005629324013828477,0.0
738.0,819.1316119908737,-549.3976559082647,0.0,-4.199558562768016,0.0005866064550598919,0.0
739.0,818.6408446180798,-548.5266778925984,0.0,-4.19896012924408,0.0006102864369974854,0.0
740.0,818.1496145041775,-547.6561212972554,0.0,-4.198338012057514,0.0006339719438401836,0.0
741.0,817.6579001200353,-546.7859957964843,0.0,-4.19769220586603,0.0006576625615345602,0.0
742.0,817.165679936521,-545.9163110645337,0.0,-4.19702270574618,0.0006813578649946171,0.0
743.0,816.6729324245031,-545.0470767756519,0.0,-4.196329507204137,0.0007050574177125718,0.0
744.0,816.1796360548494,-544.1783026040879,0.0,-4.195612606187634,0.0007287607713207324,0.0
745.0,815.6857692984282,-543.3099982240899,0.0,-4.1948719990984245,0.0007524674652537351,0.0
746.0,815.1913106261078,-542.4421733099065,0.0,-4.194107682803747,0.000776177026324503,0.0
747.0,814.6962385087561,-541.5748375357864,0.0,-4.193319654649871,0.0007998889683188562,0.0
748.0,814.2005314172413,-540.708000575978,0.0,-4.1925079124751825,0.0008236027916666318,0.0
749.0,813.7041678224317,-539.8416721047299,0.0,-4.191672454623475,0.0008473179830084426,0.0
750.0,813.2071261951952,-538.9758617962906,0.0,-4.190813279958299,0.0008710340148001855,0.0
751.0,812.7093850064001,-538.1105793249086,0.0,-4.189930387877008,0.0008947503449647469,0.0
752.0,812.2109227269145,-537.2458343648327,0.0,-4.189023778325717,0.0009184664165029816,0.0
753.0,811.7117178276065,-536.3816365903111,0.0,-4.188093451814336,0.0009421816571153484,0.0
754.0,811.2117487793442,-535.5179956755926,0.0,-4.1871394094320795,0.0009658954788036894,0.0
755.0,810.710994052996,-534.6549212949259,0.0,-4.1861616528634675,0.000989607277509043,0.0
756.0,810.20943211943,-533.7924231225591,0.0,-4.185160184404149,0.0010133164327634145,0.0
757.0,809.707041449514,-532.930510832741,0.0,-4.1841350069780106,0.0010370223073010085,0.0
758.0,809.2038005141164,-532.0691940997201,0.0,-4.183086124154045,0.0010607242466898876,0.0
759.0,808.6996877841053,-531.2084825977449,0.0,-4.182013540163554,0.0010844215789780976,0.0
760.0,808.1946817303491,-530.3483860010642,0.0,-4.180917259917811,0.001108113614324692,0.0
761.0,807.6887608237154,-529.4889139839262,0.0,-4.17979728902639,0.0011317996446661583,0.0
762.0,807.1819035350728,-528.6300762205798,0.0,-4.1786536338154985,0.0011554789433692667,0.0
763.0,806.6740883352893,-527.7718823852732,0.0,-4.177486301346424,0.0011791507648551175,0.0
764.0,806.1652936952329,-526.9143421522551,0.0,-4.176295299435189,0.001202814344267151,0.0
765.0,805.655498085772,-526.0574651957742,0.0,-4.17508063667154,0.001226468897166187,0.0
766.0,805.1446799777746,-525.2012611900788,0.0,-4.173842322438889,0.0012501136191837173,0.0
767.0,804.6328178421088,-524.3457398094175,0.0,-4.172580366934504,0.001273747685665873,0.0
768.0,804.1198901496427,-523.490910728039,0.0,-4.171294781189957,0.0012973702513871133,0.0
769.0,803.6058753712448,-522.6367836201916,0.0,-4.169985577091605,0.001320980450238667,0.0
770.0,803.0907519777828,-521.783368160124,0.0,-4.1686527674017455,0.0013445773948974299,0.0
771.0,802.5744984401251,-520.9306740220851,0.0,-4.167296365780546,0.0013681601765572285,0.0
772.0,802.0570932291398,-520.0787108803227,0.0,-4.165916386806764,0.0013917278645999406,0.0
773.0,801.5385148156951,-519.227488409086,0.0,-4.164512846000324,0.0014152795063034115,0.0
774.0,801.0187416706589,-518.377016282623,0.0,-4.163085759844505,0.0014388141266301296,0.0
775.0,800.4977522648995,-517.5273041751827,0.0,-4.161635145808154,0.0014623307278909894,0.0
776.0,799.9755250692851,-516.6783617610137,0.0,-4.160161022369008,0.0014858282894718575,0.0
777.0,799.4520385546838,-515.8301987143639,0.0,-4.1586634090360945,0.0015093057676358284,0.0
778.0,798.9272711919638,-514.9828247094825,0.0,-4.157142326373375,0.0015327620952349439,0.0
779.0,798.4012014519931,-514.1362494206179,0.0,-4.155597796023461,0.0015561961814980483,0.0
780.0,797.8738078056399,-513.2904825220185,0.0,-4.154029840731021,0.0015796069117795597,0.0
781.0,797.3450687237724,-512.4455336879329,0.0,-4.152438484366907,0.0016029931473256248,0.0
782.0,796.8149626772588,-511.6014125926097,0.0,-4.150823751952464,0.0016263537251327723,0.0
783.0,796.2834681369671,-510.7581289102974,0.0,-4.149185669683726,0.0016496874577039808,0.0
784.0,795.7505635737654,-509.9156923152446,0.0,-4.147524264956463,0.0016729931328581646,0.0
785.0,795.216227458522,-509.0741124816997,0.0,-4.145839566390448,0.0016962695135701114,0.0
786.0,794.680438262105,-508.2333990839115,0.0,-4.144131603854529,0.0017195153377825686,0.0
787.0,794.1431744553826,-507.3935617961283,0.0,-4.142400408492097,0.0017427293183089887,0.0
788.0,793.6044145092228,-506.5546102925988,0.0,-4.140646012745816,0.0017659101426732754,0.0
789.0,793.0641368944938,-505.7165542475716,0.0,-4.138868450383573,0.001789056472933608,0.0
790.0,792.5223200820637,-504.879403335295,0.0,-4.1370677565236615,0.001812166945615891,0.0
791.0,791.978942542801,-504.04316723001784,0.0,-4.135243967660202,0.0018352401716197973,0.0
792.0,791.4339827475733,-503.20785560598847,0.0,-4.133397121689283,0.001858274736127731,0.0
793.0,790.8874191672489,-502.37347813745544,0.0,-4.131527257934623,0.0018812691985437317,0.0
794.0,790.3392302726961,-501.54004449866744,0.0,-4.1296344171733805,0.0019042220923978699,0.0
795.0,789.7893945347831,-500.7075643638729,0.0,-4.127718641661856,0.001927131925318142,0.0
796.0,789.2378904243778,-499.8760474073204,0.0,-4.125779975161745,0.0019499971790593357,0.0
797.0,788.6846964123487,-499.0455033032585,0.0,-4.123818462965877,0.0019728163094565915,0.0
798.0,788.1297909695634,-498.2159417259358,0.0,-4.121834151924416,0.001995587746411953,0.0
799.0,787.5731525668905,-497.3873723496007,0.0,-4.119827090470615,0.00201830989394309,0.0
800.0,787.014759675198,-496.55980484850187,0.0,-4.117797328646461,0.002040981130223456,0.0
801.0,786.4545907653539,-495.73324889688774,0.0,-4.115744918129151,0.0020635998076445894,0.0
802.0,785.8926243082267,-494.907714169007,0.0,-4.113669912256318,0.002086164252907276,0.0
803.0,785.3288387746842,-494.08321033910823,0.0,-4.111572366052079,0.0021086727670881007,0.0
804.0,784.7632126355946,-493.25974708143974,0.0,-4.1094523362524145,0.0021311236257568794,0.0
805.0,784.1957243618261,-492.43733407025036,0.0,-4.107309881330854,0.0021535150791398244,0.0
806.0,783.6263524242471,-491.61598097978845,0.0,-4.105145061523475,0.002175845352259691,0.0
807.0,783.0550752937252,-490.79569748430254,0.0,-4.1029579388543675,0.0021981126451036427,0.0
808.0,782.481871441129,-489.97649325804133,0.0,-4.100748577160648,0.0022203151328173804,0.0
809.0,781.9067193373264,-489.15837797525325,0.0,-4.098517042116864,0.002242450965926425,0.0
810.0,781.3295974531858,-488.34136131018687,0.0,-4.096263401259898,0.002264518270557593,0.0
811.0,780.750484259575,-487.5254529370908,0.0,-4.093987724013145,0.0022865151487194064,0.0
812.0,780.1693582273624,-486.7106625302135,0.0,-4.091690081710681,0.002308439678582376,0.0
813.0,779.5861978274161,-485.89699976380354,0.0,-4.089370547620678,0.0023302899147443767,0.0
814.0,779.000981530604,-485.08447431210953,0.0,-4.0870291969693575,0.002352063888566252,0.0
815.0,778.4136878077948,-484.27309584938,0.0,-4.084666106963586,0.002373759608548655,0.0
816.0,777.8242951298561,-483.46287404986344,0.0,-4.082281356813772,0.002395375060678249,0.0
817.0,777.2327819676561,-482.65381858780836,0.0,-4.079875027756568,0.0024169082088025184,0.0
818.0,776.6391267920632,-481.84593913746346,0.0,-4.077447203076547,0.0024383569950732842,0.0
819.0,776.0433080739455,-481.03924537307716,0.0,-4.074997968127597,0.002459719340356984,0.0
820.0,775.4453042841709,-480.23374696889806,0.0,-4.072527410354266,0.002480993144698423,0.0
821.0,774.8450938936078,-479.42945359917474,0.0,-4.070035619312534,0.002502176287847594,0.0
822.0,774.2426553731243,-478.62637493815566,0.0,-4.067522686689383,0.002523266629732568,0.0
823.0,773.6379671935883,-477.82452066008943,0.0,-4.0649887063229775,0.002544262010964233,0.0
824.0,773.0310078258683,-477.02390043922463,0.0,-4.062433774221585,0.002565160253450723,0.0
825.0,772.4217557408323,-476.2245239498097,0.0,-4.059857988581664,0.002585959160958749,0.0
826.0,771.8101894093484,-475.4264008660933,0.0,-4.057261449806225,0.0026066565197049307,0.0
827.0,771.1962873022846,-474.6295408623239,0.0,-4.0546442605221396,0.002627250098999223,0.0
828.0,770.5800278905094,-473.83395361275,0.0,-4.052006525596351,0.002647737651882563,0.0
829.0,769.9613896448908,-473.0396487916204,0.0,-4.049348352152144,0.002668116915842043,0.0
830.0,769.3403510362969,-472.2466360731833,0.0,-4.046669849584347,0.0026883856134874507,0.0
831.0,768.7168905355956,-471.4549251316876,0.0,-4.043971129574226,0.0027085414532672025,0.0
832.0,768.0909866136556,-470.66452564138154,0.0,-4.041252306102667,0.0027285821302442314,0.0
833.0,767.4626177413445,-469.8754472765138,0.0,-4.038513495463433,0.00274850532685925,0.0
834.0,766.8317623895307,-469.08769971133296,0.0,-4.035754816276107,0.0027683087137520624,0.0
835.0,766.1983990290823,-468.3012926200875,0.0,-4.032976389496643,0.0027879899505672667,0.0
836.0,765.5625061308675,-467.51623567702603,0.0,-4.030178338428433,0.0028075466867670024,0.0
837.0,764.9240621657544,-466.73253855639706,0.0,-4.027360788732029,0.0028269765625639843,0.0
838.0,764.2830456046112,-465.9502109324492,0.0,-4.024523868434016,0.002846277209809297,0.0
839.0,763.6394349183059,-465.16926247943087,0.0,-4.021667707934935,0.0028654462528512016,0.0
840.0,762.9932085777068,-464.38970287159077,0.0,-4.018792440016426,0.002884481309517588,0.0
841.0,762.344345053682,-463.61154178317724,0.0,-4.015898199847218,0.002903379992086373,0.0
842.0,761.6928228170997,-462.8347888884391,0.0,-4.012985124988202,0.0029221399082260792,0.0
843.0,761.0386203388277,-462.05945386162466,0.0,-4.010053355396957,0.0029407586620348192,0.0
844.0,760.3817160897347,-461.28554637698255,0.0,-4.007103033430258,0.002959233855058141,0.0
845.0,759.7220885406883,-460.51307610876137,0.0,-4.004134303846577,0.002977563087312626,0.0
846.0,759.059716162557,-459.7420527312097,0.0,-4.001147313807209,0.0029957439583852947,0.0
847.0,758.3945774262089,-458.97248591857596,0.0,-3.998142212875665,0.003013774068477502,0.0
848.0,757.7266508025119,-458.20438534510873,0.0,-3.995119153017165,0.003031651019525215,0.0
849.0,757.0559147623346,-457.4377606850566,0.0,-3.9920782885958777,0.0030493724235921083,0.0
850.0,756.3823477765446,-456.67262161266814,0.0,-3.989019776371887,0.0030747935024589674,0.0
851.0,755.7059283160105,-455.9089778021918,0.0,-3.9859437754966436,0.0031541962605137193,0.0
852.0,755.0266348516002,-455.1468389278762,0.0,-3.9828504475068387,0.0033642053885497725,0.0
853.0,754.3444458541818,-454.38621466396995,0.0,-3.9797399562166578,0.003750996772446153,0.0
854.0,753.6593397945295,-453.6271146849273,0.0,-3.976502461431791,0.0043233780657379985,0.0
855.0,752.9711933263577,-452.8697715267382,0.0,-3.972600156813847,0.0050832537654263345,0.0
856.0,752.2794876736759,-452.1152832588437,0.0,-3.9674984093594987,0.006032990427122765,0.0
857.0,751.5836080771612,-451.36495804310874,0.0,-3.96108570079402,0.007167507189863269,0.0
858.0,750.8829397774908,-450.6201040413982,0.0,-3.953350558154179,0.008443643852017266,0.0
859.0,750.1768680153414,-449.882029415577,0.0,-3.944278112133335,0.009788169250366836,0.0
860.0,749.4647780313902,-449.1520423275101,0.0,-3.933850425610443,0.011158481791829988,0.0
861.0,748.7460550663145,-448.4314509390625,0.0,-3.92204689137992,0.012549420307211623,0.0
862.0,748.0200843607911,-447.7215634120989,0.0,-3.9088447129374764,0.013962670457343864,0.0
863.0,747.2862511554969,-447.0236879084844,0.0,-3.894219483730734,0.01539924895374302,0.0
864.0,746.5439406911092,-446.339132590084,0.0,-3.878145881337165,0.01685938124200297,0.0
865.0,745.7925382083051,-445.6692056187625,0.0,-3.860598493310071,0.018342365661585057,0.0
866.0,745.0314289477612,-445.01521515638484,0.0,-3.8415527905746285,0.01984642665650346,0.0
867.0,744.2599981501552,-444.37846936481606,0.0,-3.820986261816747,0.021368561518027112,0.0
868.0,743.4776310561635,-443.7602764059209,0.0,-3.7988797177855744,0.022904387459169038,0.0
869.0,742.6837129064635,-443.1619444415645,0.0,-3.775218767269631,0.024447998479175732,0.0
870.0,741.8776289417323,-442.5847816336117,0.0,-3.7499954562075306,0.025991428170816518,0.0
871.0,741.0587644026467,-442.0300961439275,0.0,-3.7232100476079886,0.027481738794597806,0.0
872.0,740.2265045298839,-441.49919613437663,0.0,-3.694872902610881,0.028743350928809527,0.0
873.0,739.3802345641209,-440.9933897668242,0.0,-3.6650064025653584,0.029558131421387773,0.0
874.0,738.5193397460347,-440.5139852031351,0.0,-3.633652655434586,0.029826111579611708,0.0
875.0,737.6432108937612,-440.06228056745874,0.0,-3.601468981043366,0.02953964473215485,0.0
876.0,736.7518139399683,-439.63853895412893,0.0,-3.570222591008506,0.02870335311458962,0.0
877.0,735.8461817770718,-439.2411032570862,0.0,-3.541177792569227,0.02732558425147144,0.0
878.0,734.927463183171,-438.86810781157396,0.0,-3.5144621491317283,0.025460962408935223,0.0
879.0,733.996806936365,-438.5176869528357,0.0,-3.4900657748369732,0.023287796555768545,0.0
880.0,733.0553618147533,-438.1879750161151,0.0,-3.4679665867350113,0.021027825848872212,0.0
881.0,732.1042765964346,-437.8771063366555,0.0,-3.4481342917443327,0.01878542367807845,0.0
882.0,731.1447000595085,-437.5832152497006,0.0,-3.4305338710085262,0.01657343967251926,0.0
883.0,730.177780982074,-437.30443609049365,0.0,-3.4151285492625862,0.014393314728393794,0.0
884.0,729.2046681422303,-437.0389031942785,0.0,-3.4018822724309357,0.012244147118407312,0.0
885.0,728.2265103180766,-436.7847508962983,0.0,-3.3907617377769212,0.010137849408314128,0.0
886.0,727.2444562877121,-436.5401135317968,0.0,-3.3817380307765106,0.008159608756055845,0.0
887.0,726.259654829236,-436.30312543601747,0.0,-3.374787924597961,0.006454460222991834,0.0
888.0,725.2732547207474,-436.0719209442039,0.0,-3.369894894223681,0.005108143994918387,0.0
889.0,724.2864047403457,-435.84463439159947,0.0,-3.3668433768127803,0.004131720772622138,0.0
890.0,723.3000518320953,-435.619782729103,0.0,-3.3645845208735503,0.003521726115218853,0.0
891.0,722.3143220889933,-435.3974389904077,0.0,-3.362063857698086,0.0032755797766261174,0.0
892.0,721.3291329561704,-435.17807174180575,0.0,-3.3590661365809136,0.003376958803657372,0.0
893.0,720.3444018787221,-434.9621495496556,0.0,-3.3555895411558083,0.003735794027493704,0.0
894.0,719.360046301744,-434.75014098031545,0.0,-3.351632248605599,0.004202081084687035,0.0
895.0,718.3759836703316,-434.54251460014365,0.0,-3.347192453343277,0.004685339885951181,0.0
896.0,717.3921314295806,-434.3397389754986,0.0,-3.342268394441981,0.005170255303147885,0.0
897.0,716.4084070245865,-434.1422826727384,0.0,-3.3368583868594377,0.0056567261514873955,0.0
898.0,715.4247279004449,-433.95061425822155,0.0,-3.33096085652658,0.006144614139734487,0.0
899.0,714.4410115022513,-433.7652022983063,0.0,-3.324574379349103,0.00663374000534102,0.0
900.0,713.4571752751015,-433.586515359351,0.0,-3.3176977241435486,0.007123879662859115,0.0
901.0,712.4731366640907,-433.4150220077138,0.0,-3.3103298994970354,0.007614760403023667,0.0
902.0,711.4888131143149,-433.25119080975304,0.0,-3.302470204495558,0.008106057190969462,0.0
903.0,710.5041220708694,-433.0954903318271,0.0,-3.294118283214926,0.008597389120932235,0.0
904.0,709.5189809788496,-432.94838914029435,0.0,-3.2852741828064653,0.009088316094434737,0.0
905.0,708.5333072833516,-432.8103558015129,0.0,-3.275938414937221,0.009578312039725066,0.0
906.0,707.5470184294707,-432.6818588818412,0.0,-3.2661120202648894,0.010057085463386668,0.0
907.0,706.5600318623023,-432.5633669476376,0.0,-3.2557966355347108,0.010480164546903195,0.0
908.0,705.5722650269422,-432.4553485652603,0.0,-3.244994562783787,0.0107845666937629,0.0
909.0,704.5836353684861,-432.3582723010676,0.0,-3.2337091726526555,0.010937883937800043,0.0
910.0,703.5940604074527,-432.27260606477773,0.0,-3.222080118570415,0.010936241075524078,0.0
911.0,702.6034883935695,-432.1985502361854,0.0,-3.2105900437943315,0.010779777195616402,0.0
912.0,701.6119453766847,-432.1356278635896,0.0,-3.1996386202366742,0.010468845690339838,0.0
913.0,700.6194695325444,-432.08325642666284,0.0,-3.1892814398362357,0.01001368679302983,0.0
914.0,699.6260990368937,-432.04085340507754,0.0,-3.1795198409060275,0.009458836940781312,0.0
915.0,698.6318720654785,-432.0078362785062,0.0,-3.1703544766738405,0.008867455088660619,0.0
916.0,697.6368267940444,-431.9836225266213,0.0,-3.161785419097844,0.008272234565088361,0.0
917.0,696.6410013983367,-431.9676296290952,0.0,-3.1538122570228087,0.007677443576282972,0.0
918.0,695.6444340541013,-431.9592750656005,0.0,-3.1464341881709994,0.007083443629239072,0.0
919.0,694.6471629370836,-431.95797631580956,0.0,-3.1396501046187577,0.006490514463863046,0.0
920.0,693.6492262230295,-431.96315085939483,0.0,-3.133458671542915,0.00589886063721577,0.0
921.0,692.6506620876842,-431.9742161760288,0.0,-3.1278583991313864,0.005308618212104933,0.0
922.0,691.6515087067936,-431.9905897453839,0.0,-3.1228477076391346,0.004719861468940006,0.0
923.0,690.6518042561029,-432.0116890471327,0.0,-3.1184249856384674,0.00413260957875499,0.0
924.0,689.6515869113582,-432.0369315609475,0.0,-3.1145886415611646,0.003546833192403406,0.0
925.0,688.6508948483047,-432.06573476650084,0.0,-3.1113371486631745,0.0029624609160317584,0.0
926.0,687.6497662426882,-432.0975161434652,0.0,-3.1086690835614226,0.0023793856562146815,0.0
927.0,686.6482392702542,-432.13169317151295,0.0,-3.1065831584976804,0.0017974708292614048,0.0
928.0,685.6463521067483,-432.16768333031666,0.0,-3.1050782474829735,0.0012165564385324043,0.0
929.0,684.6441429279162,-432.2049040995488,0.0,-3.104153406463103,0.0006364650313075425,0.0
930.0,683.6416499095033,-432.2427729588817,0.0,-3.1038078876274935,5.7007552459012875e-05,0.0
931.0,682.6389112272553,-432.28070738798783,0.0,-3.1040411479624788,-0.0005220108835023282,0.0
932.0,681.6359650569179,-432.31812486653973,0.0,-3.1048528521224066,-0.0011007852775940677,0.0
933.0,680.6328495742365,-432.35444287420984,0.0,-3.106242869663885,-0.0016795050631684483,0.0
934.0,679.6296029549569,-432.38907889067065,0.0,-3.108211266660792,-0.002258348428745568,0.0
935.0,678.6262633748246,-432.42145039559455,0.0,-3.1107582916888945,-0.0028374766226253456,0.0
936.0,677.6228690095851,-432.450974868654,0.0,-3.113884356143499,-0.0034170282180534524,0.0
937.0,676.6194580349841,-432.47706978952147,0.0,-3.117590008831456,-0.00399711332188787,0.0
938.0,675.6160686267671,-432.49915263786954,0.0,-3.1218759047609543,-0.004577807715240427,0.0
939.0,674.6127389606797,-432.51664089337044,0.0,-3.126742768040686,-0.005159146921913057,0.0
940.0,673.6095072124676,-432.5289520356968,0.0,-3.132191348798354,-0.00574112020909626,0.0
941.0,672.6064115578765,-432.5355035445211,0.0,-3.138222374032753,-0.006323664535041327,0.0
942.0,671.6034901726516,-432.5357128995156,0.0,-3.1448364923302994,-0.006906658470521393,0.0
943.0,670.6007812325389,-432.52899758035295,0.0,-3.1520342124088767,-0.0074899161343210865,0.0
944.0,669.5983229132838,-432.5147750667055,0.0,-3.1598158354934256,-0.008073181198105182,0.0
945.0,668.5961533906318,-432.4924628382458,0.0,-3.168181381589563,-0.008656121032685902,0.0
946.0,667.5943108403287,-432.4614783746462,0.0,-3.1771305097993765,-0.009238321085345027,0.0
947.0,666.59283343812,-432.4212391555793,0.0,-3.1866624329201585,-0.009819279596512187,0.0
948.0,665.5917593597512,-432.3711626607175,0.0,-3.196775826684421,-0.010398402783061922,0.0
949.0,664.5911267809681,-432.31066636973316,0.0,-3.207468734136234,-0.010972569850908474,0.0
950.0,663.5909738775163,-432.2391677622988,0.0,-3.2187384657977725,-0.011526323106709788,0.0
951.0,662.5913388251411,-432.1560843180869,0.0,-3.2305814964557005,-0.012034787401690266,0.0
952.0,661.5922597995883,-432.06083351676995,0.0,-3.2429933595901552,-0.012483864706686054,0.0
953.0,660.5937749766034,-431.9528328380204,0.0,-3.255934509711503,-0.012872440222371726,0.0
954.0,659.5959727276002,-431.8315743596914,0.0,-3.269226956501969,-0.013202099389178632,0.0
955.0,658.5991489984688,-431.69685864598574,0.0,-3.2826983267262744,-0.013474543779000259,0.0
956.0,657.6036533837146,-431.5485659908755,0.0,-3.2963203399879855,-0.01369403589485807,0.0
957.0,656.6098354779131,-431.3865766884378,0.0,-3.310101023059225,-0.013877219421629736,0.0
958.0,655.61804487564,-431.2107710327501,0.0,-3.3240483306427486,-0.01405021063434158,0.0
959.0,654.6286311714708,-431.0210293178896,0.0,-3.3381701383091107,-0.014228415089372337,0.0
960.0,653.6419439599815,-430.8172318379336,0.0,-3.3524742335205606,-0.014414333098006089,0.0
961.0,652.6583328357476,-430.5992588869593,0.0,-3.3669683045957277,-0.014607854497615274,0.0
962.0,651.678147393345,-430.36699075904403,0.0,-3.3816599275132977,-0.01480885459263459,0.0
963.0,650.7017372273491,-430.1203077482651,0.0,-3.396556550452175,-0.015017191849233667,0.0
964.0,649.7294519323357,-429.8590901486998,0.0,-3.411665475967121,-0.015232705492608783,0.0
965.0,648.7616411028806,-429.5832182544253,0.0,-3.4269938407014666,-0.015455213016316485,0.0
966.0,647.7986543335594,-429.2925723595189,0.0,-3.442548592547277,-0.015684507612898503,0.0
967.0,646.8408412189476,-428.98703275805786,0.0,-3.4583364651716657,-0.015920355538551294,0.0
968.0,645.8885513536216,-428.6664797441196,0.0,-3.4743639498411456,-0.016162493428818796,0.0
969.0,644.9421343321561,-428.33079361178125,0.0,-3.4906372644963106,-0.016410625586661173,0.0
970.0,644.0019397491274,-427.97985465512005,0.0,-3.507162320049741,-0.016664421269226973,0.0
971.0,643.0683171991111,-427.6135431682134,0.0,-3.523944683909273,-0.01692328675638472,0.0
972.0,642.1416162766828,-427.2317394451386,0.0,-3.540989540762778,-0.01717726590167712,0.0
973.0,641.2221865764184,-426.83432377997275,0.0,-3.558301650699222,-0.01739529658499493,0.0
974.0,640.3103776928933,-426.4211764667932,0.0,-3.575885304788898,-0.01754235460467541,0.0
975.0,639.4065392206834,-425.9921777996773,0.0,-3.5937411248132993,-0.01760345701939611,0.0
976.0,638.5110166178343,-425.54721307643354,0.0,-3.6117418121476366,-0.017576555366570448,0.0
977.0,637.6239891431601,-425.08636863688105,0.0,-3.629591924588344,-0.017460620388612003,0.0
978.0,636.7454169848121,-424.6099958184918,0.0,-3.6471080438361256,-0.01725504651297641,0.0
979.0,635.8752453665934,-424.1184640602824,0.0,-3.6642745791074707,-0.01696874664685447,0.0
980.0,635.0134195123067,-423.6121428012695,0.0,-3.6810883874865157,-0.016631891339972116,0.0
981.0,634.1598846457543,-423.09140148046964,0.0,-3.6975472534421727,-0.016278760890760857,0.0
982.0,633.3145859907394,-422.55660953689943,0.0,-3.7136498273416945,-0.015923738479710625,0.0
983.0,632.4774687710645,-422.0081364095754,0.0,-3.729395562675204,-0.015568413978171228,0.0
984.0,631.6484782105324,-421.44635153751426,0.0,-3.7447846528203863,-0.015213496856175296,0.0
985.0,630.827559532946,-420.87162435973255,0.0,-3.7598179680747355,-0.014859635227241524,0.0
986.0,630.0146579621077,-420.2843243152468,0.0,-3.7744969935848096,-0.014507416821096636,0.0
987.0,629.2097187218203,-419.6848208430738,0.0,-3.788823768703574,-0.014157370450036144,0.0
988.0,628.4126870358866,-419.0734833822299,0.0,-3.8028008282115686,-0.013809967881161305,0.0
989.0,627.6235081281092,-418.4506813717319,0.0,-3.81643114575368,-0.013465626032067073,0.0
990.0,626.8421272222911,-417.8167842505963,0.0,-3.8297180797585715,-0.013126171466284729,0.0
991.0,626.0684895422347,-417.17216145783965,0.0,-3.842665322037525,-0.012813031857295177,0.0
992.0,625.302540311743,-416.51718243247865,0.0,-3.855276849193855,-0.012576837867407787,0.0
993.0,624.5442247546185,-415.8522166135298,0.0,-3.867556876914629,-0.012461546076268988,0.0
994.0,623.7934880946641,-415.17763344000974,0.0,-3.879530285901741,-0.012481157049645475,0.0
995.0,623.0503119599967,-414.4937795911588,0.0,-3.891476757015534,-0.012637198645883148,0.0
996.0,622.3151292754408,-413.80071959800625,0.0,-3.9038309470934234,-0.012930965879187786,0.0
997.0,621.588678046592,-413.0983272567673,0.0,-3.916779923486594,-0.01336227682378599,0.0
998.0,620.8717020274331,-412.38647276979714,0.0,-3.930339677004539,-0.013911267256869688,0.0
999.0,620.1649449719467,-411.6650263394509,0.0,-3.944523275269205,-0.014528771782251251,0.0
1000.0,619.4691506341156,-410.9338581680839,0.0,-3.959343973147908,-0.015172180521894951,0.0
1001.0,618.7850627679225,-410.1928384580513,0.0,-3.9748150652014655,-0.015828697055118753,0.0
1002.0,618.11342512735,-409.44183741170855,0.0,-3.990949719311985,-0.016497827342396545,0.0
1003.0,617.4549814663808,-408.68072523141063,0.0,-4.00776078974849,-0.017179108231853472,0.0
1004.0,616.8104755389976,-407.90937211951285,0.0,-4.025260608138057,-0.017871854033757777,0.0
1005.0,616.1806510991831,-407.12764827837043,0.0,-4.043460751124739,-0.018575133877791875,0.0
1006.0,615.56625190092,-406.33542391033865,0.0,-4.062371783942557,-0.019287748908017432,0.0
1007.0,614.968021698191,-405.5325692177727,0.0,-4.082002979720505,-0.020008210025125157,0.0
1008.0,614.3867042449785,-404.7189544030277,0.0,-4.102362015101478,-0.02073403506335999,0.0
1009.0,613.8230432952657,-403.89444966845906,0.0,-4.123454643701059,-0.021431792519081862,0.0
1010.0,613.2777826030351,-403.058925216422,0.0,-4.14528435007166,-0.021997293716284512,0.0
1011.0,612.7516659222694,-402.2122512492716,0.0,-4.167851988166639,-0.022312622015144168,0.0
1012.0,612.2454370069511,-401.3542979693632,0.0,-4.1911458619831965,-0.02232825827978679,0.0
1013.0,611.759822178755,-400.4849434114106,0.0,-4.214731768351245,-0.022039704448102434,0.0
1014.0,611.294784418735,-399.6044085800562,0.0,-4.2376051073398,-0.021446542289907975,0.0
1015.0,610.8492424874194,-398.71338364957586,0.0,-4.259136595694201,-0.02055005097400413,0.0
1016.0,610.4220398025702,-397.81259264584764,0.0,-4.279275679025351,-0.019383046465958502,0.0
1017.0,610.0120197819502,-396.90275959474945,0.0,-4.2980191770208025,-0.018049588749258785,0.0
1018.0,609.6180258433219,-395.9846085221594,0.0,-4.315368753276208,-0.01666786925043638,0.0
1019.0,609.2389014044476,-395.05886345395544,0.0,-4.331329810509685,-0.01528801935646719,0.0
1020.0,608.8734898830897,-394.1262484160155,0.0,-4.3459104703481755,-0.013915437582939687,0.0
1021.0,608.5206346970107,-393.1874874342178,0.0,-4.359120647832492,-0.012551697158928756,0.0
1022.0,608.1791792639731,-392.24330453444014,0.0,-4.370971224707618,-0.011197590825694523,0.0
1023.0,607.8479670017391,-391.2944237425606,0.0,-4.381473321002475,-0.009854376155585662,0.0
1024.0,607.5258413280715,-390.34156908445715,0.0,-4.390637661204834,-0.008545541860620618,0.0
1025.0,607.2116456607323,-389.3854645860078,0.0,-4.398474029317179,-0.007333836251954511,0.0
1026.0,606.9042234174843,-388.42683427309066,0.0,-4.4049908060284375,-0.006278721320313771,0.0
1027.0,606.6024180160898,-387.4664021715835,0.0,-4.410210741007623,-0.005399237329785945,0.0
1028.0,606.3051010677801,-386.5048734335793,0.0,-4.414457963221734,-0.004694545880161272,0.0
1029.0,606.0116741815837,-385.5425984103905,0.0,-4.418307616845739,-0.004163306512206041,0.0
1030.0,605.7220104764605,-384.5796118065636,0.0,-4.422039027348746,-0.0038032557031501464,0.0
1031.0,605.4359995171033,-383.6159373172423,0.0,-4.425661277475566,-0.003589579370807997,0.0
1032.0,605.1535308682049,-382.65159863757043,0.0,-4.429174055368705,-0.0034580094084252057,0.0
1033.0,604.8744940944588,-381.6866194626917,0.0,-4.432577071147796,-0.003347480525407104,0.0
1034.0,604.5987787605578,-380.7210234877501,0.0,-4.435870055732366,-0.003237362801216749,0.0
1035.0,604.3262744311946,-379.7548344078892,0.0,-4.439052759688303,-0.003127002669381199,0.0
1036.0,604.0568706710628,-378.78807591825296,0.0,-4.4421249520971235,-0.0030164181488776844,0.0
1037.0,603.7904570448549,-377.82077171398515,0.0,-4.4450864194530615,-0.002905626172880181,0.0
1038.0,603.5269231172641,-376.8529454902296,0.0,-4.447936964588285,-0.0027946426174616508,0.0
1039.0,603.2661584529833,-375.88462094213,0.0,-4.4506764056273225,-0.002683482331888928,0.0
1040.0,603.0080526167056,-374.9158217648303,0.0,-4.453304574973466,-0.0025721591703198954,0.0
1041.0,602.7524951731241,-373.9465716534742,0.0,-4.455821318327018,-0.002460686024692103,0.0
1042.0,602.4993756869316,-372.97689430320554,0.0,-4.458226493738113,-0.0023490748588257705,0.0
1043.0,602.2485837228211,-372.0068134091681,0.0,-4.460519970693758,-0.002237336743555561,0.0
1044.0,602.0000088454857,-371.0363526665058,0.0,-4.462701629240906,-0.002125481892818661,0.0
1045.0,601.7535406196184,-370.06553577036226,0.0,-4.46477135914613,-0.0020135197005797245,0.0
1046.0,601.5090686099122,-369.09438641588133,0.0,-4.466729059093038,-0.001901458778453792,0.0
1047.0,601.2664823810602,-368.1229282982069,0.0,-4.468574635917529,-0.0017893069941311726,0.0
1048.0,601.0256714977551,-367.1511851124827,0.0,-4.470308003882417,-0.001677071510371965,0.0
1049.0,600.7865255246902,-366.1791805538525,0.0,-4.4719290839908306,-0.00156475882448153,0.0
1050.0,600.5489340265585,-365.20693831746024,0.0,-4.473437803339394,-0.0014523748083354882,0.0
1051.0,600.3127865680527,-364.2344820984496,0.0,-4.474834094513106,-0.0013399247487838448,0.0
1052.0,600.0779727138662,-363.26183559196437,0.0,-4.476117895019137,-0.001227413388479156,0.0
1053.0,599.8443820286916,-362.2890224931484,0.0,-4.4772891467627725,-0.0011148449670644717,0.0
1054.0,599.6119040772223,-361.31606649714564,0.0,-4.478347795564491,-0.001002223262534915,0.0
1055.0,599.3804284241511,-360.3429912990996,0.0,-4.479293790718429,-0.0008895516329693161,0.0
1056.0,599.1498446341709,-359.36982059415425,0.0,-4.480127084593527,-0.000776833058495566,0.0
1057.0,598.9200422719749,-358.3965780774534,0.0,-4.4808476322756,-0.0006640701833891301,0.0
1058.0,598.6909109022561,-357.42328744414084,0.0,-4.481455391252389,-0.000551265358419682,0.0
1059.0,598.4623400897071,-356.44997238936025,0.0,-4.481950321141425,-0.00043842068332043476,0.0
1060.0,598.2342193990215,-355.47665660825567,0.0,-4.482332383459423,-0.00032553804945616746,0.0
1061.0,598.0064383948919,-354.50336379597064,0.0,-4.482601541435288,-0.00021261918257867559,0.0
1062.0,597.7788866420117,-353.53011764764915,0.0,-4.482757759865507,-9.966568567554292e-05,0.0
1063.0,597.5514537050733,-352.55694185843487,0.0,-4.482801005012935,1.3320917969953226e-05,0.0
1064.0,597.3240291487701,-351.58386012347177,0.0,-4.482731244548578,0.0001263391416839177,0.0
1065.0,597.0965025377952,-350.61089613790347,0.0,-4.482548447535512,0.0002393874922175243,0.0
1066.0,596.8687634368414,-349.63807359687394,0.0,-4.482252584457759,0.0003524644264787062,0.0
1067.0,596.6407014106017,-348.66541619552686,0.0,-4.481843627291509,0.00046556830820427506,0.0
1068.0,596.412206023769,-347.6929476290061,0.0,-4.4813215496196275,0.0005786973644490751,0.0
1069.0,596.1831668410366,-346.7206915924554,0.0,-4.4806863267901225,0.0006918496421404186,0.0
1070.0,595.9534734270975,-345.74867178101863,0.0,-4.479937936117618,0.0008050229646284608,0.0
1071.0,595.7230153466444,-344.77691188983954,0.0,-4.479076357129036,0.0009182148880569736,0.0
1072.0,595.4916821643703,-343.80543561406193,0.0,-4.4781015718527675,0.0010314226577926736,0.0
1073.0,595.2593634449686,-342.83426664882967,0.0,-4.477013565150538,0.0011446431648563277,0.0
1074.0,595.025948753132,-341.8634286892864,0.0,-4.475812325093932,0.001257872902366167,0.0
1075.0,594.7913276535535,-340.89294543057616,0.0,-4.474497843384407,0.001371107922082932,0.0
1076.0,594.5553897109262,-339.9228405678426,0.0,-4.473070115816245,0.0014843437909199,0.0
1077.0,594.318024489943,-338.95313779622956,0.0,-4.471529142783506,0.0015975755475921638,0.0
1078.0,594.0791215552971,-337.9838608108808,0.0,-4.469874929830021,0.001710797659499885,0.0
1079.0,593.8385704716814,-337.01503330694015,0.0,-4.468107488242621,0.0018240039796886263,0.0
1080.0,593.5962608037887,-336.04667897955153,0.0,-4.466226835687806,0.0019371877040830524,0.0
1081.0,593.3520821163123,-335.0788215238585,0.0,-4.464232996890374,0.0020503413290262297,0.0
1082.0,593.1059239739451,-334.11148463500507,0.0,-4.462126004354967,0.0021634566090960356,0.0
1083.0,592.85767594138,-333.1446920081349,0.0,-4.459905899130045,0.002276524515422056,0.0
1084.0,592.6072275833102,-332.1784673383919,0.0,-4.457572731612544,0.0023895351944591375,0.0
1085.0,592.3544684644285,-331.2128343209198,0.0,-4.455126562394616,0.0025024779272586296,0.0
1086.0,592.0992881494279,-330.24781665086243,0.0,-4.4525674631506815,0.0026153410894813284,0.0
1087.0,591.8415762030016,-329.2834380233636,0.0,-4.449895517563837,0.002728112112132562,0.0
1088.0,591.5812221898426,-328.31972213356715,0.0,-4.447110822291915,0.002840777443103182,0.0
1089.0,591.3181156746436,-327.3566926766168,0.0,-4.444213487971805,0.00295332250974502,0.0
1090.0,591.052146222098,-326.3943733476564,0.0,-4.441203640260468,0.0030657316824926895,0.0
1091.0,590.7832033968986,-325.43278784182974,0.0,-4.4380814209122645,0.00317798823968461,0.0
1092.0,590.5111767637383,-324.47195985428067,0.0,-4.434846988891451,0.0032900743337526605,0.0
1093.0,590.2359558873102,-323.51191308015285,0.0,-4.431500521517417,0.00340197095888969,0.0
1094.0,589.9574303323074,-322.55267121459025,0.0,-4.428042215642204,0.0035136579204089508,0.0
1095.0,589.6754896634228,-321.5942579527366,0.0,-4.424472288857963,0.003625113805857299,0.0
1096.0,589.3900234453492,-320.6366969897357,0.0,-4.420790980733219,0.003736315958088035,0.0
1097.0,589.10092124278,-319.6800120207313,0.0,-4.416998554074598,0.0038472404505673274,0.0
1098.0,588.8080726204082,-318.7242267408673,0.0,-4.4130952962124095,0.003957862064952459,0.0
1099.0,588.5113671429264,-317.76936484528744,0.0,-4.409081520309304,0.0040681708528689875,0.0
1100.0,588.2106943750279,-316.8154500291356,0.0,-4.404957566686331,0.004181901589996936,0.0
1101.0,587.9059438814056,-315.8625059875555,0.0,-4.400723804165347,0.004314960871267497,0.0
1102.0,587.5970052267526,-314.91055641569096,0.0,-4.396380631425486,0.004489196752572294,0.0
1103.0,587.2837679757617,-313.9596250086858,0.0,-4.391928246225531,0.004715565080460671,0.0
1104.0,586.9661213099357,-313.00973578310777,0.0,-4.38731466632233,0.004995489670312254,0.0
1105.0,586.6438683481385,-312.0609849457199,0.0,-4.382369731766933,0.005329265361329304,0.0
1106.0,586.3166177660737,-311.1136318041379,0.0,-4.376958330218768,0.005717192149855396,0.0
1107.0,585.9839515498646,-310.1679580534627,0.0,-4.3710628456504175,0.006155839314987675,0.0
1108.0,585.6454516856343,-309.22424538879494,0.0,-4.364681669816889,0.006629611340012799,0.0
1109.0,585.3007001595057,-308.2827755052354,0.0,-4.357813050715333,0.007116970700350729,0.0
1110.0,584.9492789576018,-307.34383009788496,0.0,-4.350455136837708,0.007607263356449423,0.0
1111.0,584.590770066046,-306.4076908618444,0.0,-4.342606025300325,0.008099349776303427,0.0
1112.0,584.2247554709612,-305.47463949221446,0.0,-4.334263814028758,0.008593192451867944,0.0
1113.0,583.8508171584706,-304.544957684096,0.0,-4.325426658152033,0.009088695127680386,0.0
1114.0,583.4685371146973,-303.61892713258976,0.0,-4.316092830726861,0.009585698532069094,0.0
1115.0,583.077497325764,-302.6968295327965,0.0,-4.306260787872198,0.010083976084292092,0.0
1116.0,582.6772797777943,-301.7789465798172,0.0,-4.295929238333874,0.01058322964286264,0.0
1117.0,582.2674664569112,-300.86555996875245,0.0,-4.285097217431642,0.011083085373560588,0.0
1118.0,581.8476393492375,-299.956951394703,0.0,-4.273764165257424,0.011583089830045397,0.0
1119.0,581.4173804408964,-299.0534025527699,0.0,-4.261930008891571,0.01208270635459804,0.0
1120.0,580.9762717180112,-298.1551951380538,0.0,-4.249595248289143,0.01258053537399974,0.0
1121.0,580.5238951667047,-297.2626108456554,0.0,-4.236761045359902,0.01306371803659274,0.0
1122.0,580.0598327731002,-296.3759313706756,0.0,-4.223429315618521,0.013502149313174616,0.0
1123.0,579.5836665233206,-295.49543840821514,0.0,-4.209602821623178,0.013869953912371955,0.0
1124.0,579.0949784034892,-294.6214136533749,0.0,-4.1952961389063415,0.014159925451092903,0.0
1125.0,578.5933739049075,-293.7541360783294,0.0,-4.180673191270426,0.014372919015953705,0.0
1126.0,578.078782076309,-292.89384717317193,0.0,-4.165990892494124,0.014510080998624782,0.0
1127.0,577.5513673865065,-292.0407611560693,0.0,-4.151355009913383,0.014573464166225212,0.0
1128.0,577.0112996213089,-291.19509162924805,0.0,-4.136762327420362,0.014576634499920844,0.0
1129.0,576.458748566525,-290.3570521949343,0.0,-4.122207167334709,0.014550469190996436,0.0
1130.0,575.8938840079636,-289.5268564553546,0.0,-4.107683835926243,0.014521692396204345,0.0
1131.0,575.3168757314338,-288.70471801273527,0.0,-4.093186626276124,0.014498448246838245,0.0
1132.0,574.7278935227446,-287.89085046930273,0.0,-4.078709820901752,0.014480920890969274,0.0
1133.0,574.1271071677046,-287.0854674272834,0.0,-4.064247694188848,0.014469117579607131,0.0
1134.0,573.5146864521231,-286.28878248890356,0.0,-4.049794514671798,0.014463043252626769,0.0
1135.0,572.8908011618086,-285.5010092563896,0.0,-4.035344547206211,0.014462700626399283,0.0
1136.0,572.2556210825702,-284.7223613319681,0.0,-4.02089205507529,0.014468090239249807,0.0
1137.0,571.6093160002167,-283.9530523178652,0.0,-4.006431302071162,0.014479210454767586,0.0
1138.0,570.9520557005573,-283.19329581630734,0.0,-3.9919565545944296,0.014496057422842832,0.0
1139.0,570.2840099694005,-282.4433054295211,0.0,-3.977462083813856,0.014518624998508438,0.0
1140.0,569.6053485925555,-281.7032947597326,0.0,-3.9629421679272463,0.014546904618394172,0.0
1141.0,568.9162413558313,-280.97347740916837,0.0,-3.948391094566653,0.014579259107170344,0.0
1142.0,568.2168580450365,-280.2540669800548,0.0,-3.9338031633915564,0.014601997546895203,0.0
1143.0,567.5073684459801,-279.5452770746182,0.0,-3.9191726889108267,0.01458820361524893,0.0
1144.0,566.7879423444712,-278.847321295085,0.0,-3.904494003578107,0.014518275841049906,0.0
1145.0,566.0587495263184,-278.1604132436816,0.0,-3.8897842255871,0.014386797035251113,0.0
1146.0,565.3199731751736,-277.48471674972325,0.0,-3.875206447164653,0.01419248563166696,0.0
1147.0,564.5718812324407,-276.8200807679498,0.0,-3.8609629539629644,0.013934177234151628,0.0
1148.0,563.8147746871334,-276.1662314814153,0.0,-3.8471144467562364,0.01361243327253603,0.0
1149.0,563.048954603333,-275.52289479429857,0.0,-3.8336646527084577,0.013239957757125165,0.0
1150.0,562.2747220451205,-274.8897966107783,0.0,-3.820616400750588,0.012842760635392818,0.0
1151.0,561.4923780765773,-274.2666628350334,0.0,-3.8079718104602227,0.012439609384175494,0.0
1152.0,560.7022237617847,-273.6532193712423,0.0,-3.7957323528894795,0.012035151648793414,0.0
1153.0,559.9045601648238,-273.0491921235839,0.0,-3.7838989112625208,0.011629956252670777,0.0
1154.0,559.0996883497758,-272.45430699623694,0.0,-3.772471840969597,0.011224524327951338,0.0
1155.0,558.2879093807219,-271.8682898933801,0.0,-3.761451028371147,0.010819299729710614,0.0
1156.0,557.4695243217435,-271.29086671919214,0.0,-3.7508359480104394,0.010414670639429784,0.0
1157.0,556.6448342369217,-270.7217633778518,0.0,-3.7406257179112155,0.01001097146849718,0.0
1158.0,555.8141401903379,-270.1607057735378,0.0,-3.7308191527082766,0.00960848499362954,0.0
1159.0,554.9777432460731,-269.6074198104289,0.0,-3.721414814425477,0.009207477533056396,0.0
1160.0,554.1359444682087,-269.0616313927037,0.0,-3.712411060774506,0.008815472091462162,0.0
1161.0,553.2890449208257,-268.52306642454107,0.0,-3.703806090898651,0.008463570056415579,0.0
1162.0,552.4373456680056,-267.99145081011983,0.0,-3.6955979885312793,0.008194179470143162,0.0
1163.0,551.5811477738296,-267.46651045361847,0.0,-3.6877843023875174,0.0080283105919432,0.0
1164.0,550.7207518785693,-266.9479720834482,0.0,-3.680260754253667,0.007968353965220347,0.0
1165.0,549.8563649055458,-266.4357446905328,0.0,-3.6726941355760068,0.008014448405678965,0.0
1166.0,548.9879827502483,-265.9301476767433,0.0,-3.6648213189757426,0.008166688790669887,0.0
1167.0,548.1155724527262,-265.4315565625611,0.0,-3.656608207937036,0.008417856684953127,0.0
1168.0,547.2391010530283,-264.9403468684676,0.0,-3.6480519882230364,0.008737101826855418,0.0
1169.0,546.3585355912038,-264.45689411494396,0.0,-3.6391498135273883,0.009082216406198074,0.0
1170.0,545.4738431073021,-263.9815738224716,0.0,-3.62989883432203,0.009432341385341436,0.0
1171.0,544.584990641372,-263.5147615115319,0.0,-3.620296228729811,0.009785189627067726,0.0
1172.0,543.6919452334628,-263.056832702606,0.0,-3.6103392355238872,0.010140678401273385,0.0
1173.0,542.7946739236236,-262.6081629161753,0.0,-3.600025189341089,0.010498688518756825,0.0
1174.0,541.8931437519036,-262.16912767272106,0.0,-3.5893515581769093,0.010859062083020486,0.0
1175.0,540.9873217583518,-261.7401024927247,0.0,-3.578315983204215,0.011221600224575776,0.0
1176.0,540.0771749830176,-261.3214628966674,0.0,-3.5669163209283825,0.011586060850528901,0.0
1177.0,539.1626704659498,-260.9135844050306,0.0,-3.5551506876584402,0.011952156447814666,0.0
1178.0,538.2437752471977,-260.51684253829546,0.0,-3.5430175062311138,0.012319551984071657,0.0
1179.0,537.3204563668104,-260.13161281694335,0.0,-3.5305155548785234,0.012687862955746658,0.0
1180.0,536.3926808648371,-259.75827076145566,0.0,-3.5176440180790483,0.0130565979589623,0.0
1181.0,535.4604157813269,-259.39719189231363,0.0,-3.504402539169545,0.013417219233451818,0.0
1182.0,534.523628156329,-259.04875172999857,0.0,-3.490791274434576,0.01373720140118641,0.0
1183.0,533.5822850298923,-258.7133257949918,0.0,-3.476810948317568,0.01397410909539043,0.0
1184.0,532.6363534420664,-258.39128960777475,0.0,-3.4624636888437825,0.014107832128772963,0.0
1185.0,531.6858009975363,-258.08301723484254,0.0,-3.447863435777446,0.014136500606341893,0.0
1186.0,530.7306758756818,-257.78867525611,0.0,-3.4333488057155814,0.014060348283894067,0.0
1187.0,529.7711898102837,-257.50800908522024,0.0,-3.419173239906524,0.013879815729732561,0.0
1188.0,528.8075743517488,-257.2407131063458,0.0,-3.4053636675392474,0.013603488451380581,0.0
1189.0,527.8400610504841,-256.9864817036593,0.0,-3.391919137576087,0.013264037448810757,0.0
1190.0,526.8688814568964,-256.74500926133317,0.0,-3.37883820920154,0.012904141507056988,0.0
1191.0,525.8942671213924,-256.51599016353987,0.0,-3.3661190077435545,0.012544252571102588,0.0
1192.0,524.9164495943791,-256.2991187944519,0.0,-3.353759278558346,0.012186681772819468,0.0
1193.0,523.9356604262634,-256.09408953824175,0.0,-3.341756438651331,0.011831737767688803,0.0
1194.0,522.9521311674523,-255.90059677908192,0.0,-3.330107625871977,0.011479681446291445,0.0
1195.0,521.9660933683524,-255.71833490114494,0.0,-3.3188097455783585,0.011130728396282485,0.0
1196.0,520.9777785793708,-255.54699828860325,0.0,-3.3078595147175034,0.010785051409010205,0.0
1197.0,519.9874183509143,-255.38628132562934,0.0,-3.2972535033124806,0.010442782989184218,0.0
1198.0,518.9952442333896,-255.23587839639575,0.0,-3.286988173384534,0.01010401783214987,0.0
1199.0,518.0014877772038,-255.0954838850749,0.0,-3.2770599153694118,0.009768815238964714,0.0
1200.0,517.0063805327637,-254.96479217583936,0.0,-3.2674650821141222,0.00943721067546683,0.0
1201.0,516.0101540504761,-254.84349765286154,0.0,-3.2582000205606065,0.009109452814539643,0.0
1202.0,515.013039880748,-254.73129470031404,0.0,-3.2492611012396306,0.008786111004699677,0.0
1203.0,514.0152695739862,-254.62787770236923,0.0,-3.2406447457107252,0.00846744575816914,0.0
1204.0,513.0170746805976,-254.53294104319968,0.0,-3.232347322862723,0.008153014461438632,0.0
1205.0,512.0186831786476,-254.44617904203517,0.0,-3.2243620144307363,0.007842084219776202,0.0
1206.0,511.020219262979,-254.36728413139923,0.0,-3.216680520257414,0.0075339438838539765,0.0
1207.0,510.0216896908473,-254.29594660888208,0.0,-3.2093002366117522,0.007227910574792106,0.0
1208.0,509.0230949032089,-254.2318566572482,0.0,-3.2022226636028357,0.00692309587922603,0.0
1209.0,508.0244353410201,-254.17470445926202,0.0,-3.1954492791205347,0.00661830132653545,0.0
1210.0,507.02571144523705,-254.12418019768785,0.0,-3.1889813534558655,0.006312650576677229,0.0
1211.0,506.02692365681617,-254.07997405529022,0.0,-3.1828199670704933,0.006005986139013375,0.0
1212.0,505.0280724167136,-254.0417762148335,0.0,-3.1769660279138017,0.005698458735310385,0.0
1213.0,504.02915816588586,-254.0092768590821,0.0,-3.171420288202852,0.005390217284139385,0.0
1214.0,503.0301813452889,-253.98216617080035,0.0,-3.1661833605928327,0.005081394985306417,0.0
1215.0,502.0311423958791,-253.9601343327528,0.0,-3.161255733675568,0.0047721099994461535,0.0
1216.0,501.032041758613,-253.94287152770383,0.0,-3.156637786753457,0.004462466177437697,0.0
1217.0,500.0328798744465,-253.93006793841775,0.0,-3.152329803844992,0.004152553831166226,0.0
1218.0,499.033657184336,-253.9214137476591,0.0,-3.148331986887077,0.0038424505380953667,0.0
1219.0,498.03437412923796,-253.91659913819223,0.0,-3.1446444681049717,0.0035322219729544573,0.0
1220.0,497.0350311501084,-253.91531429278152,0.0,-3.1412673215275544,0.0032219227605844326,0.0
1221.0,496.03562868790374,-253.9172493941915,0.0,-3.1382005736318033,0.002911597344947804,0.0
1222.0,495.0361671835803,-253.92209462518645,0.0,-3.1354442131032623,0.0026012808700353364,0.0
1223.0,494.0366470780942,-253.92954016853082,0.0,-3.1329981997044003,0.002291000069005257,0.0
1224.0,493.03706881240174,-253.9392762069891,0.0,-3.1308624722458664,0.001980774158721856,0.0
1225.0,492.03743282745944,-253.9509929233256,0.0,-3.1290369556569333,0.0016706157373810474,0.0
1226.0,491.0377395642232,-253.9643805003048,0.0,-3.127521567154621,0.0013605316834174475,0.0
1227.0,490.03798946364964,-253.97912912069108,0.0,-3.1263162215118316,0.001050524054484089,0.0
1228.0,489.0381829666948,-253.99492896724885,0.0,-3.12542083542542,0.0007405909856301422,0.0
1229.0,488.03832051431505,-254.01147022274253,0.0,-3.124835330986311,0.0004307275861354931,0.0
1230.0,487.03840254746666,-254.02844306993654,0.0,-3.1245596382535075,0.00012092683481447689,0.0
1231.0,486.03842950710595,-254.0455376915953,0.0,-3.124593696933982,-0.00018881952620329403,0.0
1232.0,485.038401834189,-254.06244427048318,0.0,-3.1249374571699957,-0.0004985200990722368,0.0
1233.0,484.03831996967244,-254.07885298936466,0.0,-3.1255908794356615,-0.000808182938982327,0.0
1234.0,483.03818435451217,-254.09445403100412,0.0,-3.1265539335433883,-0.0011178146637608982,0.0
1235.0,482.03799542966476,-254.10893757816595,0.0,-3.1278265967607095,-0.001427419564102956,0.0
1236.0,481.03775363608634,-254.12199381361452,0.0,-3.1294088510380327,-0.00173699871433332,0.0
1237.0,480.0374594147332,-254.1333129201144,0.0,-3.131300679347538,-0.002046549083682704,0.0
1238.0,479.0371132065616,-254.14258508042982,0.0,-3.133502061132604,-0.002356062648401412,0.0
1239.0,478.03671545252786,-254.14950047732535,0.0,-3.1360129668688153,-0.0026655255053106125,0.0
1240.0,477.0362665935882,-254.1537492935653,0.0,-3.1388333517375084,-0.002974916987624468,0.0
1241.0,476.035767070699,-254.1550217119141,0.0,-3.141963148413099,-0.003284208784460737,0.0
1242.0,475.0352173248164,-254.15300791513613,0.0,-3.1454022589686184,-0.003593364065935959,0.0
1243.0,474.0346177968968,-254.14739808599595,0.0,-3.1491505459044724,-0.0039023366161231744,0.0
1244.0,473.03396892789647,-254.13788240725776,0.0,-3.153207822307841,-0.004211069976910167,0.0
1245.0,472.0332711587716,-254.12415106168612,0.0,-3.1575738411547514,-0.004519496606448791,0.0
1246.0,471.0325249304785,-254.10589423204544,0.0,-3.162248283769771,-0.004827537056469972,0.0
1247.0,470.0317306839735,-254.0828021011001,0.0,-3.167230747462277,-0.005135099173612735,0.0
1248.0,469.0308888602127,-254.05456485161443,0.0,-3.172520732365073,-0.005442077330673113,0.0
1249.0,468.0299999001527,-254.020872666353,0.0,-3.1781176275069276,-0.005748351694409395,0.0
1250.0,467.0290642447494,-253.9814157280801,0.0,-3.1840206961567428,-0.006053784634897743,0.0
1251.0,466.0280823349593,-253.9358842195602,0.0,-3.190229060486149,-0.006357903090342676,0.0
1252.0,465.0270546117388,-253.88396832355767,0.0,-3.196741685605867,-0.0066594062814070275,0.0
1253.0,464.0259815160438,-253.825358222837,0.0,-3.203557363040387,-0.006956932499978561,0.0
1254.0,463.0248634888308,-253.75974410016246,0.0,-3.2106746530802295,-0.007250238702265741,0.0
1255.0,462.0237015507803,-253.68681626016493,0.0,-3.218087470011918,-0.007539844736129612,0.0
1256.0,461.0225637762922,-253.6062791031224,0.0,-3.225782577799781,-0.007826373714939263,0.0
1257.0,460.0216468368317,-253.51786406224892,0.0,-3.233752800863589,-0.008110485922445771,0.0
1258.0,459.02116195370354,-253.421305629342,0.0,-3.242000297611023,-0.008393195618585678,0.0
1259.0,458.0213203482128,-253.31633829619935,0.0,-3.2505282747868076,-0.0086763624093111,0.0
1260.0,457.02233324166446,-253.2026965546185,0.0,-3.259340005868596,-0.008961923436128323,0.0
1261.0,456.02441185536344,-253.08011489639716,0.0,-3.268438813166261,-0.009250712635723269,0.0
1262.0,455.02776741061473,-252.94832781333292,0.0,-3.277828048586086,-0.009542815219745489,0.0
1263.0,454.03261112872326,-252.8070697972234,0.0,-3.2875110729559687,-0.009838225842553623,0.0
1264.0,453.0391542309939,-252.6560753398662,0.0,-3.297491233813198,-0.010136915955322623,0.0
1265.0,452.0476079387318,-252.49507893305895,0.0,-3.30777184156154,-0.010438832151953641,0.0
1266.0,451.0581834732418,-252.32381506859926,0.0,-3.3183561439127276,-0.010743894440601054,0.0
1267.0,450.07109205582884,-252.14201823828483,0.0,-3.329247298538427,-0.01105199445334407,0.0
1268.0,449.086544907798,-251.94942293391316,0.0,-3.340448343870947,-0.011362993609487069,0.0
1269.0,448.10475325045405,-251.74576364728196,0.0,-3.351962168008751,-0.011676721251243607,0.0
1270.0,447.12592830510215,-251.53077487018885,0.0,-3.3637914757017184,-0.011992972773961259,0.0
1271.0,446.15028129304716,-251.3041910944314,0.0,-3.3759387534142653,-0.012311507776888561,0.0
1272.0,445.17802343559407,-251.06574681180723,0.0,-3.3884062324932915,-0.012632048264500881,0.0
1273.0,444.20936595404777,-250.81517651411403,0.0,-3.4011958504983864,-0.012954276932461064,0.0
1274.0,443.24452006971325,-250.55221469314938,0.0,-3.414309210788226,-0.01327672111899693,0.0
1275.0,442.28369700389555,-250.27659584071083,0.0,-3.427747540497588,-0.01358306647151578,0.0
1276.0,441.3271079778996,-249.98805444859613,0.0,-3.441511647085122,-0.01383515720777928,0.0
1277.0,440.3749642130302,-249.68632500860284,0.0,-3.455601873679802,-0.014000195623228295,0.0
1278.0,439.42747693059255,-249.37114201252857,0.0,-3.470002451102139,-0.014068116289705168,0.0
1279.0,438.48484495970496,-249.04226864403964,0.0,-3.484505465406639,-0.014038338436840167,0.0
1280.0,437.54711519795495,-248.69981985680946,0.0,-3.498788818493949,-0.01391060245063626,0.0
1281.0,436.61423265018516,-248.34414651875127,0.0,-3.5127189815178594,-0.013685914127246292,0.0
1282.0,435.68614044025503,-247.9756038528548,0.0,-3.526291397823827,-0.013380228877601104,0.0
1283.0,434.7627816920239,-247.59454708210984,0.0,-3.5395045278746458,-0.01303144970203223,0.0
1284.0,433.8440995293514,-247.20133142950615,0.0,-3.552357427199186,-0.012672226325218963,0.0
1285.0,432.93003707609677,-246.79631211803357,0.0,-3.564849695364203,-0.012312580073522365,0.0
1286.0,432.02053745611954,-246.3798443706818,0.0,-3.5769814254309904,-0.011953151016037937,0.0
1287.0,431.1155437932792,-245.95228341044066,0.0,-3.5887531542980486,-0.011594361432959603,0.0
1288.0,430.214999211435,-245.5139844602999,0.0,-3.600165814266825,-0.01123658641448347,0.0
1289.0,429.31884683444656,-245.06530274324933,0.0,-3.6112206861041742,-0.010880155356585913,0.0
1290.0,428.42702978617325,-244.60659348227867,0.0,-3.6219193538188295,-0.010525353657158214,0.0
1291.0,427.53949119047456,-244.13821190037774,0.0,-3.6322636613164367,-0.01017242581771408,0.0
1292.0,426.65617417120984,-243.66051322053636,0.0,-3.6422556710497207,-0.00982713745510409,0.0
1293.0,425.7770218522386,-243.1738526657442,0.0,-3.6518976247376753,-0.00951913995608078,0.0
1294.0,424.90197735742015,-242.6785854589911,0.0,-3.6611919061915787,-0.009294721108054991,0.0
1295.0,424.0309838106141,-242.17506682326683,0.0,-3.670141023821292,-0.009180169605358262,0.0
1296.0,423.16398435897196,-241.66365195421528,0.0,-3.6788254009211645,-0.009179716530423867,0.0
1297.0,422.301025242735,-241.1445750121072,0.0,-3.68758259838697,-0.009293826757533446,0.0
1298.0,421.4424924656884,-240.61767126134743,0.0,-3.696726512261066,-0.009522964897898405,0.0
1299.0,420.5888419254492,-240.0826939082122,0.0,-3.706315194580107,-0.009862031828833004,0.0
1300.0,419.7405295196342,-239.53939615897767,0.0,-3.716354132633223,-0.010281997598516668,0.0
1301.0,418.8980111458605,-238.9875312199201,0.0,-3.7268489729014993,-0.010737147285639268,0.0
1302.0,418.06174270174495,-238.42685229731578,0.0,-3.7378054656819493,-0.011201711840038582,0.0
1303.0,417.2321800849047,-237.85711259744082,0.0,-3.7492294046641694,-0.011671920744882483,0.0
1304.0,416.40977919295665,-237.2780653265715,0.0,-3.7611265610231985,-0.012147703509069099,0.0
1305.0,415.59499592351773,-236.68946369098407,0.0,-3.7735026116237873,-0.012628914091067556,0.0
1306.0,414.7882861742049,-236.09106089695467,0.0,-3.786363060977926,-0.013115324658535408,0.0
1307.0,413.99010584263533,-235.48261015075963,0.0,-3.799713156663759,-0.013606619140501984,0.0
1308.0,413.2009108264257,-234.86386465867508,0.0,-3.8135577979979307,-0.014102386673357867,0.0
1309.0,412.42115702319313,-234.23457762697728,0.0,-3.8279014378604637,-0.014602115065568758,0.0
1310.0,411.6513003305547,-233.59450226194247,0.0,-3.8427479777051508,-0.015105184431560104,0.0
1311.0,410.8917966461272,-232.94339176984684,0.0,-3.858100655949245,-0.015610861172008557,0.0
1312.0,410.1431018675278,-232.28099935696665,0.0,-3.873961930124751,-0.01611810274214661,0.0
1313.0,409.4056718923732,-231.60707822957806,0.0,-3.890333353394925,-0.01661260098912225,0.0
1314.0,408.67996261828057,-230.9213815939574,0.0,-3.9072154462886015,-0.01704616276600533,0.0
1315.0,407.9664299428668,-230.22366265638075,0.0,-3.924607564781208,-0.01736085331722635,0.0
1316.0,407.265529763749,-229.51367462312444,0.0,-3.942505109467239,-0.01753106735777811,0.0
1317.0,406.5777141321843,-228.79117434787585,0.0,-3.960720719946087,-0.01755449709524364,0.0
1318.0,405.903172589229,-228.05616761649028,0.0,-3.9787741924323834,-0.017431101455496548,0.0
1319.0,405.24166840982696,-227.3090644328186,0.0,-3.9963403400827815,-0.017161369521102175,0.0
1320.0,404.59292583894944,-226.5503118119046,0.0,-4.013389886445788,-0.016759272459306734,0.0
1321.0,403.95666912156764,-225.78035676879236,0.0,-4.029921872571149,-0.0162728797213367,0.0
1322.0,403.33262250265267,-224.99964631852583,0.0,-4.045936558875612,-0.015760214132802566,0.0
1323.0,402.7205102271758,-224.208627476149,0.0,-4.061435288668266,-0.015247180997993937,0.0
1324.0,402.1200565401081,-223.40774725670582,0.0,-4.076420355175355,-0.014736601944499914,0.0
1325.0,401.530985686421,-222.5974526752402,0.0,-4.0908948733018295,-0.014229249153928614,0.0
1326.0,400.95302191108533,-221.77819074679618,0.0,-4.104862657072571,-0.013725776571238158,0.0
1327.0,400.3858894590724,-220.95040848641767,0.0,-4.118328103427913,-0.013226726037956889,0.0
1328.0,399.8293125753535,-220.1145529091487,0.0,-4.131296082812023,-0.012732533823530836,0.0
1329.0,399.2830155048997,-219.27107103003314,0.0,-4.143771836789739,-0.012243537363864996,0.0
1330.0,398.74672249268224,-218.42040986411504,0.0,-4.155760882751473,-0.011759982044693449,0.0
1331.0,398.2201577836721,-217.5630164264383,0.0,-4.167268925623544,-0.011282027894571871,0.0
1332.0,397.70304562284076,-216.69933773204693,0.0,-4.178301776383072,-0.010809756077414393,0.0
1333.0,397.1951102551592,-215.82982079598492,0.0,-4.188865277085439,-0.010343175097334179,0.0
1334.0,396.6960759255986,-214.95491263329617,0.0,-4.198965232040754,-0.009884941397577802,0.0
1335.0,396.2056668791302,-214.07506025902464,0.0,-4.208607344723188,-0.009454030705723211,0.0
1336.0,395.7236073607252,-213.19071068821438,0.0,-4.217797159962375,-0.009084490228978137,0.0
1337.0,395.2496216153548,-212.30231093590928,0.0,-4.226540010941515,-0.008798006436617354,0.0
1338.0,394.78343388798993,-211.4103080171533,0.0,-4.234878976999591,-0.00859814665309593,0.0
1339.0,394.3248233854292,-210.5150887469735,0.0,-4.24304815488715,-0.00848415894730373,0.0
1340.0,393.87384713118416,-209.61673564609427,0.0,-4.2513017617870545,-0.008455304782444526,0.0
1341.0,393.43064972502526,-208.71523531244176,0.0,-4.259700837451781,-0.008508152328055208,0.0
1342.0,392.99537579963857,-207.8105743078892,0.0,-4.268245792455504,-0.008622916403688206,0.0
1343.0,392.5681699877105,-206.90273919430976,0.0,-4.276936937492311,-0.008764716609965298,0.0
1344.0,392.14917692192716,-205.99171653357658,0.0,-4.285774500365802,-0.008911018959525015,0.0
1345.0,391.73854123497495,-205.0774928875629,0.0,-4.294758620168077,-0.009057402843103761,0.0
1346.0,391.33640755953996,-204.1600548181419,0.0,-4.303889341370299,-0.009203768910634505,0.0
1347.0,390.94292052830855,-203.2393888871868,0.0,-4.31316660784342,-0.00935001347271834,0.0
1348.0,390.5582247739669,-202.3154816565707,0.0,-4.322590256828766,-0.009496026844892988,0.0
1349.0,390.1824649292013,-201.38831968816686,0.0,-4.332160012881972,-0.009641693337667892,0.0
1350.0,389.81578562669785,-200.4578895438485,0.0,-4.341875481814727,-0.009786891272681762,0.0
1351.0,389.45833149914296,-199.52417778548872,0.0,-4.3517361446614435,-0.009931493027265592,0.0
1352.0,389.1102471792228,-198.58717097496074,0.0,-4.361741351700937,-0.01007536510963845,0.0
1353.0,388.7716772996237,-197.64685567413775,0.0,-4.371890316564789,-0.01021831589395112,0.0
1354.0,388.4427664930318,-196.703218444893,0.0,-4.382182110466474,-0.01035858216692999,0.0
1355.0,388.12365939213333,-195.75624584909957,0.0,-4.39261565658743,-0.010491309227372307,0.0
1356.0,387.8145006296146,-194.80592444863075,0.0,-4.4031897246582465,-0.010611618409671904,0.0
1357.0,387.51543483816187,-193.85224080535966,0.0,-4.413902192553768,-0.010717938507267162,0.0
1358.0,387.22660571446187,-192.89518342352545,0.0,-4.424729584259422,-0.010810556097541937,0.0
1359.0,386.94812953062785,-191.93479771825182,0.0,-4.435626241286171,-0.010889867672833032,0.0
1360.0,386.680091393232,-190.97119377872284,0.0,-4.446568084714962,-0.010956339209179218,0.0
1361.0,386.4225747208158,-190.00448519708664,0.0,-4.457555481418042,-0.01101202023157047,0.0
1362.0,386.1756629319213,-189.03478556549152,0.0,-4.46859007100145,-0.011062064308489359,0.0
1363.0,385.93943944509004,-188.06220847608557,0.0,-4.479673457663889,-0.011111662100142425,0.0
1364.0,385.7139876788639,-187.08686752101707,0.0,-4.490807208476634,-0.011162710479840791,0.0
1365.0,385.4993910517844,-186.10887629243413,0.0,-4.501992851578542,-0.011215262722049424,0.0
1366.0,385.29573298239353,-185.12834838248497,0.0,-4.513231874285902,-0.011269276847306829,0.0
1367.0,385.1030968892329,-184.14539738331786,0.0,-4.524525721117225,-0.01132470885996804,0.0
1368.0,384.9215661908443,-183.16013688708088,0.0,-4.53587579173355,-0.011381512664841647,0.0
1369.0,384.7512243057695,-182.17268048592223,0.0,-4.547283438794634,-0.011439639985022254,0.0
1370.0,384.5921546525501,-181.1831417719902,0.0,-4.558749965733001,-0.011499041628740032,0.0
1371.0,384.444440649728,-180.19163433743284,0.0,-4.570276624447075,-0.011561191792049603,0.0
1372.0,384.30816571584495,-179.19827177439848,0.0,-4.581864612915885,-0.011633620840587357,0.0
1373.0,384.18341326944255,-178.20316767503527,0.0,-4.593515072738871,-0.011727863534179506,0.0
1374.0,384.0702667290626,-177.2064356314913,0.0,-4.605229105466616,-0.011850544314314235,0.0
1375.0,383.9688095539444,-176.2081892603682,0.0,-4.617029092472853,-0.01200309757688827,0.0
1376.0,383.8791708535107,-175.20856960741975,0.0,-4.629000829823553,-0.012186145657898122,0.0
1377.0,383.80161288460886,-174.2077977207284,0.0,-4.641222664182594,-0.012400300224454153,0.0
1378.0,383.73642204772403,-173.20610915520825,0.0,-4.653711546397881,-0.012644634067499652,0.0
1379.0,383.68388474334165,-172.20373946577334,0.0,-4.6664730570415145,-0.012912144056507835,0.0
1380.0,383.64428737194686,-171.2009242073377,0.0,-4.679512667823815,-0.013191798283319272,0.0
1381.0,383.61791633402504,-170.1978989348154,0.0,-4.692835713524031,-0.013477445769420258,0.0
1382.0,383.6050580300615,-169.19489920312054,0.0,-4.706447361360434,-0.013768090812805119,0.0
1383.0,383.6059988605416,-168.19216056716712,0.0,-4.720352577727082,-0.014063509250316233,0.0
1384.0,383.62102522595046,-167.18991858186928,0.0,-4.734556092245535,-0.014363439605277289,0.0
1385.0,383.6504235267734,-166.188408802141,0.0,-4.749062359106824,-0.014667580454058613,0.0
1386.0,383.6944801634958,-165.18786678289632,0.0,-4.7638755157118435,-0.014975587832853687,0.0
1387.0,383.753481536603,-164.18852807904935,0.0,-4.778999338657913,-0.015282484483855212,0.0
1388.0,383.82771404658007,-163.1906282455142,0.0,-4.7944371971638144,-0.015551427064767928,0.0
1389.0,383.9174640939125,-162.19440283720482,0.0,-4.810192004077471,-0.01571272489484743,0.0
1390.0,384.02301807908555,-161.20008740903535,0.0,-4.826266164669997,-0.01571823260867289,0.0
1391.0,384.1446624025844,-160.20791751591977,0.0,-4.842597288076593,-0.015557047794028556,0.0
1392.0,384.2825582020315,-159.2180963852751,0.0,-4.858741142182517,-0.015228533586336341,0.0
1393.0,384.4361257449451,-158.23063604278815,0.0,-4.874174881164015,-0.014732341305525778,0.0
1394.0,384.6045139104558,-157.24547847497266,0.0,-4.888755229727162,-0.014072949278384365,0.0
1395.0,384.7868711693197,-156.2625655629505,0.0,-4.902479975210965,-0.013286861744913813,0.0
1396.0,384.98234599229335,-155.28183918784345,0.0,-4.915348696239029,-0.012443559498502907,0.0
1397.0,385.190086850133,-154.3032412307732,0.0,-4.9273622507858,-0.011591079990546569,0.0
1398.0,385.409242213595,-153.32671357286162,0.0,-4.938522491858172,-0.01074029583605312,0.0
1399.0,385.6389605534359,-152.35219809523048,0.0,-4.9488320028297315,-0.009891871690855465,0.0
1400.0,385.8783903404118,-151.37963667900155,0.0,-4.9582938534958405,-0.00904622430434765,0.0
1401.0,386.1266800452792,-150.40897120529664,0.0,-4.9669113772629885,-0.008205275598375472,0.0
1402.0,386.3829781387944,-149.44014355523746,0.0,-4.9746879693798824,-0.007388024125548587,0.0
1403.0,386.6464330917138,-148.4730956099459,0.0,-4.981626905742088,-0.006635360755574787,0.0
1404.0,386.91619337479375,-147.50776925054362,0.0,-4.987731181543608,-0.005979047377347461,0.0
1405.0,387.1914074587906,-146.54410635815248,0.0,-4.99302741947762,-0.005426994404923794,0.0
1406.0,387.4712736153557,-145.58205006817366,0.0,-4.997759412967963,-0.00497875576926735,0.0
1407.0,387.7554415248298,-144.62155488513386,0.0,-5.002261493935656,-0.004633841170332482,0.0
1408.0,388.04380113259776,-143.66258136484655,0.0,-5.006650400106038,-0.004390096570515351,0.0
1409.0,388.33624461590693,-142.7050901193367,0.0,-5.010926868205766,-0.004228171736536446,0.0
1410.0,388.6326641520049,-141.74904176062907,0.0,-5.015090587685947,-0.004106740672810296,0.0
1411.0,388.93295191813905,-140.79439690074875,0.0,-5.019141275984404,-0.003993556053222872,0.0
1412.0,389.2370000915567,-139.84111615172054,0.0,-5.023078677024039,-0.003880201840575407,0.0
1413.0,389.5447008495054,-138.88916012556933,0.0,-5.026902559733054,-0.0037666254520955433,0.0
1414.0,389.85594636923264,-137.93848943432016,0.0,-5.030612716589909,-0.0036528497821828004,0.0
1415.0,390.17062882798564,-136.9890646899978,0.0,-5.034208962196905,-0.00353889631761785,0.0
1416.0,390.488640403012,-136.04084650462718,0.0,-5.037691131882955,-0.0034247851680782354,0.0
1417.0,390.8098732715592,-135.0937954902333,0.0,-5.041059080338096,-0.0033105350987528504,0.0
1418.0,391.1342196108745,-134.14787225884098,0.0,-5.044312680282814,-0.0031961635647429327,0.0
1419.0,391.4615715982054,-133.20303742247518,0.0,-5.047451821172279,-0.0030816867470719878,0.0
1420.0,391.7918214107994,-132.25925159316077,0.0,-5.05047640793791,-0.0029671195902403187,0.0
1421.0,392.1248612259039,-131.3164753829227,0.0,-5.053386359767593,-0.0028524758410529544,0.0
1422.0,392.46058322076624,-130.37466940378587,0.0,-5.0561816089256215,-0.0027377680885834876,0.0
1423.0,392.798879572634,-129.43379426777517,0.0,-5.058862099613246,-0.0026230078051943423,0.0
1424.0,393.1396424587545,-128.49381058691552,0.0,-5.061427786871169,-0.0025082053884233346,0.0
1425.0,393.4827640563753,-127.55467897323179,0.0,-5.063878635524482,-0.002393370203621435,0.0
1426.0,393.82813654274366,-126.61636003874897,0.0,-5.06621461917078,-0.002278510627256036,0.0
1427.0,394.1756520951072,-125.6788143954919,0.0,-5.06843571921213,-0.002163634090772058,0.0
1428.0,394.52520289071316,-124.74200265548552,0.0,-5.0705419239313,-0.002048747124890861,0.0
1429.0,394.87668110680914,-123.80588543075476,0.0,-5.072533227612615,-0.0019338554042864458,0.0
1430.0,395.22997892064245,-122.87042333332448,0.0,-5.074409629707837,-0.001818963792582094,0.0
1431.0,395.5849885094606,-121.93557697521962,0.0,-5.076171134047387,-0.0017040763875622667,0.0
1432.0,395.94160205051094,-121.00130696846509,0.0,-5.077817748096736,-0.0015891965665664513,0.0
1433.0,396.29971172104104,-120.06757392508578,0.0,-5.079349482258536,-0.001474327032027275,0.0
1434.0,396.6592096982982,-119.13433845710662,0.0,-5.080766349220523,-0.0013594698570589257,0.0
1435.0,397.01998815953,-118.20156117655252,0.0,-5.082068363348778,-0.0012446265311064789,0.0
1436.0,397.38193928198365,-117.26920269544837,0.0,-5.083255540127067,-0.0011297980056420417,0.0
1437.0,397.74495524290677,-116.3372236258191,0.0,-5.084327895641767,-0.0010149847398265774,0.0
1438.0,398.1089282195467,-115.4055845796896,0.0,-5.085285446112282,-0.0009001867461375338,0.0
1439.0,398.47375038915106,-114.4742461690848,0.0,-5.086128207467332,-0.000785403635982007,0.0
1440.0,398.839313928967,-113.54316900602959,0.0,-5.086856194966929,-0.0006706346652366309,0.0
1441.0,399.2055110162421,-112.61231370254889,0.0,-5.087469422869702,-0.0005558787797591717,0.0
1442.0,399.5722338282238,-111.68164087066761,0.0,-5.087967904145525,-0.00044113466085317555,0.0
1443.0,399.93937454215944,-110.75111112241065,0.0,-5.088351650234069,-0.0003264007706314282,0.0
1444.0,400.30682533529665,-109.82068506980292,0.0,-5.088620670848078,-0.00021167539735422733,0.0
1445.0,400.6744783848826,-108.89032332486936,0.0,-5.088774973822599,-9.69567007445628e-05,0.0
1446.0,401.04222586816496,-107.95998649963485,0.0,-5.088814565008959,1.7757242754117592e-05,0.0
1447.0,401.409959962391,-107.0296352061243,0.0,-5.088739448214142,0.00013246839474501115,0.0
1448.0,401.7775728448083,-106.09923005636261,0.0,-5.088549625185449,0.0002471787096644132,0.0
1449.0,402.1449566926641,-105.16873166237473,0.0,-5.088245095640202,0.0003618900895817464,0.0
1450.0,402.512003683206,-104.23810063618552,0.0,-5.0878258573408335,0.00047660433897307134,0.0
1451.0,402.87860599368133,-103.30729758981992,0.0,-5.087291906214883,0.0005913231194911717,0.0
1452.0,403.2446558013376,-102.37628313530284,0.0,-5.0866432365204926,0.0007060479047261226,0.0
1453.0,403.61004528342227,-101.44501788465917,0.0,-5.085879841056921,0.0008207799349350911,0.0
1454.0,403.97466661718266,-100.51346244991385,0.0,-5.085001711420556,0.0009355201717244909,0.0
1455.0,404.33841197986624,-99.58157744309175,0.0,-5.084008838306158,0.0010502692526988306,0.0
1456.0,404.7011735487205,-98.6493234762178,0.0,-5.082901211853327,0.0011650274460718155,0.0
1457.0,405.06284350099276,-97.7166611613169,0.0,-5.081678822038617,0.0012797946052513734,0.0
1458.0,405.42331401393056,-96.78355111041401,0.0,-5.080341659112957,0.001394570123398989,0.0
1459.0,405.7824772647813,-95.84995393553395,0.0,-5.078889714084635,0.0015093528879439916,0.0
1460.0,406.1402254307924,-94.9158302487017,0.0,-5.077322979247773,0.0016241412351147206,0.0
1461.0,406.4964506892113,-93.98114066194215,0.0,-5.075641448756185,0.0017389329044924676,0.0
1462.0,406.8510452172855,-93.0458457872802,0.0,-5.073845119242943,0.0018537249936017653,0.0
1463.0,407.2039011922623,-92.10990623674076,0.0,-5.071933990485326,0.0019685139125819517,0.0
1464.0,407.55491079138926,-91.17328262234875,0.0,-5.069908066115012,0.0020832953389542702,0.0
1465.0,407.9039661919137,-90.23593555612908,0.0,-5.067767354373667,0.0021980641725573486,0.0
1466.0,408.2509595710832,-89.29782565010663,0.0,-5.0655118689135,0.002312814490714299,0.0
1467.0,408.595783106145,-88.35891351630636,0.0,-5.063141629642761,0.0024275395036424154,0.0
1468.0,408.9383289743467,-87.41915976675315,0.0,-5.060656663615838,0.0025422315102062243,0.0
1469.0,409.2784893529356,-86.47852501347191,0.0,-5.058057005967488,0.002656881854104017,0.0
1470.0,409.61615641915927,-85.53696986848755,0.0,-5.055342700890781,0.0027714808805189123,0.0
1471.0,409.95122235026497,-84.59445494382499,0.0,-5.052513802658563,0.002886017893395947,0.0
1472.0,410.28357932350036,-83.6509408515091,0.0,-5.049570376687229,0.003000481113427941,0.0
1473.0,410.6131195161127,-82.70638820356484,0.0,-5.046512500642482,0.0031190757958698967,0.0
1474.0,410.9397351053494,-81.7607576120171,0.0,-5.043340265586514,0.0032676150033834617,0.0
1475.0,411.2633182684581,-80.81400968889079,0.0,-5.040053777164541,0.003489597847230971,0.0
1476.0,411.58376118268603,-79.86610504621082,0.0,-5.036653156830793,0.0038114700607987063,0.0
1477.0,411.9009560252807,-78.91700429600209,0.0,-5.033079488885297,0.004237864259451956,0.0
1478.0,412.2146780463055,-77.96664510787036,0.0,-5.0290304046166785,0.004768951099122771,0.0
1479.0,412.52422078965554,-77.01487063529238,0.0,-5.02419940486788,0.0054048952178457855,0.0
1480.0,412.8287537692316,-76.061499695675,0.0,-5.018522891610649,0.006141615878774979,0.0
1481.0,413.12744649882006,-75.10635110640267,0.0,-5.01199977498602,0.006953372263436096,0.0
1482.0,413.41946849220744,-74.14924368485983,0.0,-5.004628952377317,0.0077966586282571795,0.0
1483.0,413.70398926318,-73.18999624843093,0.0,-4.996409448568176,0.0086449145291342,0.0
1484.0,413.98017832552426,-72.2284276145004,0.0,-4.9873405748450645,0.009493252889833746,0.0
1485.0,414.24720519302656,-71.26435660045269,0.0,-4.977422106968806,0.010341074908032153,0.0
1486.0,414.50423937947346,-70.29760202367221,0.0,-4.966654481720152,0.011187578213075764,0.0
1487.0,414.7504503986512,-69.32798270154345,0.0,-4.9550390113504985,0.012029552923610902,0.0
1488.0,414.9850077643462,-68.35531745145082,0.0,-4.942578114788498,0.012846005847958317,0.0
1489.0,415.20708099034505,-67.37942509077874,0.0,-4.929275563862388,0.013596662678496305,0.0
1490.0,415.4158395904339,-66.40012443691168,0.0,-4.915136742100044,0.014253549633707887,0.0
1491.0,415.6104530783994,-65.41723430723408,0.0,-4.900199540382644,0.014811661975804238,0.0
1492.0,415.79014406039005,-64.43062302457746,0.0,-4.88471905955981,0.015272978421479597,0.0
1493.0,415.95451439699906,-63.44051254382238,0.0,-4.8690042516302,0.015639696332160873,0.0
1494.0,416.1033309260739,-62.44727865125562,0.0,-4.85313954656854,0.015916427782043066,0.0
1495.0,416.2363611622092,-61.45129776418982,0.0,-4.837114311909197,0.016125597302657026,0.0
1496.0,416.3533726199992,-60.452946299937594,0.0,-4.820917668840975,0.016308963813813637,0.0
1497.0,416.45413281403825,-59.45260067581156,0.0,-4.804538888471205,0.016496065193409338,0.0
1498.0,416.53840925892086,-58.45063730912436,0.0,-4.78796740506288,0.01669357790374702,0.0
1499.0,416.60596946924136,-57.4474326171886,0.0,-4.771192832642376,0.016901332427097553,0.0
1500.0,416.656580959594,-56.44336301731695,0.0,-4.754204985154243,0.017119109304650198,0.0
1501.0,416.69001124457344,-55.43880492682199,0.0,-4.736993900336766,0.017346662936626598,0.0
1502.0,416.7060278387739,-54.43413476301636,0.0,-4.719549867488513,0.0175837176441495,0.0
1503.0,416.7043982567898,-53.4297289432127,0.0,-4.701863459282293,0.017829963597041205,0.0
1504.0,416.6848900132155,-52.425963884723615,0.0,-4.683925567764784,0.01808505263117878,0.0
1505.0,416.6472706226454,-51.42321600486176,0.0,-4.665727444656529,0.018344681807050733,0.0
1506.0,416.591307599674,-50.42186172093973,0.0,-4.647260746030634,0.018570124831831448,0.0
1507.0,416.5167684588955,-49.42227745027017,0.0,-4.628517581407408,0.01868137772756257,0.0
1508.0,416.4234207149044,-48.424839610165705,0.0,-4.609490567247098,0.018617727983334956,0.0
1509.0,416.3110318822951,-47.42992461793896,0.0,-4.59022765527947,0.018362924510453228,0.0
1510.0,416.1794756421119,-46.43787386794127,0.0,-4.571203923845696,0.01791540046209862,0.0
1511.0,416.0294472682845,-45.448757721482814,0.0,-4.553045815015506,0.01727407972659524,0.0
1512.0,415.86202525037663,-44.46252012191097,0.0,-4.535959005639118,0.016442140336484848,0.0
1513.0,415.67829023072113,-43.47910430240206,0.0,-4.5199482419017,0.01545741550754322,0.0
1514.0,415.47932285165086,-42.498453496132356,0.0,-4.505014479066961,0.014399186785699911,0.0
1515.0,415.2662037554985,-41.52051093627817,0.0,-4.491156553415212,0.013327560298327412,0.0
1516.0,415.040013584597,-40.54521985601577,0.0,-4.478371704400569,0.01225824881282505,0.0
1517.0,414.8018329812791,-39.57252348852148,0.0,-4.466656057618992,0.01119396251244791,0.0
1518.0,414.5527425878776,-38.60236506697157,0.0,-4.456005066242411,0.010163592228323762,0.0
1519.0,414.2938230467255,-37.634687824542354,0.0,-4.446413910235629,0.009238353236265174,0.0
1520.0,414.0261550001553,-36.669434994410125,0.0,-4.437877853925638,0.008482232831641656,0.0
1521.0,413.75081909050004,-35.706549809751166,0.0,-4.430369391868752,0.007914997600662626,0.0
1522.0,413.46884890397564,-34.74597983390202,0.0,-4.423511349416888,0.007536380563316276,0.0
1523.0,413.1805657732356,-33.78773817262528,0.0,-4.41667996309118,0.0073455667493414235,0.0
1524.0,412.8857385359031,-32.83188877293816,0.0,-4.409596539285397,0.007340092281714774,0.0
1525.0,412.5841215727306,-31.878496912196347,0.0,-4.402254618166729,0.007490859931212678,0.0
1526.0,412.27546926447104,-30.927627867755557,0.0,-4.394655030424883,0.00772614998772525,0.0
1527.0,411.959535991877,-29.97934691697152,0.0,-4.386798799245604,0.007981242435688747,0.0
1528.0,411.6360761357011,-29.03371933719993,0.0,-4.37868715460478,0.008235473690871917,0.0
1529.0,411.30484407669616,-28.090810405796507,0.0,-4.370321547643883,0.008488107523242012,0.0
1530.0,410.9655941956147,-27.150685400116966,0.0,-4.361703665036032,0.008738901614021861,0.0
1531.0,410.61808087320964,-26.213409597517018,0.0,-4.352835443240903,0.008987599727949,0.0
1532.0,410.2620584902336,-25.27904827535237,0.0,-4.343719082539016,0.009233932010179111,0.0
1533.0,409.8972814274391,-24.347666710978746,0.0,-4.334357060727208,0.009477615404855921,0.0
1534.0,409.523504065579,-23.419330181751846,0.0,-4.324752146346973,0.00971835420286471,0.0
1535.0,409.1404807854059,-22.494103965027392,0.0,-4.314907411312125,0.009955857408971916,0.0
1536.0,408.7479659676726,-21.5720533381611,0.0,-4.3048262427940305,0.01019426524151301,0.0
1537.0,408.34571399313165,-20.653243578508672,0.0,-4.294512354217901,0.010452822245230666,0.0
1538.0,407.9334792425359,-19.737739963425824,0.0,-4.283969795218928,0.010759266875458424,0.0
1539.0,407.51101609663795,-18.825607770268274,0.0,-4.273202726835384,0.01112913635140281,0.0
1540.0,407.0780787837808,-17.916913057046447,0.0,-4.262153703049657,0.01156657566731946,0.0
1541.0,406.6343816526301,-17.01192614884954,0.0,-4.250615992591294,0.012074426509092375,0.0
1542.0,406.17954603489295,-16.111393811485108,0.0,-4.238413828811385,0.012655657887963618,0.0
1543.0,405.71318002553477,-15.216130610471218,0.0,-4.2255119163751305,0.013308915571309182,0.0
1544.0,405.234891719521,-14.32695111132595,0.0,-4.211894621294329,0.014017821101451411,0.0
1545.0,404.7442892118169,-13.44466987956738,0.0,-4.197545557015207,0.014757549997162833,0.0
1546.0,404.240980597388,-12.570101480713582,0.0,-4.182447754607614,0.015515489809910386,0.0
1547.0,403.72457397119945,-11.704060480282632,0.0,-4.1665838572790985,0.0162903886556164,0.0
1548.0,403.19467742821683,-10.847361443792606,0.0,-4.149936342941533,0.017082218053690857,0.0
1549.0,402.65089906340546,-10.000818936761576,0.0,-4.132487778500867,0.017890671264469558,0.0
1550.0,402.0928469717307,-9.165247524707624,0.0,-4.114221109346904,0.018715127576808994,0.0
1551.0,401.5201292481578,-8.34146177314882,0.0,-4.095119987143926,0.01955461432350702,0.0
1552.0,400.9323539876523,-7.530276247603243,0.0,-4.075169138413938,0.02040776748471524,0.0
1553.0,400.32912928517953,-6.732505513588969,0.0,-4.05435477550631,0.021270274450425015,0.0
1554.0,399.71006323570487,-5.948964136624069,0.0,-4.032665050305077,0.022097773378741557,0.0
1555.0,399.0747639341937,-5.180466682226624,0.0,-4.010090549386456,0.02278218232068742,0.0
1556.0,398.4228394756113,-4.427827715914704,0.0,-3.9866248272699303,0.023224940758883247,0.0
1557.0,397.75389795492316,-3.691861803206391,0.0,-3.96230021827189,0.02339197267890209,0.0
1558.0,397.0675911756263,-2.973327631783677,0.0,-3.937672050916558,0.023279037438028664,0.0
1559.0,396.3642108229491,-2.2721658520931336,0.0,-3.913666522151682,0.02288375427371024,0.0
1560.0,395.64453403743636,-1.587696499074067,0.0,-3.8907082211442003,0.022207396155796918,0.0
1561.0,394.9093500424237,-0.9192241607911154,0.0,-3.8688239871625574,0.021291932125287696,0.0
1562.0,394.1594480612472,-0.26605342530891835,0.0,-3.8480250883965748,0.02024364883882541,0.0
1563.0,393.3956173172425,0.3725111193078851,0.0,-3.8283177284278684,0.019159870766815183,0.0
1564.0,392.6186470337454,0.9971648849946562,0.0,-3.8097037709327948,0.01807397129857335,0.0
1565.0,391.82932643409185,1.6086032836867554,0.0,-3.7921814485016254,0.01699000916669816,0.0
1566.0,391.02844474161753,2.207521727319542,0.0,-3.775746040823059,0.01591070435817172,0.0
1567.0,390.21679117965823,2.7946156278283802,0.0,-3.760390511737411,0.014838174772589608,0.0
1568.0,389.39515497154986,3.3705803971486277,0.0,-3.74610609838932,0.013773980305676605,0.0
1569.0,388.5643253406281,3.936111447215647,0.0,-3.732882848836038,0.012719170488124019,0.0
1570.0,387.7250915102288,4.4919041899647985,0.0,-3.720710106974001,0.011674333389180001,0.0
1571.0,386.8782427036879,5.038654037331445,0.0,-3.7095769455704075,0.010639644005611633,0.0
1572.0,386.024568144341,5.5770564012509425,0.0,-3.69947254958454,0.009614910826200949,0.0
1573.0,385.16485705552395,6.107806693658656,0.0,-3.690386552906408,0.008599619674721844,0.0
1574.0,384.29989866057264,6.631600326489947,0.0,-3.682309332205542,0.007592974284349082,0.0
1575.0,383.4304821828229,7.149132711680171,0.0,-3.675232261842626,0.0065939333445497825,0.0
1576.0,382.55739684561036,7.661099261164694,0.0,-3.6691479338159185,0.00560538063484433,0.0
1577.0,381.681431872271,8.168195386878876,0.0,-3.6640503465480148,0.004656273654621401,0.0
1578.0,380.80337648614045,8.671116500758075,0.0,-3.6599350660155068,0.003800874712074924,0.0
1579.0,379.92401991055465,9.170558014737656,0.0,-3.656799362315744,0.0030747384808338376,0.0
1580.0,379.04415136884944,9.667215340752978,0.0,-3.6545844112873835,0.0024841997808540445,0.0
1581.0,378.1644587749362,10.161706726297702,0.0,-3.6529236426598666,0.002028459173595985,0.0
1582.0,377.28508901461583,10.654238333490511,0.0,-3.6514057054192524,0.0017069480655931915,0.0
1583.0,376.4060091058445,11.144879324344638,0.0,-3.6499281515076185,0.0015152149710692911,0.0
1584.0,375.5271859459823,11.633698769018812,0.0,-3.648491331924358,0.0014228219593391028,0.0
1585.0,374.6485864323894,12.120765737671784,0.0,-3.6470956522088196,0.0013741527964925557,0.0
1586.0,373.77017746242586,12.606149300462292,0.0,-3.6457415032041265,0.0013324593388033268,0.0
1587.0,372.89192593345194,13.08991852754908,0.0,-3.644429260804031,0.0012904029768076506,0.0
1588.0,372.0137987428277,13.572142489090893,0.0,-3.6431592857124717,0.001247994062035732,0.0
1589.0,371.1357627879134,14.052890255246474,0.0,-3.6419319232157514,0.0012052480934316037,0.0
1590.0,370.2577849660689,14.532230896174559,0.0,-3.640747502967873,0.0011621807778668788,0.0
1591.0,369.37983217465467,15.010233482033895,0.0,-3.6396063387887967,0.0011188080170083659,0.0
1592.0,368.5018713110307,15.486967082983224,0.0,-3.638508728475881,0.001075145894036852,0.0
1593.0,367.6238692725571,15.962500769181288,0.0,-3.637454953629023,0.0010312106602590504,0.0
1594.0,366.745792956594,16.436903610786835,0.0,-3.6364452794889983,0.0009870187216339651,0.0
1595.0,365.86760926050164,16.9102446779586,0.0,-3.6354799547893872,0.0009425866251887095,0.0
1596.0,364.98928508164,17.382593040855323,0.0,-3.63455921162232,0.0008979310453975295,0.0
1597.0,364.1107873173694,17.854017769635757,0.0,-3.6336832653176776,0.0008530687705285341,0.0
1598.0,363.23208286504985,18.32458793445864,0.0,-3.6328523143361164,0.0008080166889324732,0.0
1599.0,362.35313862204157,18.794372605482714,0.0,-3.632066540175919,0.0007627917753526717,0.0
1600.0,361.47392148570464,19.26344085286672,0.0,-3.631326107293419,0.0007174110772344897,0.0
1601.0,360.59439835339924,19.731861746769397,0.0,-3.6306311630372026,0.0006719056519722662,0.0
1602.0,359.71453612248536,20.199704357349496,0.0,-3.6299818375961284,0.0006278728959394629,0.0
1603.0,358.83430169032346,20.66703775476576,0.0,-3.6293782439606415,0.0005913925324380223,0.0
1604.0,357.9536619542733,21.133931009176926,0.0,-3.6288204778980733,0.0005702491828674106,0.0
1605.0,357.0725838116953,21.60045319074173,0.0,-3.628308422628109,0.0005680569705384742,0.0
1606.0,356.19103417441625,22.066672921295314,0.0,-3.627820211340774,0.0005851552255685201,0.0
1607.0,355.30898156405084,22.532608935531048,0.0,-3.627292940674432,0.000621553236870647,0.0
1608.0,354.4263975557093,22.99818534065547,0.0,-3.626680841096046,0.0006772449685171925,0.0
1609.0,353.5432540653577,23.46331568079225,0.0,-3.6259793619497462,0.0007506566857410516,0.0
1610.0,352.65952300896214,23.927913500065056,0.0,-3.6251885464490643,0.0008357309211954876,0.0
1611.0,351.7751763024886,24.39189234259756,0.0,-3.6243084300934614,0.0009247038571572765,0.0
1612.0,350.89018586190315,24.855165752513443,0.0,-3.6233390408734802,0.0010139806742852958,0.0
1613.0,350.004523603172,25.317647273936373,0.0,-3.622280399495028,0.0011032397984011802,0.0
1614.0,349.11816144226094,25.779250450990027,0.0,-3.621132519623441,0.0011924880992825022,0.0
1615.0,348.23107129513625,26.23988882779807,0.0,-3.619895408146835,0.001281732173248784,0.0
1616.0,347.3432250777639,26.69947594848418,0.0,-3.618569065458963,0.001370978323406031,0.0
1617.0,346.45459470610996,27.15792535717203,0.0,-3.617153485762231,0.0014602325397576252,0.0
1618.0,345.5651520961405,27.61515059798529,0.0,-3.6156486573903397,0.0015495004791688605,0.0
1619.0,344.67486916382154,28.071065215047636,0.0,-3.614054563151119,0.0016387874451251974,0.0
1620.0,343.7837178251192,28.525582752482745,0.0,-3.612371180689705,0.0017280983673338174,0.0
1621.0,342.8916699959995,28.97861675441428,0.0,-3.6105984828721573,0.0018174377811398046,0.0
1622.0,341.9986975924285,29.430080764965915,0.0,-3.6087364381897546,0.001906809806707876,0.0
1623.0,341.1047725303722,29.879888328261323,0.0,-3.6067850111842907,0.0019962181280239423,0.0
1624.0,340.2098667257968,30.32795298842419,0.0,-3.60474416289423,0.002085665971694128,0.0
1625.0,339.31395209466825,30.774188289578174,0.0,-3.6026138513223835,0.002175156085524353,0.0
1626.0,338.41700055295263,31.218507775846952,0.0,-3.600394031925165,0.0022646907169079984,0.0
1627.0,337.518984016616,31.660824991354197,0.0,-3.598084658123324,0.0023542715910079993,0.0
1628.0,336.61987440162443,32.10105348022359,0.0,-3.5956856818348206,0.0024438998887536135,0.0
1629.0,335.71964362394397,32.53910678657879,0.0,-3.5931970540297504,0.0025335762246694,0.0
1630.0,334.81826359954067,32.97489845454347,0.0,-3.590618725307583,0.0026233006245300733,0.0
1631.0,333.9157062443806,33.408342028241314,0.0,-3.5879506464968256,0.002713075294324011,0.0
1632.0,333.01194347442987,33.839351051795994,0.0,-3.585192769277237,0.0028030824610385846,0.0
1633.0,332.10694720565436,34.267839069331174,0.0,-3.5823450468249396,0.0028939640913181147,0.0
1634.0,331.2006893540203,34.693719624970534,0.0,-3.579407434480128,0.002986497506188306,0.0
1635.0,330.29314183549377,35.11690626283774,0.0,-3.5763798513574803,0.0030810336450920934,0.0
1636.0,329.3842766222919,35.537312414635096,0.0,-3.5732597300525506,0.003177619324343445,0.0
1637.0,328.4740692560485,35.95484437837808,0.0,-3.570040552006329,0.003276277039584853,0.0
1638.0,327.56250092573083,36.36939716555682,0.0,-3.566717854711443,0.0033770269940840113,0.0
1639.0,326.64955331976057,36.78086478947278,0.0,-3.5632910900313304,0.0034797091708060257,0.0
1640.0,325.7352081265592,37.18914126342744,0.0,-3.559760055530038,0.0035837035238580777,0.0
1641.0,324.81944703454843,37.594120600722256,0.0,-3.5561245472208416,0.003688254271035379,0.0
1642.0,323.90225173214975,37.99569681465872,0.0,-3.5523843606995906,0.0037930315341793935,0.0
1643.0,322.983603907785,38.393763918538276,0.0,-3.548539292319156,0.0038980089822045244,0.0
1644.0,322.06348524987555,38.78821592566242,0.0,-3.544589140405711,0.004003183927138546,0.0
1645.0,321.1418774468431,39.1789468493326,0.0,-3.540533706517566,0.004108552399891227,0.0
1646.0,320.2187621871094,39.56585070285029,0.0,-3.536372796746696,0.004214109107317438,0.0
1647.0,319.29412115909594,39.94882149951697,0.0,-3.5321062230638094,0.00431984738893051,0.0
1648.0,318.3679360512243,40.327753252634096,0.0,-3.5277338047071307,0.00442575917341727,0.0
1649.0,317.44018855191626,40.70253997550315,0.0,-3.5232553696148243,0.004531834935061057,0.0
1650.0,316.5108603495933,41.073075681425586,0.0,-3.518670755901478,0.004638063650215621,0.0
1651.0,315.57993313267707,41.43925438370288,0.0,-3.5139798133783615,0.004744432754018067,0.0
1652.0,314.6473885895891,41.80097009563652,0.0,-3.5091824051170737,0.004850928097489453,0.0
1653.0,313.71320840875114,42.15811683052796,0.0,-3.5042784090563335,0.00495753390521192,0.0
1654.0,312.7773742785848,42.51058860167865,0.0,-3.499267719651153,0.005064232733804884,0.0
1655.0,311.83986788751156,42.85827942239009,0.0,-3.494150249563534,0.005171005431404823,0.0
1656.0,310.9006709239532,43.20108330596374,0.0,-3.4889259313935685,0.005277831098381837,0.0
1657.0,309.9597650763312,43.53889426570107,0.0,-3.483594719449767,0.005383587619163751,0.0
1658.0,309.0171320330673,43.871606314903545,0.0,-3.4781565915568042,0.005481011545709251,0.0
1659.0,308.072753482583,44.19911346687263,0.0,-3.4726115508989635,0.0055574497921224075,0.0
1660.0,307.1266111133,44.52130973490981,0.0,-3.466959627897098,0.005604938595646892,0.0
1661.0,306.17868661363985,44.83808913231655,0.0,-3.461216274142096,0.005621998282807437,0.0
1662.0,305.22896993386564,45.14937534604625,0.0,-3.4554675334326617,0.005608599650985655,0.0
1663.0,304.277488879084,45.455228024443024,0.0,-3.4498043504347273,0.005564722070842988,0.0
1664.0,303.3242820898362,45.75574573295193,0.0,-3.4442471600695517,0.005491452813543494,0.0
1665.0,302.369388207541,46.051027040170204,0.0,-3.4387961749777154,0.005396027151948043,0.0
1666.0,301.4128458736174,46.34117051469508,0.0,-3.433451572364253,0.0052910766597941295,0.0
1667.0,300.4546937294844,46.626274725123814,0.0,-3.4282134974400065,0.005184550253859062,0.0
1668.0,299.4949704165608,46.90643824005364,0.0,-3.4230820652095786,0.005077919440498052,0.0
1669.0,298.5337145762656,47.18175962808182,0.0,-3.4180573622379065,0.004971211956356081,0.0
1670.0,297.5709648500176,47.4523374578056,0.0,-3.4131394483923647,0.0048644536978403865,0.0
1671.0,296.60675987923577,47.71827029782221,0.0,-3.4083283585578874,0.004757668865725404,0.0
1672.0,295.641138305339,47.97965671672891,0.0,-3.403624104322407,0.004650879995286778,0.0
1673.0,294.67413876974626,48.23659528312294,0.0,-3.3990266756305765,0.004544107988500308,0.0
1674.0,293.7057999138764,48.48918456560155,0.0,-3.3945360424039177,0.004437372148072826,0.0
1675.0,292.7361603791484,48.73752313276198,0.0,-3.3901521561255117,0.004331400559071489,0.0
1676.0,291.765258806981,48.98170955320148,0.0,-3.3858749513879585,0.004233557415639767,0.0
1677.0,290.7931338387933,49.22184239551731,0.0,-3.3817043474033084,0.004159381440274628,0.0
1678.0,289.81982411600416,49.45802022830668,0.0,-3.377640249473924,0.0041207675412621315,0.0
1679.0,288.8453682800324,49.690341620166876,0.0,-3.3736726055793693,0.004120776791375093,0.0
1680.0,287.8698039989584,49.91888489385578,0.0,-3.3697083705546573,0.004159507579627305,0.0
1681.0,286.89316082530934,50.14355956534782,0.0,-3.365623007315992,0.004237038169633818,0.0
1682.0,285.91546427924993,50.36419127584246,0.0,-3.3613744456357675,0.004352737388051261,0.0
1683.0,284.9367398517468,50.58060505920861,0.0,-3.3569617867984514,0.004499337019441083,0.0
1684.0,283.95701303376677,50.792625949315216,0.0,-3.352384405878033,0.004661393079003373,0.0
1685.0,282.9763093162764,51.000078980031226,0.0,-3.347641656624326,0.004827103816237871,0.0
1686.0,281.9946541902425,51.20278918522557,0.0,-3.34273287499625,0.004993499365165498,0.0
1687.0,281.01207314663156,51.40058159876719,0.0,-3.3376573828656015,0.00516057018817181,0.0
1688.0,280.02859167641043,51.593281254525024,0.0,-3.3324144918990006,0.005328324078839351,0.0
1689.0,279.04423527054564,51.780713186368004,0.0,-3.3270035076254287,0.005496764653335833,0.0
1690.0,278.05902942000387,51.962702428165066,0.0,-3.321423733696473,0.005665891155490607,0.0
1691.0,277.072999615752,52.13907401378516,0.0,-3.315674476345606,0.005835698255745734,0.0
1692.0,276.0861713487564,52.309652977097215,0.0,-3.309755049053002,0.006006175844622342,0.0
1693.0,275.0985701099841,52.47426435197018,0.0,-3.303664777420872,0.006177308821444991,0.0
1694.0,274.11022139040153,52.63273317227297,0.0,-3.297403004264111,0.00634907687916697,0.0
1695.0,273.1211506809754,52.78488447187454,0.0,-3.290969094920051,0.006521454286318055,0.0
1696.0,272.1313834726724,52.93054328464383,0.0,-3.2843624427796656,0.0066944096672179355,0.0
1697.0,271.1409452564592,53.06953464444977,0.0,-3.2775824750420064,0.006867905781730402,0.0
1698.0,270.1498615233025,53.2016835851613,0.0,-3.2706286586917352,0.00704189930603102,0.0
1699.0,269.15815776416895,53.326815140647355,0.0,-3.26350050669842,0.007216340616001611,0.0
1700.0,268.1658594700254,53.44475434477688,0.0,-3.256197584434403,0.0073896420008386764,0.0
1701.0,267.1729921318382,53.55532623141881,0.0,-3.2487195163063545,0.0075466650118607105,0.0
1702.0,266.17958124057424,53.658355834442084,0.0,-3.241065992593373,0.007656074612436749,0.0
1703.0,265.1856522872002,53.75366818771564,0.0,-3.233236776482321,0.007694299131934677,0.0
1704.0,264.19123076268266,53.8410883251084,0.0,-3.2252531533276096,0.007655385790169175,0.0
1705.0,263.19634094259055,53.92048433713885,0.0,-3.217304670240082,0.007539112235512593,0.0
1706.0,262.2009975850828,53.99206147783499,0.0,-3.209639450575959,0.007345332785403138,0.0
1707.0,261.2052109639188,54.056183865440225,0.0,-3.2023384527097787,0.007075474041884355,0.0
1708.0,260.20899132657263,54.113216549375714,0.0,-3.1954032469686102,0.006744544730208516,0.0
1709.0,259.21234892051876,54.163524579062646,0.0,-3.188834690633941,0.00638377895114095,0.0
1710.0,258.21529399323117,54.20747300392218,0.0,-3.182633419446109,0.0060166738548090215,0.0
1711.0,257.21783679218424,54.2454268733755,0.0,-3.1767998737774406,0.00564913197762938,0.0
1712.0,256.2199875648522,54.27775123684378,0.0,-3.171334323567332,0.005281347804698276,0.0
1713.0,255.2217565587092,54.30481114374817,0.0,-3.1662368919327357,0.0049134598722763,0.0
1714.0,254.22315402122945,54.32697164350986,0.0,-3.1615075773856756,0.0045455853134089355,0.0
1715.0,253.22419019988726,54.344597785550015,0.0,-3.157146274605902,0.00417782129543766,0.0
1716.0,252.2248753421568,54.358054619289824,0.0,-3.1531527937308734,0.0038102464933236213,0.0
1717.0,251.22521969551235,54.36770719415043,0.0,-3.1495268781373085,0.0034429225874898733,0.0
1718.0,250.22523350742804,54.37392055955303,0.0,-3.146268220698516,0.0030758957767419914,0.0
1719.0,249.22492702537818,54.37705976491878,0.0,-3.1433764785101292,0.002709198298568083,0.0
1720.0,248.22431049683692,54.37748985966887,0.0,-3.1408512860834077,0.0023428499507138767,0.0
1721.0,247.22339416927858,54.37557589322445,0.0,-3.1386922670101454,0.0019768596093665864,0.0
1722.0,246.22218829017731,54.37168291500671,0.0,-3.1368990441070443,0.0016112267405739326,0.0
1723.0,245.2207031070074,54.366175974436814,0.0,-3.135471248049778,0.0012459429026580513,0.0
1724.0,244.218948867243,54.35942012093594,0.0,-3.1344085245084097,0.0008809932383450229,0.0
1725.0,243.21693581835837,54.35178040392525,0.0,-3.1337105397962826,0.000516357956139484,0.0
1726.0,242.21467420782778,54.34362187282592,0.0,-3.1333769850443276,0.0001520138011279164,0.0
1727.0,241.21217428312534,54.33530957705912,0.0,-3.1334075789119966,-0.0002120644840984795,0.0
1728.0,240.2094462917254,54.32720856604604,0.0,-3.133802068844726,-0.0005717665344788157,0.0
1729.0,239.2065004811021,54.31968388920783,0.0,-3.134560230886511,-0.0008930433401816032,0.0
1730.0,238.20334709872972,54.31310059596567,0.0,-3.1356818680545206,-0.0011102678098468463,0.0
1731.0,237.19999639208245,54.30782373574075,0.0,-3.1371668072810457,-0.0011778245909833513,0.0
1732.0,236.19645860863452,54.304218357954205,0.0,-3.13895698850635,-0.0010857982363955884,0.0
1733.0,235.19275114838447,54.3025332972876,0.0,-3.1406331430968026,-0.0008341792875882056,0.0
1734.0,234.18893604862419,54.30229211840182,0.0,-3.1416951701973774,-0.0004229251634010492,0.0
1735.0,233.18509253454914,54.3027391156386,0.0,-3.1420040218331122,0.0001439221021250095,0.0
1736.0,232.18129986748974,54.303117996217466,0.0,-3.141559453207663,0.0008324298282218795,0.0
1737.0,231.17763730877633,54.30267246735797,0.0,-3.1403611557596034,0.0015771302128309967,0.0
1738.0,230.17418411973935,54.300646236279626,0.0,-3.1384084718635776,0.0023326030535536025,0.0
1739.0,229.17101956170904,54.29628301020198,0.0,-3.135700414494068,0.0030891547126376774,0.0
1740.0,228.1682228960159,54.28882649634457,0.0,-3.1322356995139784,0.0038470128523779208,0.0
1741.0,227.16587338399026,54.27752040192693,0.0,-3.1280127908005677,0.004606373784369027,0.0
1742.0,226.16405028696246,54.26160843416859,0.0,-3.1230299584801715,0.0053673682636303155,0.0
1743.0,225.16283286626293,54.2403343002891,0.0,-3.117285350583676,0.0061300479105696705,0.0
1744.0,224.162300383222,54.21294170750797,0.0,-3.1107770784502993,0.006894371382668445,0.0
1745.0,223.16253209917005,54.178674363044756,0.0,-3.1035033161917154,0.007660190344281511,0.0
1746.0,222.1636072754374,54.13677597411898,0.0,-3.0954624144751057,0.008427235324881288,0.0
1747.0,221.16560517335458,54.086490247950195,0.0,-3.086653028784965,0.009195101604692373,0.0
1748.0,220.16860505425177,54.02706089175793,0.0,-3.0770742621722227,0.009963235321630093,0.0
1749.0,219.17268617945945,53.95773161276169,0.0,-3.0667258222885754,0.010730920054088662,0.0
1750.0,218.17792781030798,53.87774611818106,0.0,-3.0556081922269342,0.011493437965634654,0.0
1751.0,217.18440920812773,53.78634811523554,0.0,-3.043722814341348,0.01221745840304316,0.0
1752.0,216.19220963424908,53.68278131114468,0.0,-3.0310722857978454,0.012839316786412288,0.0
1753.0,215.20140835000237,53.56628941312801,0.0,-3.0176605641117344,0.01331468631175427,0.0
1754.0,214.21208461671796,53.436116128405075,0.0,-3.0035467476294513,0.013634147418650133,0.0
1755.0,213.22432173375452,53.291613677506845,0.0,-2.9891361256851323,0.01379834584446828,0.0
1756.0,212.23822909833146,53.13283560476027,0.0,-2.9749135237658937,0.013808181404415025,0.0
1757.0,211.2539264846459,52.960114313411964,0.0,-2.961014882385056,0.013668632910836009,0.0
1758.0,210.2715336933791,52.77378291841749,0.0,-2.947438060322124,0.013413383046495277,0.0
1759.0,209.29117052521235,52.574174534732386,0.0,-2.9341801979945132,0.013106555332075054,0.0
1760.0,208.31295678082705,52.36162227731218,0.0,-2.9212381122532562,0.012793060623107066,0.0
1761.0,207.33701226090446,52.136459261112435,0.0,-2.9086083387362254,0.012483048089955406,0.0
1762.0,206.36345676612592,51.89901860108867,0.0,-2.8962871719274244,0.012176769706551667,0.0
1763.0,205.3924100971728,51.649633412196444,0.0,-2.884270702874551,0.011874415886902065,0.0
1764.0,204.42399205472637,51.388636809391286,0.0,-2.8725548545529,0.011576142789091819,0.0
1765.0,203.45832243946805,51.11636190762875,0.0,-2.8611354148949046,0.01128207457978249,0.0
1766.0,202.49552105207906,50.833141821864366,0.0,-2.8500080675300095,0.010992305651832974,0.0
1767.0,201.53570769324082,50.539309667053686,0.0,-2.839168420301131,0.010706902774937608,0.0
1768.0,200.57900216363458,50.23519855815224,0.0,-2.828612031641065,0.010425907163072692,0.0
1769.0,199.6255242639417,49.921141610115576,0.0,-2.81833443490563,0.010147463854572212,0.0
1770.0,198.67539379484347,49.59747193789924,0.0,-2.808331160770684,0.009856195163314294,0.0
1771.0,197.72873055702127,49.264522656458766,0.0,-2.7985977578076406,0.009522257550720463,0.0
1772.0,196.78565435115644,48.92262688074969,0.0,-2.7891298113571463,0.009124375584186772,0.0
1773.0,195.84628497793025,48.572117725727566,0.0,-2.7799491771037568,0.008657098052094485,0.0
1774.0,194.91069550952582,48.21336681728466,0.0,-2.7712405784409837,0.008119455664479785,0.0
1775.0,193.9786715349223,47.8469827084111,0.0,-2.763228267791126,0.007510569686058232,0.0
1776.0,193.04988939843537,47.4736639852564,0.0,-2.755976940576954,0.006831503543106607,0.0
1777.0,192.12402523328464,47.094109407943094,0.0,-2.7494892823700368,0.006096880311440384,0.0
1778.0,191.20075517268984,46.709017736593744,0.0,-2.7437672569055707,0.005335818306951591,0.0
1779.0,190.27975534987067,46.31908773133091,0.0,-2.738812336654401,0.004568891172461128,0.0
1780.0,189.3607018980468,45.92501815227715,0.0,-2.7346256022030095,0.00380086743653634,0.0
1781.0,188.443270950438,45.527507759555014,0.0,-2.7312078289815656,0.003032050151142305,0.0
1782.0,187.52713864026396,45.12725531328706,0.0,-2.728559560953222,0.0022626672905304364,0.0
1783.0,186.61198110074432,44.72495957359584,0.0,-2.7266811710004024,0.0014928934857478498,0.0
1784.0,185.69747446509885,44.321319300603925,0.0,-2.7255729078350797,0.0007228634405599874,0.0
1785.0,184.7832948665472,43.91703325443385,0.0,-2.7252349293245355,-4.513730869347217e-05,0.0
1786.0,183.8691184383091,43.51280019520819,0.0,-2.72566732216801,-0.0007833022285893712,0.0
1787.0,182.9546213136042,43.109318883049504,0.0,-2.7268701078889306,-0.001428471755085584,0.0
1788.0,182.0394796256523,42.70728807808033,0.0,-2.7288432351278047,-0.0019286643935993361,0.0
1789.0,181.12336950767303,42.307406540423244,0.0,-2.7315560771286913,-0.0022692775396613296,0.0
1790.0,180.20599246930328,41.91031761457053,0.0,-2.734650886025184,-0.002450115560466719,0.0
1791.0,179.28732229903338,41.51607005736411,0.0,-2.737601797381496,-0.0024711939001660988,0.0
1792.0,178.3674982291108,41.124351338628415,0.0,-2.7402073412885097,-0.0023347171966153924,0.0
1793.0,177.44666182435506,40.73484383444476,0.0,-2.7424647957592945,-0.0020684389696895406,0.0
1794.0,176.52495464958585,40.34722992089448,0.0,-2.7443742521441803,-0.0017354852725106615,0.0
1795.0,175.60251826962264,39.961191974058885,0.0,-2.7459358054748804,-0.001387817322600991,0.0
1796.0,174.67949424928497,39.576412370019305,0.0,-2.747149547534231,-0.0010400265379628681,0.0
1797.0,173.75602415339245,39.19257348485706,0.0,-2.748015561195298,-0.0006923044445646477,0.0
1798.0,172.83224954676464,38.80935769465348,0.0,-2.7485339160265316,-0.0003446386957462228,0.0
1799.0,171.90831199422104,38.42644737548988,0.0,-2.748704665159888,2.9855612524125918e-06,0.0
1800.0,170.98435306058127,38.043524903447576,0.0,-2.7485278434193963,0.0003505844244850374,0.0
1801.0,170.06051431066487,37.660272654607915,0.0,-2.7480034667079836,0.0006981739778235367,0.0
1802.0,169.1369373092914,37.27637300505221,0.0,-2.747131532651524,0.0010457690321069419,0.0
1803.0,168.2137636212804,36.89150833086176,0.0,-2.7459120225000535,0.00139338186626151,0.0
1804.0,167.29113481145149,36.505361008117916,0.0,-2.744344904286685,0.001741020967844025,0.0
1805.0,166.3691924446241,36.117613412902,0.0,-2.742430137245615,0.002088689772656384,0.0
1806.0,165.44807808561794,35.72794792129532,0.0,-2.7401676774913075,0.0024363854034766975,0.0
1807.0,164.52793329925245,35.33604690937921,0.0,-2.7375574849603157,0.002784097408379133,0.0
1808.0,163.6088996503473,34.94159275323499,0.0,-2.734599531617248,0.0031318064996888363,0.0
1809.0,162.69111870372194,34.54426782894399,0.0,-2.7312938109250706,0.0034794832953531436,0.0
1810.0,161.774732024196,34.14375451258753,0.0,-2.7276403485778333,0.003826857389014179,0.0
1811.0,160.859881176589,33.73973518024691,0.0,-2.7236392144915973,0.004167753806417858,0.0
1812.0,159.94670772572056,33.33189220800349,0.0,-2.719290536045059,0.004484690510900866,0.0
1813.0,159.03535323641015,32.919907971938564,0.0,-2.7145945125569195,0.004759964134048682,0.0
1814.0,158.12595927347735,32.50346484813347,0.0,-2.709554646448505,0.00498718182753745,0.0
1815.0,157.21866541752325,32.082251381196116,0.0,-2.7042538168392083,0.00516612240376795,0.0
1816.0,156.31356228788542,31.65610832621263,0.0,-2.698853858550498,0.005296847671152127,0.0
1817.0,155.41068962137908,31.225034621546016,0.0,-2.6934408030757244,0.005379660292210391,0.0
1818.0,154.51008478617058,30.78903656920035,0.0,-2.688018214408182,0.005420768403719141,0.0
1819.0,153.6117851504263,30.348120471179723,0.0,-2.682585822475723,0.005437689368170714,0.0
1820.0,152.71582808231258,29.902292629488226,0.0,-2.6771433587301257,0.005448165480318552,0.0
1821.0,151.82225094999586,29.45155934612995,0.0,-2.6716905561843536,0.005458633732355286,0.0
1822.0,150.93109112164242,28.99592692310897,0.0,-2.666227149451292,0.005469366469200138,0.0
1823.0,150.04238596541867,28.53540166242939,0.0,-2.6607528747840243,0.00548036202650445,0.0
1824.0,149.15617284949096,28.06998986609529,0.0,-2.6552674701177383,0.005491618697181685,0.0
1825.0,148.27248914202565,27.59969783611076,0.0,-2.649770675113194,0.005503134729782636,0.0
1826.0,147.39137221118915,27.124531874479878,0.0,-2.644262231201909,0.005514908326840745,0.0
1827.0,146.51285942514775,26.644498283206747,0.0,-2.6387418816328774,0.005526937643198686,0.0
1828.0,145.63698815206786,26.159603364295446,0.0,-2.6332093715210583,0.00553922078430943,0.0
1829.0,144.76379576011584,25.669853419750066,0.0,-2.6276644478976303,0.005551755804506842,0.0
1830.0,143.8933196174581,25.175254751574695,0.0,-2.6221068597619155,0.0055645407052516485,0.0
1831.0,143.02559709226094,24.675813661773418,0.0,-2.6165363581350656,0.0055775734333536955,0.0
1832.0,142.16066555269072,24.17153645235032,0.0,-2.6109526961155347,0.005590851879177183,0.0
1833.0,141.29856236691387,23.6624294253095,0.0,-2.6053556289364725,0.005604373874825612,0.0
1834.0,140.4393249030967,23.14849888265504,0.0,-2.599744914024791,0.005618137192296345,0.0
1835.0,139.5829905294056,22.629751126391024,0.0,-2.594120311062193,0.00563213954162199,0.0
1836.0,138.7295966140069,22.106192458521548,0.0,-2.588481582048015,0.005646378568998792,0.0
1837.0,137.87918052506703,21.57782918105069,0.0,-2.5828284913639723,0.005660851854893861,0.0
1838.0,137.0317796307523,21.044667595982546,0.0,-2.57716080584086,0.0056755042755725705,0.0
1839.0,136.1874312992291,20.5067140053212,0.0,-2.5714782948270325,0.005689230176420709,0.0
1840.0,135.34617289866384,19.963974711070748,0.0,-2.5657807302589917,0.005699081870262278,0.0
1841.0,134.50804179722277,19.41645601523526,0.0,-2.5600678867337576,0.005702227963364567,0.0
1842.0,133.67307536307237,18.864164219818843,0.0,-2.5543402784952103,0.005697688474375922,0.0
1843.0,132.8413099026662,18.307106692511177,0.0,-2.548612392145108,0.0056854065629838545,0.0
1844.0,132.0127616236461,17.74531097502282,0.0,-2.5429105350832075,0.005665358417479821,0.0
1845.0,131.1874287771913,17.178822632719296,0.0,-2.5372475706345208,0.005637574515762824,0.0
1846.0,130.3653089829451,16.607687864865113,0.0,-2.5316238913921087,0.005603137420638291,0.0
1847.0,129.54639986055096,16.031952870724787,0.0,-2.5260394418121415,0.0055649732507281014,0.0
1848.0,128.73069902965233,15.451663849562834,0.0,-2.5204941573358903,0.005525893324368004,0.0
1849.0,127.9182041098925,14.866867000643772,0.0,-2.514987964672398,0.005486859011257941,0.0
1850.0,127.10891272091496,14.277608523232114,0.0,-2.509520782078984,0.005447909975116794,0.0
1851.0,126.30282248236306,13.683934616592376,0.0,-2.504092519639138,0.005409054258200183,0.0
1852.0,125.49993101388019,13.085891479989074,0.0,-2.4987030795374383,0.00537029962972183,0.0
1853.0,124.70023593510979,12.483525312686725,0.0,-2.49335235633158,0.005331653588981704,0.0
1854.0,123.90373486569524,11.876882313949842,0.0,-2.488040237221035,0.005293123368716789,0.0
1855.0,123.11042542527991,11.26600868304294,0.0,-2.482766602312194,0.005254715938624952,0.0
1856.0,122.32030523350726,10.650950619230535,0.0,-2.4775313248799886,0.005216438009057324,0.0
1857.0,121.53337191002065,10.031754321777143,0.0,-2.4723342716256496,0.005178296034875882,0.0
1858.0,120.74962307446346,9.40846598994728,0.0,-2.4671753029304373,0.0051402962194448945,0.0
1859.0,119.9690563464791,8.78113182300546,0.0,-2.4620542731053896,0.005102444518755046,0.0
1860.0,119.19166934571099,8.149798020216199,0.0,-2.456971030636826,0.005064746645664174,0.0
1861.0,118.41745969180253,7.514510780844015,0.0,-2.4519254184275265,0.0050272080742341475,0.0
1862.0,117.64642500439709,6.875316304153418,0.0,-2.446917274033474,0.004989834044161137,0.0
1863.0,116.87856290313809,6.232260789408927,0.0,-2.441946429896138,0.004952629565285305,0.0
1864.0,116.11387100766892,5.585390435875057,0.0,-2.4370127135702018,0.0049155994221662235,0.0
1865.0,115.35234693763297,4.934751442816324,0.0,-2.432115947946607,0.004878748178715681,0.0
1866.0,114.59398831267364,4.280390009497244,0.0,-2.427255951470964,0.0048420801828737816,0.0
1867.0,113.83879275243436,3.6223523351823275,0.0,-2.4224325383572576,0.0048055995713254555,0.0
1868.0,113.0867578765585,2.9606846191360963,0.0,-2.417645518796768,0.004769310274241433,0.0
1869.0,112.33788130468945,2.2954330606230626,0.0,-2.412894699162213,0.004733216020035831,0.0
1870.0,111.59216065647063,1.626643858907743,0.0,-2.408179882207166,0.004697320340141602,0.0
1871.0,110.84959355154541,0.95436321325465,0.0,-2.4035008672606173,0.004661626573782535,0.0
1872.0,110.11017760955724,0.27863732292830523,0.0,-2.3988574504168114,0.004626137872737278,0.0
1873.0,109.37391045014947,-0.40048761280678546,0.0,-2.394249424720258,0.00459085720609991,0.0
1874.0,108.64078969296551,-1.0829653946860969,0.0,-2.389676580345981,0.004555752938428105,0.0
1875.0,107.91081295764877,-1.7687498234451184,0.0,-2.385138704775089,0.004518977223100303,0.0
1876.0,107.18397786384264,-2.457794699819334,0.0,-2.3806355829655703,0.004474317636810911,0.0
1877.0,106.4602820311905,-3.150053824544227,0.0,-2.37616699751841,0.004414540707171463,0.0
1878.0,105.7397230793358,-3.8454809983552836,0.0,-2.3717332108113798,0.004336581633283082,0.0
1879.0,105.02229781806109,-4.544029462699409,0.0,-2.3673594257426447,0.004240191454124226,0.0
1880.0,104.30796118862415,-5.245623544687081,0.0,-2.363107002479072,0.0041253316039148325,0.0
1881.0,103.59660683223302,-5.9501452377122375,0.0,-2.3590154326867667,0.003992000530600416,0.0
1882.0,102.88812351598169,-6.657473169113438,0.0,-2.3550877095683402,0.0038420149061200487,0.0
1883.0,102.18240000696413,-7.367485966229246,0.0,-2.35132389781458,0.0036815576133211176,0.0
1884.0,101.47932507227432,-8.080062256398225,0.0,-2.347724040214593,0.003517833857770602,0.0
1885.0,100.77878747900625,-8.795080666958937,0.0,-2.344288160686791,0.003353881104765374,0.0
1886.0,100.08067599425395,-9.51241982524994,0.0,-2.3410162671815526,0.0031899215868044384,0.0
1887.0,99.38487938511136,-10.231958358609802,0.0,-2.3379083544536683,0.003025967442423116,0.0
1888.0,98.6912864186725,-10.953574894377079,0.0,-2.334964406703382,0.0028620282368751705,0.0
1889.0,97.99978586203132,-11.677148059890337,0.0,-2.33218440008501,0.002698111094162593,0.0
1890.0,97.31026648228185,-12.402556482488139,0.0,-2.329568305082648,0.0025342208295936947,0.0
1891.0,96.62261704651803,-13.129678789509047,0.0,-2.327116088752601,0.002370360082588396,0.0
1892.0,95.9367263218339,-13.858393608291623,0.0,-2.3248277168325306,0.0022065294495050886,0.0
1893.0,95.25248307532341,-14.588579566174424,0.0,-2.322703155717537,0.0020427276163122853,0.0
1894.0,94.56977607408055,-15.320115290496016,0.0,-2.3207423743033724,0.0018789514909490926,0.0
1895.0,93.88849408519933,-16.05287940859496,0.0,-2.3189453456974403,0.0017151963352729346,0.0
1896.0,93.20852587577372,-16.786750547809824,0.0,-2.31731204879788,0.0015514558965322247,0.0
1897.0,92.5297602128977,-17.521607335479164,0.0,-2.3158424697414057,0.0013877225383178385,0.0
1898.0,91.8520858636653,-18.257328398941542,0.0,-2.314536603220556,0.0012239873709995702,0.0
1899.0,91.17539159517044,-18.993792365535526,0.0,-2.3133944536707545,0.00106024038166419,0.0
1900.0,90.49956617450717,-19.730877862599673,0.0,-2.312416036327862,0.0008964705636022188,0.0
1901.0,89.82449836876943,-20.46846351747254,0.0,-2.3116013781565976,0.0007326660454211201,0.0
1902.0,89.15007694505124,-21.2064279574927,0.0,-2.310950518650221,0.0005688142198627043,0.0
1903.0,88.47619067044658,-21.944649809998708,0.0,-2.3104635105018008,0.00040490187244571603,0.0
1904.0,87.80272831204942,-22.68300770232913,0.0,-2.310140420147054,0.00024091531005177022,0.0
1905.0,87.12957863695378,-23.421380261822527,0.0,-2.309981328179012,7.684048958230985e-05,0.0
1906.0,86.45663041225363,-24.159646115817463,0.0,-2.3099863296342207,-8.724971606624949e-05,0.0
1907.0,85.78377240504294,-24.8976838916525,0.0,-2.3101555341501556,-0.0002481871244515472,0.0
1908.0,85.11089338241572,-25.63537221666619,0.0,-2.310489065993579,-0.00039617539082329297,0.0
1909.0,84.43788211146595,-26.37258971819711,0.0,-2.3109870639590873,-0.0005205699265887923,0.0
1910.0,83.76462735928763,-27.10921502358381,0.0,-2.311648461217862,-0.0006171958252206051,0.0
1911.0,83.09101951414438,-27.84512859478568,0.0,-2.3124300891733145,-0.0006858028035948863,0.0
1912.0,82.41700490892022,-28.580274204325843,0.0,-2.3132381146242778,-0.0007263662482630233,0.0
1913.0,81.74259870181426,-29.314673511921495,0.0,-2.314017522161198,-0.0007389468194327936,0.0
1914.0,81.0678202830571,-30.048352966531343,0.0,-2.3147650831762667,-0.000726698755369475,0.0
1915.0,80.39268904287931,-30.781339017114075,0.0,-2.3154807562177964,-0.0006994026544382415,0.0
1916.0,79.71722437151148,-31.513658112628395,0.0,-2.3161645012105523,-0.0006676855043645156,0.0
1917.0,79.04144565918423,-32.245336702033,0.0,-2.316816279438456,-0.0006357027225407334,0.0
1918.0,78.36537229612811,-32.9764012342866,0.0,-2.317436053527893,-0.0006036831994344904,0.0
1919.0,77.68902367257374,-33.70687815834787,0.0,-2.3180237874318346,-0.0005716282556612765,0.0
1920.0,77.01241917875166,-34.43679392317552,0.0,-2.3185794464147444,-0.0005395391971506149,0.0
1921.0,76.33557820489251,-35.166174977728254,0.0,-2.3191029970382906,-0.00050741731594187,0.0
1922.0,75.65852014122687,-35.895047770964766,0.0,-2.3195944071478554,-0.0004752638909921725,0.0
1923.0,74.9812643779853,-36.62343875184376,0.0,-2.320053645859751,-0.0004430801889836149,0.0
1924.0,74.30383030539839,-37.35137436932391,0.0,-2.320480683549366,-0.0004108674651478303,0.0
1925.0,73.62623731369676,-38.07888107236396,0.0,-2.3208754918401695,-0.00037862696410132353,0.0
1926.0,72.94850479311098,-38.80598530992256,0.0,-2.3212380435934485,-0.000346359920688512,0.0
1927.0,72.27065213387162,-39.53271353095844,0.0,-2.321568312898901,-0.00031406756083596216,0.0
1928.0,71.59269872620929,-40.25909218443029,0.0,-2.3218662750662036,-0.0002817511024104023,0.0
1929.0,70.91466396035459,-40.985147719296805,0.0,-2.322131906617361,-0.00024941175608552053,0.0
1930.0,70.23656722653807,-41.71090658451668,0.0,-2.322365185279885,-0.00021705072622303846,0.0
1931.0,69.55842791499035,-42.43639522904862,0.0,-2.3225660899809357,-0.00018466921175372013,0.0
1932.0,68.88026541594199,-43.16164010185133,0.0,-2.3227346008423453,-0.00015226840706161757,0.0
1933.0,68.20209911962361,-43.88666765188349,0.0,-2.32287069917647,-0.00011984950288411256,0.0
1934.0,67.52394841626578,-44.61150432810381,0.0,-2.322974367483002,-8.741368721310039e-05,0.0
1935.0,66.84583269609908,-45.336176579471,0.0,-2.3230455894466546,-5.496214619487333e-05,0.0
1936.0,66.16777134935413,-46.060710854943736,0.0,-2.3230843499357725,-2.249606504075733e-05,0.0
1937.0,65.48978376626148,-46.78513360348074,0.0,-2.3230906350018508,9.983371056319716e-06,0.0
1938.0,64.81188933705175,-47.50947127404068,0.0,-2.323064431879953,4.2474976006940625e-05,0.0
1939.0,64.1341074519555,-48.23375031558227,0.0,-2.323005728990056,7.49775619072349e-05,0.0
1940.0,63.45645750120332,-48.95799717706422,0.0,-2.32291451593933,0.00010748993811647368,0.0
1941.0,62.778958875025815,-49.68223830744522,0.0,-2.322790783525354,0.0001400109103337448,0.0
1942.0,62.10163096365357,-50.40650015568395,0.0,-2.3226345237402057,0.0001725392796721538,0.0
1943.0,61.424493157317166,-51.13080917073914,0.0,-2.32244572977552,0.0002050738417330246,0.0
1944.0,60.7475648462472,-51.85519180156947,0.0,-2.3222243960284725,0.00023761338568273338,0.0
1945.0,60.07086542067425,-52.57967449713364,0.0,-2.321970518108659,0.0002701566933240862,0.0
1946.0,59.39441427082891,-53.30428370639035,0.0,-2.32168409284594,0.0003027025381720426,0.0
1947.0,58.71823078694177,-54.02904587829829,0.0,-2.3213651182991835,0.00033524968453365765,0.0
1948.0,58.042334359243405,-54.75398746181618,0.0,-2.321013593765942,0.00036779688658225166,0.0
1949.0,57.36674437796442,-55.47913490590271,0.0,-2.3206295197930804,0.00040034288743814476,0.0
1950.0,56.69148023333539,-56.20451465951656,0.0,-2.320212898188237,0.0004328864182540875,0.0
1951.0,56.016561315586905,-56.93015317161645,0.0,-2.3197637320322846,0.0004654261973024669,0.0
1952.0,55.34200701494956,-57.65607689116107,0.0,-2.3192820256926954,0.0004979609290674297,0.0
1953.0,54.66783672165394,-58.38231226710912,0.0,-2.3187677848377697,0.0005304893033386865,0.0
1954.0,53.99406982593063,-59.1088857484193,0.0,-2.3182210164517967,0.0005630099943121993,0.0
1955.0,53.320725718010216,-59.8358237840503,0.0,-2.317641728851094,0.0005955216596992433,0.0
1956.0,52.6478237881233,-60.563152822960824,0.0,-2.317029931700984,0.0006280229398399418,0.0
1957.0,51.97538342650045,-61.290899314109566,0.0,-2.3163856360335915,0.0006605124568228593,0.0
1958.0,51.303424023372266,-62.01908970645524,0.0,-2.315708854266559,0.0006929888136141418,0.0
1959.0,50.63196496896933,-62.74775044895654,0.0,-2.3149996002226314,0.0007254505931933204,0.0
1960.0,49.96102565352224,-63.476907990572144,0.0,-2.3142578891500745,0.0007578963576973598,0.0
1961.0,49.29062546726157,-64.20658878026077,0.0,-2.313483737743972,0.0007903246475788566,0.0
1962.0,48.620783800417925,-64.93681926698109,0.0,-2.312677164168321,0.0008227339807724196,0.0
1963.0,47.95152004322187,-65.66762589969187,0.0,-2.311838188079051,0.0008551228518690136,0.0
1964.0,47.28285358590403,-66.39903512735172,0.0,-2.3109668306477618,0.0008874897313040998,0.0
1965.0,46.614803818694945,-67.13107339891941,0.0,-2.310063114586285,0.0009198330645576419,0.0
1966.0,45.94739013182524,-67.86376716335359,0.0,-2.309127064172092,0.0009521512713711758,0.0
1967.0,45.28063191552548,-68.59714286961298,0.0,-2.308158705274448,0.000984442744978109,0.0
1968.0,44.61454856002628,-69.33122696665627,0.0,-2.307158065381341,0.00101670585133922,0.0
1969.0,43.949159455558195,-70.06604590344219,0.0,-2.306125173627145,0.0010489389284025208,0.0
1970.0,43.28448399235184,-70.80162612892939,0.0,-2.3050600608210305,0.0010811402853817065,0.0
1971.0,42.62054156063778,-71.53799409207659,0.0,-2.3039627594760885,0.001113308202045582,0.0
1972.0,41.95735155064662,-72.27517624184252,0.0,-2.302833303839209,0.0011454409280269942,0.0
1973.0,41.29493335260895,-73.0131990271858,0.0,-2.3016717299215324,0.001177536682148515,0.0
1974.0,40.633306356755355,-73.7520888970652,0.0,-2.3004780755296634,0.001209593651770678,0.0
1975.0,39.9724899533164,-74.4918723004394,0.0,-2.2992523802974874,0.0012416099921624482,0.0
1976.0,39.31250353252271,-75.23257568626708,0.0,-2.2979946857186206,0.0012735838258890147,0.0
1977.0,38.65336648460484,-75.97422550350697,0.0,-2.2967050351794756,0.0013055132422201687,0.0
1978.0,37.995098199793404,-76.71684820111774,0.0,-2.295383473992854,0.001337396296563201,0.0
1979.0,37.33771806831897,-77.4604702280581,0.0,-2.2940300494321693,0.0013692310099223195,0.0
1980.0,36.681245480412144,-78.20511803328672,0.0,-2.292644810766126,0.0014010153683847726,0.0
1981.0,36.025699826303494,-78.95081806576236,0.0,-2.2912278092939875,0.0014327473226250576,0.0
1982.0,35.37110049622363,-79.69759677444368,0.0,-2.2897790983812785,0.0014644247874355174,0.0
1983.0,34.71746688040312,-80.44548060828939,0.0,-2.288298733495917,0.0014960456412915768,0.0
1984.0,34.06481836907257,-81.19449601625814,0.0,-2.2867867722447923,0.0015276077259436566,0.0
1985.0,33.41317435246255,-81.9446694473087,0.0,-2.2852432744107865,0.0015591088460360184,0.0
1986.0,32.762554220803665,-82.69602735039973,0.0,-2.2836683019901396,0.0015905467687559658,0.0
1987.0,32.11297736432648,-83.44859617448994,0.0,-2.2820619192300735,0.001621919223511435,0.0
1988.0,31.464463173261613,-84.20240236853802,0.0,-2.2804241926668287,0.0016532239016465247,0.0
1989.0,30.817031037839627,-84.95747238150267,0.0,-2.278755191163933,0.0016844584561913148,0.0
1990.0,30.170700348291117,-85.7138326623426,0.0,-2.277054985950679,0.0017156205016368086,0.0
1991.0,29.52549049484668,-86.4715096600165,0.0,-2.2753236506608703,0.001746707613752539,0.0
1992.0,28.881420867736892,-87.23052982348305,0.0,-2.273561261371657,0.0017777173294380839,0.0
1993.0,28.238510857192356,-87.990919601701,0.0,-2.2717678966425905,0.0018086471466091261,0.0
1994.0,27.59677985344364,-88.752705443629,0.0,-2.2699436375547073,0.0018394945241256685,0.0
1995.0,26.95624724672135,-89.51591379822574,0.0,-2.2680885677496594,0.0018702568817537798,0.0
1996.0,26.31693242725606,-90.28057111444997,0.0,-2.266202773468969,0.0019009316001715895,0.0
1997.0,25.678854785278368,-91.04670384126032,0.0,-2.264286343593115,0.0019315160210169006,0.0
1998.0,25.042033711018853,-91.81433842761558,0.0,-2.262339369680675,0.0019620074469684896,0.0
1999.0,24.40648859470812,-92.58350132247436,0.0,-2.2603619460072997,0.001992403141872894,0.0
2000.0,23.772238826576732,-93.35421897479543,0.0,-2.2583541696045457,0.002022700330923602,0.0
2001.0,23.139303796855298,-94.1265178335374,0.0,-2.2563161402985155,0.002052896200874692,0.0
2002.0,22.507702895774393,-94.90042434765908,0.0,-2.2542479607482924,0.0020829879002973568,0.0
2003.0,21.877455513564616,-95.67596496611911,0.0,-2.2521497364841156,0.0021129725398892113,0.0
2004.0,21.24858104045654,-96.45316613787614,0.0,-2.250021575945038,0.0021428471928243943,0.0
2005.0,20.621098866680768,-97.23205431188896,0.0,-2.247863590516506,0.0021726088951566753,0.0
2006.0,19.995028382467876,-98.0126559371162,0.0,-2.2456758945673054,0.002202254646270964,0.0
2007.0,19.37038897804847,-98.7949974625166,0.0,-2.243458605486091,0.002231781409369304,0.0
2008.0,18.74720004365312,-99.57910533704883,0.0,-2.2412118437174287,0.002261186112019039,0.0
2009.0,18.125480969512406,-100.36500600967162,0.0,-2.2389357327971857,0.0022904656467567707,0.0
2010.0,17.505251145856946,-101.15272592934362,0.0,-2.236630399387429,0.0023196168717266124,0.0
2011.0,16.88652996291731,-101.94229154502358,0.0,-2.2342959733105547,0.002348636611377408,0.0
2012.0,16.269336810924088,-102.73372930567017,0.0,-2.231932587582723,0.002377521657210676,0.0
2013.0,15.653691080107855,-103.5270656602421,0.0,-2.2295403784464938,0.0024062687685818696,0.0
2014.0,15.039612160699225,-104.32232705769808,0.0,-2.22711948540273,0.002434874673554172,0.0
2015.0,14.42711944292877,-105.11953994699677,0.0,-2.224670051241506,0.002463336069798665,0.0
2016.0,13.816232317027083,-105.9187307770969,0.0,-2.222192222072159,0.0024916496255510557,0.0
2017.0,13.206970173224734,-106.71992599695713,0.0,-2.2196861473523093,0.002519811980626103,0.0
2018.0,12.599352401752341,-107.52315205553622,0.0,-2.217151979915916,0.002547819747481972,0.0
2019.0,11.99339839284048,-108.3284354017928,0.0,-2.2145898760001805,0.0025756695123311246,0.0
2020.0,11.389127536719732,-109.13580248468566,0.0,-2.2119999952713214,0.0026033578363119847,0.0
2021.0,10.786559223620676,-109.9452797531734,0.0,-2.209382500849137,0.002630881256714623,0.0
2022.0,10.185712843773928,-110.75689365621477,0.0,-2.2067375593303513,0.002658236288255043,0.0
2023.0,9.586607787410061,-111.57067064276845,0.0,-2.204065340810678,0.0026854194244032886,0.0
2024.0,8.98926344475965,-112.38663716179316,0.0,-2.2013660189054227,0.002712427138768815,0.0
2025.0,8.393699206053311,-113.20481966224757,0.0,-2.1986397707687977,0.0027392558865299487,0.0
2026.0,7.799934461521615,-114.02524459309043,0.0,-2.195886777111728,0.0027659021059208855,0.0
2027.0,7.207988601395153,-114.8479384032804,0.0,-2.193107222218128,0.0027923622197704324,0.0
2028.0,6.617881015904498,-115.67292754177615,0.0,-2.190301293959567,0.0028186326370864823,0.0
2029.0,6.029631095280266,-116.50023845753644,0.0,-2.187469183808502,0.002844709754699748,0.0
2030.0,5.44325822975303,-117.3298975995199,0.0,-2.184611086849635,0.0028705899589487006,0.0
2031.0,4.85878180955338,-118.1619314166853,0.0,-2.1817272017896796,0.0028962696274075534,0.0
2032.0,4.276221224911889,-118.99636635799129,0.0,-2.17881773096533,0.0029217451306788873,0.0
2033.0,3.695595866059172,-119.83322887239659,0.0,-2.1758828803493993,0.0029470128342258734,0.0
2034.0,3.1169251232258044,-120.67254540885988,0.0,-2.172922859555175,0.0029720691002353807,0.0
2035.0,2.5402283866423736,-121.5143424163399,0.0,-2.1699378818388144,0.0029969102895461837,0.0
2036.0,1.9655250465394518,-122.35864634379527,0.0,-2.16692816409975,0.003021532763611929,0.0
2037.0,1.3928344931476584,-123.20548364018478,0.0,-2.1638939268792243,0.0030459328864993478,0.0
2038.0,0.8221761166975652,-124.05488075446709,0.0,-2.160835394356795,0.003070107026938012,0.0
2039.0,0.25356930741976047,-124.90686413560086,0.0,-2.1577527943445682,0.0030940515603970565,0.0
2040.0,-0.312966544455179,-125.76146023254485,0.0,-2.154646358279594,0.003117762871202816,0.0
2041.0,-0.8774120486966437,-126.61869549425771,0.0,-2.151516321213989,0.0031412373547053474,0.0
2042.0,-1.439747815074056,-127.47859636969817,0.0,-2.148362921802868,0.0031644714194542112,0.0
2043.0,-1.9999544533568248,-128.34118930782492,0.0,-2.145186402290138,0.00318746148941153,0.0
2044.0,-2.5580125733143797,-129.20650075759667,0.0,-2.141987008491997,0.003210204006214428,0.0
2045.0,-3.113902784716105,-130.07455716797205,0.0,-2.138764989778147,0.0032326954314406847,0.0
2046.0,-3.6676056973314264,-130.94538498790988,0.0,-2.135520599050857,0.003254932248907938,0.0
2047.0,-4.219101920929756,-131.81901066636874,0.0,-2.132254092721544,0.0032769109669993834,0.0
2048.0,-4.76837206528052,-132.69546065230742,0.0,-2.1289657306850374,0.003298628121000124,0.0
2049.0,-5.3153967401530995,-133.57476139468457,0.0,-2.12565577629165,0.003320080275461474,0.0
2050.0,-5.860156555316921,-134.45693934245887,0.0,-2.1223244963166445,0.003341264026575815,0.0
2051.0,-6.402632120541401,-135.34202094458908,0.0,-2.118972160927499,0.0033404125026351545,0.0
2052.0,-6.942804045595961,-136.23003265003382,0.0,-2.1155990436486434,0.003055048246419112,0.0
2053.0,-7.480652940249991,-137.1210009077519,0.0,-2.1122054213239,0.001894982337144897,0.0
2054.0,-8.016159414272913,-138.01495216670187,0.0,-2.1087915740764394,-0.0006374885325318237,0.0
2055.0,-8.54930407743415,-138.91191287584257,0.0,-2.1056624742932497,-0.004732622459081792,0.0
2056.0,-9.080459743634844,-139.81132318580129,0.0,-2.1061883572335702,-0.010491295237975111,0.0
2057.0,-9.613950965111384,-140.7067158703982,0.0,-2.115262162654696,-0.018043635900069677,0.0
2058.0,-10.156390105183574,-141.58820369914443,0.0,-2.1349593340448934,-0.027510856829021053,0.0
2059.0,-10.714417453980674,-142.44585769430682,0.0,-2.1658685849583943,-0.038713817645764585,0.0
2060.0,-11.294673301631942,-143.269748878152,0.0,-2.2088140133458007,-0.05061949694651546,0.0
2061.0,-11.90379793826664,-144.04994827294678,0.0,-2.2647938846555142,-0.061536084124706535,0.0
2062.0,-12.548431654014026,-144.7765269009578,0.0,-2.3348121593204696,-0.07019123028327903,0.0
2063.0,-13.235214739003359,-145.43955578445193,0.0,-2.4190321192470545,-0.07608116800026085,0.0
2064.0,-13.970205273822629,-146.02997436334982,0.0,-2.511091357892428,-0.07899602562071907,0.0
2065.0,-14.753449523806646,-146.54768923823946,0.0,-2.6006353165530527,-0.07878204838139159,0.0
2066.0,-15.581446510587845,-146.9978980412634,0.0,-2.6828698264161415,-0.075390441419893,0.0
2067.0,-16.450649385149386,-147.38586682474417,0.0,-2.7569491238917054,-0.06932490837930451,0.0
2068.0,-17.35751129847443,-147.7168616410044,0.0,-2.8226031327996766,-0.06185186504179889,0.0
2069.0,-18.29848540154613,-147.99614854236668,0.0,-2.8799515885157896,-0.054126752973078576,0.0
2070.0,-19.270024845347642,-148.2289935811536,0.0,-2.9293588699302364,-0.0466202561372715,0.0
2071.0,-20.268582780862126,-148.42066280968774,0.0,-2.9713133245195094,-0.039470517094276146,0.0
2072.0,-21.29061235907274,-148.5764222802916,0.0,-3.006339460511156,-0.0327353033573098,0.0
2073.0,-22.332566730962636,-148.7015380452879,0.0,-3.0349402240811383,-0.026414714295209744,0.0
2074.0,-23.390899047514978,-148.80127615699914,0.0,-3.0575623121485096,-0.020476550261316454,0.0
2075.0,-24.46206245971291,-148.88090266774793,0.0,-3.0745771838627385,-0.014969261823000686,0.0
2076.0,-25.542510118539607,-148.94568362985686,0.0,-3.086271784455065,-0.01009636558340337,0.0
2077.0,-26.628695174978215,-149.00088509564847,0.0,-3.0928446741238975,-0.006035996408165099,0.0
2078.0,-27.717070780011895,-149.05177311744546,0.0,-3.0944992239842786,-0.0028068880837057706,0.0
2079.0,-28.80422438347821,-149.10341403441575,0.0,-3.0927232265683964,-0.0003638915303251065,0.0
2080.0,-29.888687408054967,-149.1579833423925,0.0,-3.089905576191545,0.0013275975712641688,0.0
2081.0,-30.970454924956123,-149.21547997459004,0.0,-3.0871009097524142,0.0022962147113922654,0.0
2082.0,-32.04955780735311,-149.2758496238441,0.0,-3.0843350194307146,0.002662684167472617,0.0
2083.0,-33.12602692841738,-149.3390379829904,0.0,-3.0816084303116402,0.002703839792051735,0.0
2084.0,-34.199893161320375,-149.40499074486465,0.0,-3.078921662269624,0.002665576535955116,0.0
2085.0,-35.271187379233545,-149.47365360230262,0.0,-3.0762752298790605,0.0026249971374343595,0.0
2086.0,-36.33994045532831,-149.5449722481399,0.0,-3.0736696423289978,0.002583911441044132,0.0
2087.0,-37.40618326277613,-149.61889237521237,0.0,-3.0711054033422194,0.0025423249435418006,0.0
2088.0,-38.46994667474845,-149.69535967635565,0.0,-3.0685830110983683,0.0025002432168751577,0.0
2089.0,-39.53126156441671,-149.77431984440543,0.0,-3.0661029581606796,0.002457671904277639,0.0
2090.0,-40.59015880495234,-149.8557185721975,0.0,-3.0636657314070574,0.002414616716468983,0.0
2091.0,-41.64666926952679,-149.93950155256752,0.0,-3.0612718119646214,0.00237108342799435,0.0
2092.0,-42.7008238313115,-150.0256144783512,0.0,-3.0589216751478108,0.0023270778736408054,0.0
2093.0,-43.752653363477926,-150.11400304238433,0.0,-3.0566157904003606,0.0022826059450029262,0.0
2094.0,-44.80218873919749,-150.20461293750253,0.0,-3.054354621240291,0.0022376735871798875,0.0
2095.0,-45.849460831641665,-150.29738985654163,0.0,-3.052138625208376,0.002192286795581604,0.0
2096.0,-46.894500513981846,-150.39227949233725,0.0,-3.0499682538197006,0.002146451612915109,0.0
2097.0,-47.93733865938953,-150.48922753772513,0.0,-3.0478439525179954,0.002100174126300068,0.0
2098.0,-48.97800614103612,-150.58817968554104,0.0,-3.045766160633165,0.0020534604645268445,0.0
2099.0,-50.01653383209307,-150.6890816286206,0.0,-3.0437353113411247,0.0020063167955041623,0.0
2100.0,-51.05295260573183,-150.7918790597996,0.0,-3.041751831626235,0.00195874932383958,0.0
2101.0,-52.087293335123825,-150.89651767191376,0.0,-3.0398161422462153,0.00191076428860093,0.0
2102.0,-53.11958689344052,-151.00294315779877,0.0,-3.0379286576990756,0.0018623679612609831,0.0
2103.0,-54.14986415385334,-151.1111012102903,0.0,-3.0360897861919427,0.0018135666437851647,0.0
2104.0,-55.178155989533735,-151.22093752222415,0.0,-3.0342999296119992,0.0017643666669310118,0.0
2105.0,-56.20449327365315,-151.33239778643593,0.0,-3.032559483498748,0.0017147743887201577,0.0
2106.0,-57.22890687938302,-151.4454276957615,0.0,-3.030868837017888,0.001664796193071805,0.0
2107.0,-58.25142767989479,-151.55997294303648,0.0,-3.0292283729364797,0.0016144384886508855,0.0
2108.0,-59.272086548359916,-151.6759792210966,0.0,-3.0276384675989365,0.0015637077078887807,0.0
2109.0,-60.290914357949816,-151.7933922227776,0.0,-3.026099490904272,0.0015126103061916052,0.0
2110.0,-61.307941981835945,-151.91215764091518,0.0,-3.024611806283741,0.0014611527613574348,0.0
2111.0,-62.32320029318974,-152.03222116834505,0.0,-3.0231757706790887,0.0014093415731491557,0.0
2112.0,-63.336720165182655,-152.15352849790295,0.0,-3.0217917345212157,0.001357183263085363,0.0
2113.0,-64.34853247098613,-152.27602532242454,0.0,-3.0204600417087377,0.0013046843744244044,0.0
2114.0,-65.35866808377162,-152.3996573347456,0.0,-3.0191810295866257,0.0012518514723119138,0.0
2115.0,-66.36715787671052,-152.52437022770184,0.0,-3.0179550289247024,0.0011986911441497852,0.0
2116.0,-67.3740327229743,-152.6501096941289,0.0,-3.0167823638953113,0.0011452100001355184,0.0
2117.0,-68.37932349573444,-152.77682142686263,0.0,-3.01566335205076,0.0010914146739856734,0.0
2118.0,-69.38306106816235,-152.90445111873862,0.0,-3.0145983042997027,0.0010373118238610674,0.0
2119.0,-70.38527631342943,-153.03294446259267,0.0,-3.013587524882505,0.0009829081334614845,0.0
2120.0,-71.3860001047072,-153.16224715126043,0.0,-3.0126313113455514,0.0009282103133043357,0.0
2121.0,-72.38526331516705,-153.29230487757766,0.0,-3.0117299545140126,0.0008732251021908522,0.0
2122.0,-73.38309681798046,-153.4230633343801,0.0,-3.0108837384632605,0.000817959268831579,0.0
2123.0,-74.37953148631883,-153.55446821450337,0.0,-3.0100929404882923,0.0007624196136514375,0.0
2124.0,-75.3745981933536,-153.6864652107833,0.0,-3.0093578310715183,0.0007066129707705545,0.0
2125.0,-76.36832781225627,-153.8190000160555,0.0,-3.0086786738482725,0.0006505462101386504,0.0
2126.0,-77.36075121619825,-153.9520183231558,0.0,-3.008055725570293,0.0005942262398306625,0.0
2127.0,-78.35189927835098,-154.08546582491982,0.0,-3.007489236066643,0.0005376600084992918,0.0
2128.0,-79.34180287188587,-154.21928821418334,0.0,-3.006979448202133,0.00048085450797520835,0.0
2129.0,-80.33049286997442,-154.35343118378202,0.0,-3.006526597833199,0.0004238167760192305,0.0
2130.0,-81.31800014578808,-154.48784042655163,0.0,-3.0061309137607246,0.00036655389920557473,0.0
2131.0,-82.30435557249824,-154.62246163532785,0.0,-3.005792617680096,0.00030907301592932236,0.0
2132.0,-83.28959002327633,-154.75724050294642,0.0,-3.005511924128042,0.0002513813195689377,0.0
2133.0,-84.27373437129387,-154.89212272224302,0.0,-3.005289040426254,0.00019348606173925326,0.0
2134.0,-85.25681948972225,-155.02705398605343,0.0,-3.005124166621804,0.00013539455566432705,0.0
2135.0,-86.23887625173292,-155.1619799872133,0.0,-3.005017495423962,7.711417967629482e-05,0.0
2136.0,-87.21993553049731,-155.29684641855835,0.0,-3.004969212137405,1.8652380775189103e-05,0.0
2137.0,-88.20002819918687,-155.43159897292438,0.0,-3.004979494592169,-3.9983321687404274e-05,0.0
2138.0,-89.17918513097307,-155.56618334314697,0.0,-3.005048513069351,-9.878533224954339e-05,0.0
2139.0,-90.15743719902731,-155.70054522206198,0.0,-3.005176430223319,-0.00015774597554288734,0.0
2140.0,-91.13481527652108,-155.83463030250505,0.0,-3.0053634010001247,-0.00021685749237757408,0.0
2141.0,-92.11135023662578,-155.96838427731186,0.0,-3.005609572551557,-0.0002761120357989937,0.0
2142.0,-93.0870729525129,-156.1017528393182,0.0,-3.0059150841457023,-0.0003355016671273692,0.0
2143.0,-94.06201429735381,-156.23468168135977,0.0,-3.006280067073265,-0.00039501835190585457,0.0
2144.0,-95.03620514432001,-156.36711649627222,0.0,-3.006704644549595,-0.0004546539558636058,0.0
2145.0,-96.00967636658292,-156.49900297689138,0.0,-3.007188931613111,-0.0005144002408637835,0.0
2146.0,-96.982458837314,-156.6302868160529,0.0,-3.007733035019342,-0.0005742488608192645,0.0
2147.0,-97.95458342968467,-156.76091370659248,0.0,-3.0083370531307834,-0.0006341913576601219,0.0
2148.0,-98.92608101686639,-156.89082934134586,0.0,-3.009001075802989,-0.000694219157288892,0.0
2149.0,-99.8969824720306,-157.01997941314875,0.0,-3.0097251842663635,-0.0007543235655630896,0.0
2150.0,-100.86731866834873,-157.14830961483688,0.0,-3.0105094510040735,-0.000814495764360038,0.0
2151.0,-101.83712047899225,-157.27576563924598,0.0,-3.0113539396260283,-0.0008747268076601295,0.0
2152.0,-102.80641877713255,-157.40229317921168,0.0,-3.012258704738722,-0.0009350076177194108,0.0
2153.0,-103.77524443594113,-157.52783792756983,0.0,-3.013223791811614,-0.0009953289813298444,0.0
2154.0,-104.74362832858941,-157.65234557715604,0.0,-3.014249237039552,-0.001055681546142947,0.0
2155.0,-105.71160132824883,-157.77576182080605,0.0,-3.015335067201462,-0.001116055817147624,0.0
2156.0,-106.67919430809083,-157.89803235135565,0.0,-3.016481299515962,-0.0011764421532579775,0.0
2157.0,-107.64643814128686,-158.01910286164045,0.0,-3.017687941493093,-0.0012368307640167686,0.0
2158.0,-108.61336370100834,-158.1389190444962,0.0,-3.01895499078301,-0.0012972117064898076,0.0
2159.0,-109.58000186042676,-158.25742659275863,0.0,-3.020282435021807,-0.0013575748822945194,0.0
2160.0,-110.54638349271352,-158.37457119926347,0.0,-3.021670251674141,-0.001417910034820962,0.0
2161.0,-111.51253947104009,-158.49029855684643,0.0,-3.02311840787326,-0.001478206746689573,0.0
2162.0,-112.47850066857788,-158.60455435834322,0.0,-3.0246268602586115,-0.0015384544373600673,0.0
2163.0,-113.44429795849837,-158.7172842965895,0.0,-3.026195554810936,-0.0015986423609960338,0.0
2164.0,-114.40996221397296,-158.8284340644211,0.0,-3.0278244266856125,-0.001658759604595764,0.0
2165.0,-115.37552430817313,-158.93794935467366,0.0,-3.0295134000441446,-0.0017187950863475987,0.0
2166.0,-116.3410151142703,-159.04577586018286,0.0,-3.0312623878837135,-0.0017787375542927448,0.0
2167.0,-117.30646550543592,-159.15185927378454,0.0,-3.033071291866179,-0.0018385755852533387,0.0
2168.0,-118.27190635484145,-159.25614528831426,0.0,-3.0349400021455626,-0.0018982975840604916,0.0
2169.0,-119.2373685356583,-159.3585795966079,0.0,-3.036868397195175,-0.001957891783148583,0.0
2170.0,-120.20288292105795,-159.45910789150108,0.0,-3.0388563436344707,-0.0020173462424486477,0.0
2171.0,-121.1684803842118,-159.5576758658295,0.0,-3.0409036960556244,-0.0020766488496293573,0.0
2172.0,-122.13419179829134,-159.65422921242893,0.0,-3.0430102968509796,-0.0021357873207377776,0.0
2173.0,-123.10004803646797,-159.74871362413506,0.0,-3.0451759760409587,-0.002194749201190766,0.0
2174.0,-124.06607997191314,-159.8410747937836,0.0,-3.0474005511032147,-0.0022535218671733137,0.0
2175.0,-125.0323184777983,-159.93125841421028,0.0,-3.0496838268033377,-0.0023120925274560744,0.0
2176.0,-125.9987944272949,-160.01921017825086,0.0,-3.052025595027729,-0.002370448225615686,0.0
2177.0,-126.96553869357437,-160.10487577874096,0.0,-3.0544256346185876,-0.0024285758427038395,0.0
2178.0,-127.9325821498082,-160.18820090851636,0.0,-3.056883711211934,-0.00248646210036485,0.0
2179.0,-128.89995566916775,-160.26913126041276,0.0,-3.059399577079055,-0.002544093564397728,0.0
2180.0,-129.86769012482452,-160.34761252726588,0.0,-3.0619729709715027,-0.0026014566488060183,0.0
2181.0,-130.83581638994994,-160.42359040191144,0.0,-3.0646036179705245,-0.002658537620324023,0.0
2182.0,-131.80436533771544,-160.49701057718514,0.0,-3.067291229341136,-0.0027153226034121974,0.0
2183.0,-132.77336784129247,-160.56781874592272,0.0,-3.070035502391499,-0.0027717975857746474,0.0
2184.0,-133.74285477385246,-160.63596060095992,0.0,-3.072836120338102,-0.0028279484243718084,0.0
2185.0,-134.71285700856686,-160.70138183513237,0.0,-3.075692752176956,-0.0028837608519389126,0.0
2186.0,-135.68340541860715,-160.76402814127584,0.0,-3.078605052561804,-0.002939220484026109,0.0
2187.0,-136.65453087714474,-160.82384521222605,0.0,-3.081572661689599,-0.002994312826546956,0.0
2188.0,-137.62626425735107,-160.8807787408187,0.0,-3.0845952051936334,-0.0030490232838658988,0.0
2189.0,-138.5986364323976,-160.93477441988952,0.0,-3.0876722940451717,-0.0031033371673990307,0.0
2190.0,-139.57167827545572,-160.9857779422742,0.0,-3.0908035244638286,-0.0031572397047257322,0.0
2191.0,-140.54542065969693,-161.03373500080852,0.0,-3.0939884778374296,-0.0032107160492422476,0.0
2192.0,-141.51989445829267,-161.07859128832814,0.0,-3.0972267206517508,-0.003263751290319337,0.0
2193.0,-142.49513054441434,-161.12029249766877,0.0,-3.1005178044305954,-0.0033163304639676843,0.0
2194.0,-143.47115979123342,-161.15878432166616,0.0,-3.1038612656869677,-0.0033684385640288133,0.0
2195.0,-144.44801307192137,-161.19401245315603,0.0,-3.107256625885656,-0.0034200605538423317,0.0
2196.0,-145.42572125964955,-161.22592258497406,0.0,-3.1107033914176196,-0.0034711813784055034,0.0
2197.0,-146.40431522758954,-161.25446040995598,0.0,-3.1142010535869282,-0.003521785977022621,0.0
2198.0,-147.38382584891264,-161.27957162093756,0.0,-3.1177490886107333,-0.0035718592963972034,0.0
2199.0,-148.3642839967903,-161.3012019107544,0.0,-3.1213469576322397,-0.003621386304184325,0.0
2200.0,-149.34572054439408,-161.3192969722423,0.0,-3.1249941067477836,-0.0036703520029673447,0.0
2201.0,-150.32816636489534,-161.33380249823696,0.0,-3.1286899670480963,-0.00371874144463491,0.0
2202.0,-151.31165233146555,-161.34466418157413,0.0,-3.1324339546740885,-0.0037665397451706844,0.0
2203.0,-152.29620931727612,-161.35182771508948,0.0,-3.136225470887768,-0.0038137320997956143,0.0
2204.0,-153.2818681954985,-161.35523879161872,0.0,-3.1400639021583228,-0.003860303798443614,0.0
2205.0,-154.26865983930423,-161.3548431039976,0.0,-3.1439486202642275,-0.0039062402415672394,0.0
2206.0,-155.25661512186463,-161.35058634506183,0.0,-3.147878982411135,-0.0039515269562233925,0.0
2207.0,-156.24576491635116,-161.3424142076471,0.0,-3.1518543313660268,-0.00399614961242862,0.0
2208.0,-157.23614009593527,-161.33027238458914,0.0,-3.1558739956080637,-0.004040094039716787,0.0
2209.0,-158.22777153378846,-161.31410656872367,0.0,-3.1599372894960625,-0.004088857388365222,0.0
2210.0,-159.22069010308206,-161.29386245288643,0.0,-3.1640435134529215,-0.0042551579552194685,0.0
2211.0,-160.21492667698766,-161.26948572991313,0.0,-3.16819195416717,-0.004837359090548482,0.0
2212.0,-161.21051212867656,-161.24092209263938,0.0,-3.1723818848114154,-0.0061197035940785405,0.0
2213.0,-162.20747733132038,-161.2081172339011,0.0,-3.1766897213010603,-0.008199565404523013,0.0
2214.0,-163.20582491542618,-161.17086369622035,0.0,-3.182615803849174,-0.011082186558008538,0.0
2215.0,-164.2050358244743,-161.12612509169594,0.0,-3.192835550392595,-0.014767754176639685,0.0
2216.0,-165.20413180066322,-161.06837494084334,0.0,-3.2086515850286306,-0.01924561770152601,0.0
2217.0,-166.20211890447587,-160.99200172759345,0.0,-3.2301231335836755,-0.02438857209076839,0.0
2218.0,-167.198003196395,-160.89139393587712,0.0,-3.2572629458485354,-0.029852973656091995,0.0
2219.0,-168.1907907369034,-160.76094004962516,0.0,-3.2900594516030055,-0.03516381327640529,0.0
2220.0,-169.17948758648387,-160.5950285527685,0.0,-3.3284508023308343,-0.039908663969428125,0.0
2221.0,-170.16309980561923,-160.38804792923793,0.0,-3.3722947320901575,-0.043904962313137244,0.0
2222.0,-171.14063345479227,-160.13438666296432,0.0,-3.4210982533368997,-0.047169649529001996,0.0
2223.0,-172.11073913360585,-159.82903820164898,0.0,-3.472682267954,-0.04977748950865376,0.0
2224.0,-173.06950944757318,-159.47134947838848,0.0,-3.5248137462302997,-0.05181180582658363,0.0
2225.0,-174.01191698732092,-159.06257359505068,0.0,-3.5772418055858326,-0.053385862298698336,0.0
2226.0,-174.93292960378344,-158.60397172005094,0.0,-3.6304556852717362,-0.05475715131305834,0.0
2227.0,-175.82751514789527,-158.0968050218046,0.0,-3.6849394217832563,-0.05630507201731282,0.0
2228.0,-176.6906414705908,-157.54233466872702,0.0,-3.7411713942099065,-0.05826686333221247,0.0
2229.0,-177.51727642280457,-156.94182182923353,0.0,-3.7996236633989273,-0.0606589845950794,0.0
2230.0,-178.30238785547093,-156.2965276717395,0.0,-3.8607569762747893,-0.06320190991027569,0.0
2231.0,-179.0409436195244,-155.60771336466024,0.0,-3.92501004615189,-0.0652542646427037,0.0
2232.0,-179.72791156589943,-154.87664007641104,0.0,-3.992781592315217,-0.066230121395325,0.0
2233.0,-180.35825954553044,-154.1045689754073,0.0,-4.064141682873464,-0.06588761545743996,0.0
2234.0,-180.92750008822264,-153.29290458154847,0.0,-4.1360801629253885,-0.0641498971731095,0.0
2235.0,-181.4370748682785,-152.4446118785399,0.0,-4.203590358065626,-0.060971196813321964,0.0
2236.0,-181.8920678710933,-151.5636144529059,0.0,-4.264426399077758,-0.05634657337356905,0.0
2237.0,-182.2976160730708,-150.65384983762647,0.0,-4.318380857000118,-0.050520635702485626,0.0
2238.0,-182.6588564506145,-149.71925556568152,0.0,-4.365484725850094,-0.04410027339848301,0.0
2239.0,-182.98092598012826,-148.76376917005106,0.0,-4.40590366800352,-0.03763282557003362,0.0
2240.0,-183.26896163801553,-147.79132818371502,0.0,-4.439871634415127,-0.031317816508783736,0.0
2241.0,-183.52810040068005,-146.8058701396534,0.0,-4.467639111218524,-0.025266442885234622,0.0
2242.0,-183.76347924452546,-145.81133257084613,0.0,-4.489435237351253,-0.019718298436008155,0.0
2243.0,-183.98023514595542,-144.81165301027315,0.0,-4.505441077772602,-0.01490010829855759,0.0
2244.0,-184.1835050813736,-143.81076899091448,0.0,-4.5158156094282464,-0.01086910303868135,0.0
2245.0,-184.37834921536657,-142.81253708176,0.0,-4.521780173815251,-0.007593025211088543,0.0
2246.0,-184.56786796204636,-141.8187481642009,0.0,-4.525664398142478,-0.0050408635067271034,0.0
2247.0,-184.75308831037697,-140.8290076125085,0.0,-4.528712420455975,-0.0031870613415322224,0.0
2248.0,-184.93493767990958,-139.84281584917403,0.0,-4.5309657677192146,-0.0019322114693742466,0.0
2249.0,-185.11434349019575,-138.85967329668878,0.0,-4.532410933805802,-0.0010227475525571728,0.0
2250.0,-185.29223316078668,-137.87908037754403,0.0,-4.533037470412232,-0.0002180201662056141,0.0
2251.0,-185.46953411123374,-136.900537514231,0.0,-4.5328380755700675,0.0005294006404596349,0.0
2252.0,-185.6471737610883,-135.92354512924098,0.0,-4.531808668244669,0.0011740773760316537,0.0
2253.0,-185.82607952990173,-134.9476036450653,0.0,-4.52995436944886,0.0016960567162630977,0.0
2254.0,-186.00716566446576,-133.9722201302046,0.0,-4.527474731476472,0.0020931200720807498,0.0
2255.0,-186.19092024136575,-132.99711666742678,0.0,-4.524791847732283,0.002364458845446623,0.0
2256.0,-186.3773228624273,-132.02227187861487,0.0,-4.52214777052829,0.0025101522057051307,0.0
2257.0,-186.56632333474937,-131.04767941788845,0.0,-4.51955583966206,0.0025448249419974494,0.0
2258.0,-186.75787146543084,-130.07333293936713,0.0,-4.517016025311109,0.002512885938940406,0.0
2259.0,-186.9519170615706,-129.09922609717043,0.0,-4.514528294667375,0.0024617801217472796,0.0
2260.0,-187.14840993026755,-128.125352545418,0.0,-4.512092612146282,0.002409756026914194,0.0
2261.0,-187.34729987862056,-127.15170593822943,0.0,-4.509708939591086,0.0023577708806006292,0.0
2262.0,-187.54853671372854,-126.17827992972427,0.0,-4.507377236472504,0.002305826967406079,0.0
2263.0,-187.7520702426904,-125.20506817402213,0.0,-4.505097460083608,0.002253926379453779,0.0
2264.0,-187.957850272605,-124.23206432524259,0.0,-4.502869565729944,0.002202071021153757,0.0
2265.0,-188.1658266105712,-123.25926203750524,0.0,-4.500693506914816,0.002150262613969048,0.0
2266.0,-188.37594906368798,-122.28665496492967,0.0,-4.498569235519983,0.002098502701192828,0.0
2267.0,-188.58816743905416,-121.31423676163546,0.0,-4.496496701981322,0.002046792652720532,0.0
2268.0,-188.8024315437687,-120.3420010817422,0.0,-4.494475855459894,0.001995133669814107,0.0
2269.0,-189.01869118493042,-119.36994157936948,0.0,-4.492506644008129,0.0019435267898694367,0.0
2270.0,-189.23689616963827,-118.39805190863689,0.0,-4.490589014731283,0.00189197289116302,0.0
2271.0,-189.4569963049911,-117.426325723664,0.0,-4.488722913944182,0.0018404726975733382,0.0
2272.0,-189.67894139808783,-116.45475667857042,0.0,-4.486908287323181,0.0017890267833001895,0.0
2273.0,-189.9026812560273,-115.48333842747573,0.0,-4.485145080053446,0.001737635577541585,0.0
2274.0,-190.1281656859085,-114.51206462449952,0.0,-4.483433236971576,0.0016862993691431705,0.0
2275.0,-190.35534449483023,-113.54092892376137,0.0,-4.481772702703612,0.0016350183112352162,0.0
2276.0,-190.5841674898914,-112.56992497938084,0.0,-4.480163421798208,0.0015837924258239916,0.0
2277.0,-190.81458447819097,-111.59904644547758,0.0,-4.478605338855622,0.0015326216083499616,0.0
2278.0,-191.04654526682776,-110.62828697617114,0.0,-4.4770983986518385,0.0014815056322148301,0.0
2279.0,-191.2799996629007,-109.65764022558112,0.0,-4.475642546258231,0.0014304441532583415,0.0
2280.0,-191.51489747350865,-108.68709984782707,0.0,-4.47423772715686,0.0013794367142091319,0.0
2281.0,-191.75118850575052,-107.71665949702863,0.0,-4.472883887351263,0.0013284827491032278,0.0
2282.0,-191.9888225667252,-106.74631282730536,0.0,-4.471580973472918,0.0012775815876420816,0.0
2283.0,-192.22774946353158,-105.77605349277684,0.0,-4.470328932883286,0.0012267324595176224,0.0
2284.0,-192.46791900326858,-104.80587514756266,0.0,-4.469127713771616,0.0011759344986968273,0.0
2285.0,-192.70928099303504,-103.83577144578243,0.0,-4.467977265248399,0.0011251867476651204,0.0
2286.0,-192.95178523992988,-102.86573604155573,0.0,-4.466877537434682,0.001074488161635959,0.0
2287.0,-193.19538155105198,-101.89576258900212,0.0,-4.465828481547162,0.0010238376127092203,0.0
2288.0,-193.4400197335003,-100.92584474224122,0.0,-4.464830049979205,0.0009732338939865137,0.0
2289.0,-193.68564959437364,-99.95597615539262,0.0,-4.463882196377664,0.0009226757236516622,0.0
2290.0,-193.93222094077095,-98.98615048257587,0.0,-4.462984875715636,0.0008721617490135638,0.0
2291.0,-194.1796835797911,-98.01636137791057,0.0,-4.462138044361337,0.0008216905505144138,0.0
2292.0,-194.42798731853296,-97.04660249551634,0.0,-4.461341660142867,0.0007712606456867301,0.0
2293.0,-194.67708196409546,-96.07686748951272,0.0,-4.460595682409091,0.0007208704930785308,0.0
2294.0,-194.92691732357747,-95.10715001401933,0.0,-4.459900072086564,0.0006705184961587181,0.0
2295.0,-195.1774432040779,-94.13744372315576,0.0,-4.459254791732602,0.0006202030071659996,0.0
2296.0,-195.42860941269566,-93.16774227104156,0.0,-4.458659805584653,0.0005699223309388402,0.0
2297.0,-195.68036575652957,-92.19803931179636,0.0,-4.458115079605547,0.0005196747287136308,0.0
2298.0,-195.93266204267857,-91.22832849953974,0.0,-4.4576205815252035,0.00046945842187889094,0.0
2299.0,-196.18544807824156,-90.25860348839127,0.0,-4.457176280878676,0.00041927159573258114,0.0
2300.0,-196.4386736703174,-89.28885793247053,0.0,-4.456782149040137,0.00036911240318986723,0.0
2301.0,-196.69228862600505,-88.31908548589713,0.0,-4.456438159253526,0.0003189789684552302,0.0
2302.0,-196.94624275240335,-87.34927980279065,0.0,-4.456144286659335,0.00026886939070618656,0.0
2303.0,-197.20048585661118,-86.37943453727068,0.0,-4.455900508317664,0.0002187817477347563,0.0
2304.0,-197.45496774572746,-85.40954334345679,0.0,-4.455706803227878,0.0001687140995686295,0.0
2305.0,-197.70963822685107,-84.4395998754686,0.0,-4.455563152344499,0.00011866449209626695,0.0
2306.0,-197.9644471070809,-83.46959778742567,0.0,-4.455469538589494,6.863096064765475e-05,0.0
2307.0,-198.21934419351587,-82.49953073344757,0.0,-4.455425946861033,1.8611533579309434e-05,0.0
2308.0,-198.47427929325482,-81.52939236765395,0.0,-4.4554323640386695,-3.139576414109715e-05,0.0
2309.0,-198.72920221339666,-80.55917634416436,0.0,-4.455488778984844,-8.139290738462535e-05,0.0
2310.0,-198.98406276104035,-79.58887631709835,0.0,-4.455595182543088,-0.00013138186729274738,0.0
2311.0,-199.23881074328466,-78.61848594057557,0.0,-4.455751567532344,-0.00018136460771835315,0.0
2312.0,-199.49339596722862,-77.64799886871559,0.0,-4.455957928738009,-0.000231343081694987,0.0
2313.0,-199.74776823997104,-76.67740875563797,0.0,-4.456214262899369,-0.00028131922787049443,0.0
2314.0,-200.0018773686108,-75.70670925546233,0.0,-4.456520568693256,-0.00033129496695189734,0.0
2315.0,-200.2556731602468,-74.73589402230823,0.0,-4.456876846714503,-0.00038127219816365605,0.0
2316.0,-200.509105421978,-73.76495671029528,0.0,-4.45728309945274,-0.00043125279566412294,0.0
2317.0,-200.76212396090318,-72.79389097354306,0.0,-4.457739331265379,-0.00048123860499562,0.0
2318.0,-201.01467858412136,-71.82269046617117,0.0,-4.45824554834738,-0.0005312314395109803,0.0
2319.0,-201.2667190987313,-70.85134884229915,0.0,-4.458801758697264,-0.000581233076758471,0.0
2320.0,-201.51819531183196,-69.87985975604664,0.0,-4.459407972079411,-0.0006312452548967887,0.0
2321.0,-201.76905703052228,-68.90821686153319,0.0,-4.460064199983153,-0.0006812696690815047,0.0
2322.0,-202.01925406190105,-67.93641381287843,0.0,-4.4607704555777605,-0.0007313079678189663,0.0
2323.0,-202.26873621306726,-66.9644442642019,0.0,-4.461526753664101,-0.0007813617493295234,0.0
2324.0,-202.51745329111972,-65.99230186962322,0.0,-4.4623331106225725,-0.0008314325578737046,0.0
2325.0,-202.7653551031574,-65.01998028326197,0.0,-4.463189544357327,-0.000881521880053209,0.0
2326.0,-203.0123914562791,-64.04747315923771,0.0,-4.464096074236783,-0.0009316311411114521,0.0
2327.0,-203.2585121575838,-63.07477415167009,0.0,-4.465052721030506,-0.0009817617011961108,0.0
2328.0,-203.50366701417033,-62.10187691467863,0.0,-4.4660595068422895,-0.0010319148516010504,0.0
2329.0,-203.74780583313762,-61.128775102382946,0.0,-4.467116455039369,-0.0010820918109810357,0.0
2330.0,-203.99087842158454,-60.15546236890264,0.0,-4.468223590178053,-0.0011322937215427764,0.0
2331.0,-204.23283458661,-59.18193236835727,0.0,-4.469380937925366,-0.0011825216452144055,0.0
2332.0,-204.47362413531292,-58.20817875486645,0.0,-4.470588524976948,-0.001232776559781585,0.0
2333.0,-204.7131968747921,-57.23419518254975,0.0,-4.471846378970896,-0.0012830593549982997,0.0
2334.0,-204.95150261214653,-56.25997530552675,0.0,-4.473154528397992,-0.0013333708286719567,0.0
2335.0,-205.18849115447503,-55.28551277791706,0.0,-4.4745130025078055,-0.001383711682715941,0.0
2336.0,-205.42411230887654,-54.31080125384025,0.0,-4.475921831210795,-0.0014337720747520217,0.0
2337.0,-205.65831588244993,-53.33583438741593,0.0,-4.477381044976603,-0.0014813475188863682,0.0
2338.0,-205.89105168229412,-52.36060583276365,0.0,-4.478890674728223,-0.0015224543101448288,0.0
2339.0,-206.12226951550795,-51.385109244003026,0.0,-4.480450751732114,-0.0015544959792833499,0.0
2340.0,-206.35191918919037,-50.40933827525365,0.0,-4.482056961262258,-0.001576961894828128,0.0
2341.0,-206.5799591745283,-49.43328779779985,0.0,-4.483682811371039,-0.0015898451755936374,0.0
2342.0,-206.80639213345685,-48.456958891014054,0.0,-4.485299079876786,-0.0015931391755406032,0.0
2343.0,-207.03123478074417,-47.480354608465255,0.0,-4.486898697551781,-0.0015871477322875194,0.0
2344.0,-207.25450383702133,-46.50347800454614,0.0,-4.488481645163211,-0.0015740692771421142,0.0
2345.0,-207.47621602291952,-45.526332133649376,0.0,-4.490047906999926,-0.0015578814220114092,0.0
2346.0,-207.6963880590697,-44.5489200501676,0.0,-4.4915974679179795,-0.0015411745165558241,0.0
2347.0,-207.91503666610322,-43.57124480849351,0.0,-4.493130313328418,-0.00152445305867323,0.0
2348.0,-208.13217856465099,-42.59330946301976,0.0,-4.4946464291848685,-0.0015077177950701323,0.0
2349.0,-208.34783047534424,-41.615117068139014,0.0,-4.4961458019711165,-0.0014909692501186961,0.0
2350.0,-208.56200911881407,-40.63667067824395,0.0,-4.497628418689232,-0.0014742079360614239,0.0
2351.0,-208.77473121569156,-39.65797334772722,0.0,-4.499094266847185,-0.0014574343530813216,0.0
2352.0,-208.98601348660785,-38.6790281309815,0.0,-4.5005433344469346,-0.001440648989414317,0.0
2353.0,-209.19587265219408,-37.69983808239945,0.0,-4.501975609972633,-0.0014238523214310992,0.0
2354.0,-209.4043254330813,-36.720406256373735,0.0,-4.5033910823786245,-0.0014070448137287273,0.0
2355.0,-209.6113885499007,-35.74073570729704,0.0,-4.504789741077801,-0.0013902269192427952,0.0
2356.0,-209.81707872328334,-34.76082948956201,0.0,-4.506171575929985,-0.0013733990793346632,0.0
2357.0,-210.0214126738604,-33.780690657561316,0.0,-4.5075365772303995,-0.001356561723897341,0.0
2358.0,-210.2244071222629,-32.80032226568764,0.0,-4.50888473569822,-0.001339715271466067,0.0
2359.0,-210.42607878912207,-31.819727368333627,0.0,-4.510216042465299,-0.0013228601293221612,0.0
2360.0,-210.62644439506894,-30.838909019891954,0.0,-4.511530489064954,-0.0013059966936034124,0.0
2361.0,-210.8255206607347,-29.857870274755285,0.0,-4.512828067420866,-0.001289125349414785,0.0
2362.0,-211.02332430675037,-28.87661418731629,0.0,-4.514108769836084,-0.001272246470946671,0.0
2363.0,-211.21987205374717,-27.89514381196763,0.0,-4.515372588982212,-0.001255360421588073,0.0
2364.0,-211.4151806223561,-26.91346220310198,0.0,-4.51661951788862,-0.0012384675540443471,0.0
2365.0,-211.6092667332084,-25.931572415111994,0.0,-4.517849549931806,-0.0012215682104594575,0.0
2366.0,-211.80214710693508,-24.949477502390348,0.0,-4.519062678824966,-0.0012046627225360698,0.0
2367.0,-211.99383846416734,-23.96718051932971,0.0,-4.52025889860752,-0.0011877514116554546,0.0
2368.0,-212.18435752553626,-22.98468452032274,0.0,-4.521438203634921,-0.0011708345890068448,0.0
2369.0,-212.37372101167296,-22.001992559762105,0.0,-4.522600588568461,-0.0011539125557159682,0.0
2370.0,-212.56194564320856,-21.01910769204048,0.0,-4.523746048365339,-0.00113698560296254,0.0
2371.0,-212.74904814077414,-20.03603297155052,0.0,-4.524874578268669,-0.001120054012112919,0.0
2372.0,-212.9350452250009,-19.052771452684897,0.0,-4.525986173797853,-0.0011031180548587902,0.0
2373.0,-213.11995361651987,-18.069326189836275,0.0,-4.527080830738942,-0.001086177993343096,0.0
2374.0,-213.30379003596218,-17.085700237397322,0.0,-4.528158545135019,-0.0010692340802876794,0.0
2375.0,-213.486571203959,-16.10189664976071,0.0,-4.529219313277003,-0.0010522865591303823,0.0
2376.0,-213.6683138411414,-15.117918481319098,0.0,-4.530263131694403,-0.0010353356641611886,0.0
2377.0,-213.84903466814055,-14.13376878646515,0.0,-4.531289997146201,-0.0010183816206612254,0.0
2378.0,-214.02875040558746,-13.149450619591542,0.0,-4.532299906611835,-0.001001424645033325,0.0
2379.0,-214.20747777411336,-12.164967035090932,0.0,-4.533292857282513,-0.0009844649449381063,0.0
2380.0,-214.3852334943493,-11.180321087355999,0.0,-4.534268846552539,-0.0009675027194349413,0.0
2381.0,-214.56203428692643,-10.195515830779394,0.0,-4.53522787201068,-0.0009505381591277434,0.0
2382.0,-214.73789687247583,-9.21055431975379,0.0,-4.536169931431809,-0.0009335714463002251,0.0
2383.0,-214.91283797162868,-8.225439608671852,0.0,-4.53709502276873,-0.000916602755042081,0.0
2384.0,-215.086874305016,-7.240174751926258,0.0,-4.538003144143963,-0.0008996322514107646,0.0
2385.0,-215.26002259326904,-6.254762803909656,0.0,-4.538894293841861,-0.0008826600935710591,0.0
2386.0,-215.43229955701875,-5.2692068190147205,0.0,-4.5397684703006895,-0.0008656864319226568,0.0
2387.0,-215.60372191689638,-4.283509851634119,0.0,-4.540625672104952,-0.0008487114092554014,0.0
2388.0,-215.774306393533,-3.297674956160525,0.0,-4.541465897978018,-0.0008317351608856223,0.0
2389.0,-215.94406970755972,-2.3117051869865906,0.0,-4.542289146774466,-0.0008147578148032558,0.0
2390.0,-216.1130285796077,-1.3256035985049888,0.0,-4.5430954174729905,-0.0007977794918233423,0.0
2391.0,-216.28119973030797,-0.3393732451083865,0.0,-4.543884709169278,-0.0007808003057143685,0.0
2392.0,-216.4485998802917,0.6469828188105499,0.0,-4.544657021068945,-0.0007638203633512879,0.0
2393.0,-216.61524575019004,1.6334615388591467,0.0,-4.545412352480851,-0.0007468397648635923,0.0
2394.0,-216.78115406063404,2.620059860644752,0.0,-4.5461507028103165,-0.0007298586037736778,0.0
2395.0,-216.94634153225488,3.6067747297746915,0.0,-4.546872071552654,-0.0007128769671539256,0.0
2396.0,-217.1108248856836,4.593603091856299,0.0,-4.5475764582867475,-0.0006958949357617046,0.0
2397.0,-217.27462084155138,5.5805418924969015,0.0,-4.548263862668799,-0.0006789125841808462,0.0
2398.0,-217.43774612048932,6.567588077303847,0.0,-4.548934284426301,-0.0006619299809805642,0.0
2399.0,-217.60021744312857,7.55473859188446,0.0,-4.549587723352077,-0.0006449471888605451,0.0
2400.0,-217.76205153010014,8.541990381846077,0.0,-4.550224179298383,-0.0006279642647922959,0.0
2401.0,-217.92326510203523,9.529340392796021,0.0,-4.5508436521713165,-0.0006109812601651221,0.0
2402.0,-218.08387487956495,10.516785570341641,0.0,-4.551446141925382,-0.0005939982209310278,0.0
2403.0,-218.24389758332043,11.504322860090264,0.0,-4.552031648558067,-0.0005770151877570382,0.0
2404.0,-218.40334993393273,12.491949207649224,0.0,-4.5526001721045715,-0.0005600321961789817,0.0
2405.0,-218.56224865203305,13.479661558625846,0.0,-4.5531517126328405,-0.0005430492767325593,0.0
2406.0,-218.7206104582524,14.46745685862748,0.0,-4.553686270238572,-0.0005260664551025585,0.0
2407.0,-218.878452073222,15.455332053261444,0.0,-4.554203845040487,-0.0005090837522805052,0.0
2408.0,-219.0357902175729,16.44328408813509,0.0,-4.554704437175719,-0.0004921011847057574,0.0
2409.0,-219.19264161193624,17.431309908855727,0.0,-4.5551880467952355,-0.00047511876441161,0.0
2410.0,-219.34902297694313,18.419406461030718,0.0,-4.5556546740596495,-0.00045813649917596835,0.0
2411.0,-219.5049510332247,19.407570690267367,0.0,-4.556104319134916,-0.0004411543926597769,0.0
2412.0,-219.66044250141206,20.395799542173016,0.0,-4.556536982188376,-0.0004241724445588346,0.0
2413.0,-219.81551410213632,21.38408996235502,0.0,-4.5569526633847985,-0.00040719065075973346,0.0
2414.0,-219.97018255602862,22.37243889642068,0.0,-4.557351362882724,-0.0003902090034770187,0.0
2415.0,-220.12446458371997,23.360843289977357,0.0,-4.557733080830719,-0.0003732274913996112,0.0
2416.0,-220.27837690584164,24.34930008863236,0.0,-4.558097817364059,-0.00035624609983634205,0.0
2417.0,-220.43193624302467,25.33780623799304,0.0,-4.558445572601462,-0.00033926481086770413,0.0
2418.0,-220.5851593159002,26.326358683666736,0.0,-4.558776346641782,-0.00032228360350210797,0.0
2419.0,-220.7380628450993,27.314954371260757,0.0,-4.559090139561105,-0.00030530245380733234,0.0
2420.0,-220.8906635512531,28.303590246382452,0.0,-4.5593869514097785,-0.0002883213350508562,0.0
2421.0,-221.04297815499282,29.292263254639163,0.0,-4.5596667822098915,-0.0002713402178630301,0.0
2422.0,-221.19502337694945,30.28097034163821,0.0,-4.55992963195258,-0.0002543590703866703,0.0
2423.0,-221.34681593775412,31.269708452986933,0.0,-4.5601755005955,-0.00023737785841491745,0.0
2424.0,-221.49837255803797,32.25847453429266,0.0,-4.560404388060733,-0.00022039654552985513,0.0
2425.0,-221.64970995843214,33.24726553116271,0.0,-4.560616294232593,-0.00020341509325584793,0.0
2426.0,-221.80084485956777,34.236078389204465,0.0,-4.560811218955707,-0.0001864334612170028,0.0
2427.0,-221.95179398207586,35.2249100540252,0.0,-4.560989162032985,-0.0001694516072777549,0.0
2428.0,-222.10257404658765,36.2137574712323,0.0,-4.5611501232241025,-0.0001524694876789491,0.0
2429.0,-222.25320177373416,37.20261758643306,0.0,-4.561294102243951,-0.0001354870571861027,0.0
2430.0,-222.4036938841466,38.191487345234826,0.0,-4.561421098761167,-0.00011850426925060935,0.0
2431.0,-222.55406709845602,39.18036369324494,0.0,-4.561531112396954,-0.00010152107615210173,0.0
2432.0,-222.70433813729355,40.16924357607073,0.0,-4.561624142723877,-8.453742912806204e-05,0.0
2433.0,-222.85452372129032,41.15812393931952,0.0,-4.561700189265029,-6.755327853191773e-05,0.0
2434.0,-223.00464057107746,42.14700172859867,0.0,-4.561759251493172,-5.056857399043934e-05,0.0
2435.0,-223.15470540728603,43.13587388951547,0.0,-4.561801328830045,-3.358326454064705e-05,0.0
2436.0,-223.30473495054716,44.124737367677305,0.0,-4.561826420645802,-1.6597298762910384e-05,0.0
2437.0,-223.45474592149202,45.113589108691464,0.0,-4.561834526258764,3.893750594333561e-07,0.0
2438.0,-223.60475504075174,46.1024260581653,0.0,-4.561825644935224,1.7376808783188735e-05,0.0
2439.0,-223.75477902895733,47.09124516170616,0.0,-4.561799775889177,3.4365054270362496e-05,0.0
2440.0,-223.90483460673994,48.08004336492135,0.0,-4.56175691828241,5.1354163243580833e-05,0.0
2441.0,-224.05493849473078,49.06881761341823,0.0,-4.561697071224959,6.834418714379049e-05,0.0
2442.0,-224.20510741356088,50.05756485280411,0.0,-4.561620233775294,8.533517697254363e-05,0.0
2443.0,-224.35535808386138,51.046282028686335,0.0,-4.561526404940768,0.00010232718313656669,0.0
2444.0,-224.50570722626338,52.03496608667224,0.0,-4.561415583678388,0.000119320255323225,0.0
2445.0,-224.65617156139803,53.023613972369155,0.0,-4.561287768895587,0.00013631444234908839,0.0
2446.0,-224.80676780989643,54.012222631384404,0.0,-4.561142959451198,0.00015330979199599883,0.0
2447.0,-224.95751269238966,55.000789009325345,0.0,-4.560981154156477,0.00017030635087739957,0.0
2448.0,-225.10842292950886,55.98931005179929,0.0,-4.560802351776367,0.0001873041642905804,0.0
2449.0,-225.2595152418852,56.97778270441359,0.0,-4.5606065510309985,0.00020430327606670216,0.0
2450.0,-225.41080635014973,57.96620391277556,0.0,-4.560393750597119,0.00022130372842526266,0.0
2451.0,-225.56231297493358,58.95457062249253,0.0,-4.560163949109753,0.0002383055618191727,0.0
2452.0,-225.7140518368679,59.942879779171875,0.0,-4.559917145164154,0.0002553088147980403,0.0
2453.0,-225.86603965658375,60.931128328420876,0.0,-4.559653337317697,0.00027231352385813167,0.0
2454.0,-226.0182931547123,61.91931321584689,0.0,-4.559372524092024,0.00028931972328395867,0.0
2455.0,-226.17082905188462,62.907431387057265,0.0,-4.559074703975352,0.00030632744501042045,0.0
2456.0,-226.32366406873186,63.895479787659305,0.0,-4.558759875424841,0.0003233367184760004,0.0
2457.0,-226.47681492588515,64.88345536326038,0.0,-4.5584280368692625,0.0003403475704679058,0.0
2458.0,-226.63029834397557,65.87135505946777,0.0,-4.558079186711634,0.00035736002497475743,0.0
2459.0,-226.78413104363426,66.85917582188887,0.0,-4.557713323332127,0.00037437410303991267,0.0
2460.0,-226.9383297454923,67.84691459613097,0.0,-4.55733044509106,0.00039138982261345746,0.0
2461.0,-227.09291117018086,68.8345683278014,0.0,-4.55693055033211,0.0004084071984044511,0.0
2462.0,-227.247892038331,69.82213396250754,0.0,-4.556513637385619,0.000425426241725876,0.0
2463.0,-227.4032890705739,70.8096084458567,0.0,-4.556079704572015,0.00044244696034916633,0.0
2464.0,-227.55911898754061,71.79698872345617,0.0,-4.5556287502055,0.00045946935836070423,0.0
2465.0,-227.7153985098623,72.78427174091334,0.0,-4.555160772597734,0.00047649343600346985,0.0
2466.0,-227.8721443581701,73.77145444383554,0.0,-4.5546757700618645,0.0004935191895276374,0.0
2467.0,-228.029373253095,74.75853377783005,0.0,-4.5541737409164345,0.0005105466110500524,0.0
2468.0,-228.18710191526827,75.74550668850428,0.0,-4.553654683489686,0.0005275756884011479,0.0
2469.0,-228.34534706532096,76.73237012146552,0.0,-4.553118596123994,0.000544606404972051,0.0
2470.0,-228.5041254238842,77.7191210223211,0.0,-4.552565477180253,0.0005616387395589609,0.0
2471.0,-228.66345371158906,78.70575633667835,0.0,-4.5519953250425615,0.0005786726662198356,0.0
2472.0,-228.8233486490667,79.69227301014463,0.0,-4.5514081381230564,0.000595708154138944,0.0
2473.0,-228.98382695694826,80.67866798832726,0.0,-4.5508039148669335,0.0006127451674576052,0.0
2474.0,-229.14490535586486,81.66493821683358,0.0,-4.55018265375754,0.0006297836651182491,0.0
2475.0,-229.30660056644751,82.65108064127091,0.0,-4.549544353321503,0.0006468236007313166,0.0
2476.0,-229.46892930932742,83.63709220724658,0.0,-4.548889012134232,0.00066386492242427,0.0
2477.0,-229.6319083051357,84.62296986036795,0.0,-4.5482166288256085,0.0006809075726840038,0.0
2478.0,-229.79555427450347,85.60871054624234,0.0,-4.547527202085551,0.0006979514882076313,0.0
2479.0,-229.95988393806178,86.59431121047707,0.0,-4.546820730669829,0.0007149965997506692,0.0
2480.0,-230.12491401644183,87.57976879867948,0.0,-4.546097213406221,0.0007320428319825187,0.0
2481.0,-230.2906612302747,88.56508025645691,0.0,-4.545356649200676,0.0007490901033363631,0.0
2482.0,-230.4571423001915,89.5502425294167,0.0,-4.54459903704346,0.0007661383258524676,0.0
2483.0,-230.62437394682334,90.53525256316615,0.0,-4.543824376015766,0.0007831874050344848,0.0
2484.0,-230.79237289080137,91.52010730331264,0.0,-4.5430326652963195,0.0008002372397020809,0.0
2485.0,-230.96115585275672,92.5048036954635,0.0,-4.5422239041681305,0.00081728772183322,0.0
2486.0,-231.1307395533204,93.489338685226,0.0,-4.5413980920253145,0.0008343387364138088,0.0
2487.0,-231.30114071312366,94.47370921820756,0.0,-4.540555228380253,0.0008513901613003455,0.0
2488.0,-231.47237605279753,95.45791224001546,0.0,-4.5396953128708155,0.0008684418670696913,0.0
2489.0,-231.64446229297317,96.44194469625702,0.0,-4.538818345267655,0.0008854937168585636,0.0
2490.0,-231.8174161542817,97.42580353253963,0.0,-4.537924325481777,0.0009025455662175575,0.0
2491.0,-231.99125435735417,98.4094856944706,0.0,-4.537013253572104,0.0009195972629733516,0.0
2492.0,-232.16599362282176,99.39298812765725,0.0,-4.536085129753371,0.0009366486470775268,0.0
2493.0,-232.34165067131556,100.37630777770688,0.0,-4.5351399544040545,0.0009536995504570988,0.0
2494.0,-232.51824222346673,101.35944159022691,0.0,-4.534177728074467,0.0009707497968654315,0.0
2495.0,-232.69578499990632,102.34238651082462,0.0,-4.533198451494974,0.000987799201736829,0.0
2496.0,-232.8742957212655,103.32513948510733,0.0,-4.532202125584411,0.0010045123569401807,0.0
2497.0,-233.05379110817535,104.30769745868241,0.0,-4.531188751458622,0.0010165327878362948,0.0
2498.0,-233.23428788126702,105.29005737715718,0.0,-4.530158330439143,0.0010138711893031044,0.0
2499.0,-233.4158027611716,106.27221618613895,0.0,-4.529110864062016,0.000988242683122412,0.0
2500.0,-233.5983524685202,107.2541708312351,0.0,-4.528051047098247,0.0009372956222180358,0.0
2501.0,-233.78194459916355,108.23592046390019,0.0,-4.527035176350567,0.0008609947794226334,0.0
2502.0,-233.96648642653528,109.21748848778115,0.0,-4.526146806568631,0.0007593401903454984,0.0
2503.0,-234.15182313099527,110.19891331706002,0.0,-4.5254183729470405,0.0006326684112692834,0.0
2504.0,-234.33779897005454,111.18023358901065,0.0,-4.52485036538494,0.00048533832682157944,0.0
2505.0,-234.52425820122411,112.16148794090687,0.0,-4.524442789600908,0.0003273428962297256,0.0
2506.0,-234.71104508201512,113.14271501002248,0.0,-4.524195642235414,0.0001669718957749541,0.0
2507.0,-234.89800386993858,114.12395343363136,0.0,-4.524108911167079,6.583131911470322e-06,0.0
2508.0,-235.08497882250558,115.10524184900729,0.0,-4.524182575706233,-0.00015378071264767913,0.0
2509.0,-235.27181419722712,116.08661889342413,0.0,-4.524416606665749,-0.00031411086947524016,0.0
2510.0,-235.45835425161422,117.06812320415573,0.0,-4.524810966309073,-0.0004743984575127845,0.0
2511.0,-235.64444324317807,118.04979341847589,0.0,-4.525365608176147,-0.0006346343609228937,0.0
2512.0,-235.82992542942964,119.03166817365845,0.0,-4.526080476786769,-0.0007948091072721906,0.0
2513.0,-236.01464506788002,120.01378610697724,0.0,-4.5269555072222065,-0.0009549127461378402,0.0
2514.0,-236.1984464160402,120.9961858557061,0.0,-4.527990624585465,-0.0011149347282468952,0.0
2515.0,-236.38117373142134,121.97890605711885,0.0,-4.529185743340767,-0.0012748637852791108,0.0
2516.0,-236.56267127153444,122.96198534848935,0.0,-4.530540766533026,-0.0014346878104688646,0.0
2517.0,-236.7427832938905,123.9454623670914,0.0,-4.532055584887726,-0.00159439374014728,0.0
2518.0,-236.9213540560007,124.92937575019883,0.0,-4.53373007579295,-0.0017539674363513031,0.0
2519.0,-237.09822781537594,125.9137641350855,0.0,-4.535564102163873,-0.0019133935707063008,0.0
2520.0,-237.27324882952743,126.89866615902521,0.0,-4.537557511191666,-0.0020726555097926153,0.0
2521.0,-237.44626135596616,127.88412045929182,0.0,-4.539710132978067,-0.0022317352021700943,0.0
2522.0,-237.61710965220317,128.87016567315916,0.0,-4.542021779057083,-0.002390613067328573,0.0
2523.0,-237.78563797574955,129.85684043790098,0.0,-4.544492240806598,-0.0025492678868225096,0.0
2524.0,-237.9516905841163,130.84418339079127,0.0,-4.547121287751251,-0.0027076766978684852,0.0
2525.0,-238.11511173481455,131.83223316910374,0.0,-4.549908665759807,-0.0028658496048180764,0.0
2526.0,-238.27574568535528,132.82102841011226,0.0,-4.552854095139616,-0.0030314477014460805,0.0
2527.0,-238.4334366932496,133.8106077510906,0.0,-4.555957268631438,-0.003236857244647252,0.0
2528.0,-238.5880290160086,134.8010098293127,0.0,-4.559217849308454,-0.003526393927621044,0.0
2529.0,-238.73936691114324,135.79227328205235,0.0,-4.562635957194149,-0.003922180063139523,0.0
2530.0,-238.88729362055017,136.78443658737515,0.0,-4.566318330489777,-0.004427053115529235,0.0
2531.0,-239.031430963248,137.77750351299426,0.0,-4.5706111994931335,-0.0050416299628306405,0.0
2532.0,-239.17090369844203,138.77139990729705,0.0,-4.575788269004619,-0.005766579504636151,0.0
2533.0,-239.30476885681315,139.76604100151621,0.0,-4.581885012778757,-0.006594978326880543,0.0
2534.0,-239.4320834690423,140.7613420268844,0.0,-4.588905094609706,-0.007495206307858254,0.0
2535.0,-239.55190456581036,141.75721821463426,0.0,-4.596852842809815,-0.008423708094593252,0.0
2536.0,-239.6632891777982,142.75358479599848,0.0,-4.605733076757694,-0.009359077449266324,0.0
2537.0,-239.76529433568675,143.7503570022097,0.0,-4.615550907502559,-0.010299105895118859,0.0
2538.0,-239.85697707015686,144.74745006450064,0.0,-4.626311510790367,-0.011243671234866375,0.0
2539.0,-239.93739441188953,145.74477921410391,0.0,-4.638019871031691,-0.012192378484782511,0.0
2540.0,-240.00560339156556,146.74225968225218,0.0,-4.650680495041414,-0.013143284016637984,0.0
2541.0,-240.06066103986598,147.73980670017818,0.0,-4.664297094878714,-0.014058763236292545,0.0
2542.0,-240.10162438747153,148.73733549911447,0.0,-4.678872239828936,-0.014830511893256949,0.0
2543.0,-240.12755046506325,149.73476131029383,0.0,-4.694406978525528,-0.015345995913761937,0.0
2544.0,-240.13749630332197,150.7319993649488,0.0,-4.710882981967657,-0.015562507577988856,0.0
2545.0,-240.13055373744993,151.72896667080997,0.0,-4.727802121633364,-0.015477179804109944,0.0
2546.0,-240.10676577792643,152.7256287856444,0.0,-4.744156426694291,-0.01508959886965019,0.0
2547.0,-240.0672187079252,153.7220045181068,0.0,-4.759387882171481,-0.01440111990647238,0.0
2548.0,-240.01305208395786,154.71811539603763,0.0,-4.773464813840491,-0.013448958640099267,0.0
2549.0,-239.94540546253603,155.71398294727766,0.0,-4.786385038124699,-0.012341160309131268,0.0
2550.0,-239.8654184001713,156.70962869966743,0.0,-4.798148564404868,-0.011190131341727812,0.0
2551.0,-239.7742304533753,157.70507418104756,0.0,-4.8087570747789306,-0.010038576173872825,0.0
2552.0,-239.67298117865974,158.70034091925868,0.0,-4.818213449783481,-0.008889487419366633,0.0
2553.0,-239.5628101325361,159.69545044214138,0.0,-4.826521342872012,-0.007743548820872105,0.0
2554.0,-239.44485687151607,160.69042427753627,0.0,-4.833684804777949,-0.0066010927342539105,0.0
2555.0,-239.32026095211128,161.68528395328397,0.0,-4.839707957668242,-0.005462402116444537,0.0
2556.0,-239.19016193083343,162.6800509972251,0.0,-4.84459471816808,-0.004352776352521927,0.0
2557.0,-239.05569936419397,163.67474693720027,0.0,-4.848348567853696,-0.003367864879174525,0.0
2558.0,-238.9180128087046,164.66939330105012,0.0,-4.850972369609657,-0.002628639108031905,0.0
2559.0,-238.77824182087693,165.6640116166152,0.0,-4.852471784582978,-0.0021902268751730703,0.0
2560.0,-238.63751888138074,166.65862242503331,0.0,-4.853201877007822,-0.0020572316843486655,0.0
2561.0,-238.4962795361533,167.65314908218681,0.0,-4.854154378950582,-0.002229539478497371,0.0
2562.0,-238.3536839501541,168.6473370962772,0.0,-4.856039331008056,-0.0027069622370383684,0.0
2563.0,-238.20875610585492,169.6409129853059,0.0,-4.85892652108069,-0.0034642179290966797,0.0
2564.0,-238.06051998572747,170.63360326727462,0.0,-4.862818008521968,-0.004405631081279575,0.0
2565.0,-237.90799957224348,171.6251344601848,0.0,-4.867716481640349,-0.0054101832147260345,0.0
2566.0,-237.75021884787466,172.6152330820381,0.0,-4.873625143870823,-0.0064226888370960845,0.0
2567.0,-237.5862017950928,173.60362565083597,0.0,-4.88054756872733,-0.007438474756997072,0.0
2568.0,-237.41497239636962,174.5900386845801,0.0,-4.8884875223689885,-0.008457560126387114,0.0
2569.0,-237.23555463417676,175.574198701272,0.0,-4.897448752595814,-0.00947973413178931,0.0
2570.0,-237.04697249098606,176.5558322189132,0.0,-4.907434743212277,-0.010504521797857816,0.0
2571.0,-236.84824994926925,177.53466575550524,0.0,-4.91844843298834,-0.011530753431296756,0.0
2572.0,-236.63841099149798,178.51042582904978,0.0,-4.930491898943396,-0.012531003584741778,0.0
2573.0,-236.41647960014407,179.48283895754832,0.0,-4.943566004412826,-0.013411823727357813,0.0
2574.0,-236.1814797576792,180.45163165900246,0.0,-4.957670013355337,-0.014061484591325613,0.0
2575.0,-235.93243544657508,181.41653045141373,0.0,-4.972795625779137,-0.014431140986520064,0.0
2576.0,-235.6683813227202,182.37726473595973,0.0,-4.988574699372051,-0.01451663882193323,0.0
2577.0,-235.38903962761495,183.33374964912935,0.0,-5.004074328619049,-0.014317902160639853,0.0
2578.0,-235.09522641268254,184.28619579480196,0.0,-5.018669631860126,-0.01383571697406895,0.0
2579.0,-234.7878551773236,185.23484010016853,0.0,-5.032306673882891,-0.013097271567763524,0.0
2580.0,-234.46783942093867,186.1799194924202,0.0,-5.044984172980397,-0.01219591209572579,0.0
2581.0,-234.13609264292836,187.1216708987479,0.0,-5.056702475036724,-0.011243397504923092,0.0
2582.0,-233.79352834269318,188.06033124634277,0.0,-5.067463201734714,-0.010288741253559244,0.0
2583.0,-233.4410600196338,188.9961374623958,0.0,-5.077268925365162,-0.009336420023519056,0.0
2584.0,-233.07960117315073,189.9293264740981,0.0,-5.086122871966099,-0.008387011372950313,0.0
2585.0,-232.71006530264458,190.86013520864063,0.0,-5.094028653582,-0.007440839509767054,0.0
2586.0,-232.3333659075159,191.7888005932145,0.0,-5.100990029710847,-0.0064980033532818305,0.0
2587.0,-231.95041648716526,192.7155595550107,0.0,-5.107010697481708,-0.005558404288473603,0.0
2588.0,-231.56213054099325,193.64064902122036,0.0,-5.112094109756717,-0.004621773291061615,0.0
2589.0,-231.16942156840045,194.56430591903444,0.0,-5.11624332015146,-0.0036923840130679126,0.0
2590.0,-230.77320306878747,195.486767175644,0.0,-5.1194608538943625,-0.002801305963042416,0.0
2591.0,-230.3743885415548,196.40826971824012,0.0,-5.121748603475529,-0.0020036911959866134,0.0
2592.0,-229.97389148610307,197.32905047401385,0.0,-5.123107748147432,-0.0013344269298019337,0.0
2593.0,-229.57262540183288,198.2493463701562,0.0,-5.123604311328365,-0.0007996913700831139,0.0
2594.0,-229.17137612183498,199.16935753688554,0.0,-5.123614699346783,-0.0003991707148227291,0.0
2595.0,-228.77032439947527,200.089109703655,0.0,-5.123541784635455,-0.00013264648374817462,0.0
2596.0,-228.36947190712561,201.0085769838065,0.0,-5.12347762228995,4.680399190056965e-06,0.0
2597.0,-227.96882028982768,201.92773348280463,0.0,-5.123422230937036,4.441075857565733e-05,0.0
2598.0,-227.5683711926231,202.84655330611398,0.0,-5.123375616440374,4.2205876685257646e-05,0.0
2599.0,-227.16812626055358,203.7650105591992,0.0,-5.123337785955062,3.3416046436204484e-05,0.0
2600.0,-226.7680871386608,204.68307934752477,0.0,-5.123308747932074,2.4616101015657274e-05,0.0
2601.0,-226.36825547198637,205.6007337765553,0.0,-5.123288512123015,1.580573966051903e-05,0.0
2602.0,-225.96863290557198,206.51794795175545,0.0,-5.123277089585629,6.983652382227693e-06,0.0
2603.0,-225.5692210844593,207.43469597858976,0.0,-5.123274492689668,-1.851476892689164e-06,0.0
2604.0,-225.17002165368996,208.3509519625228,0.0,-5.123280735123099,-1.0700970820184555e-05,0.0
2605.0,-224.77103625830568,209.26669000901924,0.0,-5.123295831899064,-1.9566159122495564e-05,0.0
2606.0,-224.37226654334808,210.18188422354353,0.0,-5.123319799363021,-2.8444966517897946e-05,0.0
2607.0,-223.97371415385885,211.0965087115604,0.0,-5.1233526552006134,-3.715627924906682e-05,0.0
2608.0,-223.57538073487962,212.01053757853433,0.0,-5.123394418445958,-4.5089122672743133e-05,0.0
2609.0,-223.1772679314521,212.92394492993,0.0,-5.123445109490401,-5.153195108073153e-05,0.0
2610.0,-222.7793773886179,213.83670487121194,0.0,-5.123504702316147,-5.6183026828574404e-05,0.0
2611.0,-222.3817106151321,214.74879205844783,0.0,-5.123570713406107,-5.901707802305874e-05,0.0
2612.0,-221.9842621138668,215.66020945173491,0.0,-5.1236371013334745,-6.002913414926424e-05,0.0
2613.0,-221.58701615334297,216.57100135833352,0.0,-5.12369997724374,-5.921760468696746e-05,0.0
2614.0,-221.18995619088483,217.48121536276824,0.0,-5.123759039695494,-5.6759913125275266e-05,0.0
2615.0,-220.79306568381674,218.3908990495638,0.0,-5.123814273043401,-5.326331973565246e-05,0.0
2616.0,-220.39632808946305,219.30010000324492,0.0,-5.123865662771048,-4.94356319262122e-05,0.0
2617.0,-219.9997268651481,220.20886580833618,0.0,-5.1239131955011175,-4.557482508398586e-05,0.0
2618.0,-219.60324546819618,221.1172440493623,0.0,-5.12395685900489,-4.1702384662833936e-05,0.0
2619.0,-219.2068673559317,222.0252823108479,0.0,-5.12399664221099,-3.781947014891429e-05,0.0
2620.0,-218.81057598567898,222.93302817731768,0.0,-5.124032535213192,-3.3927248364675115e-05,0.0
2621.0,-218.41435481476228,223.84052923329628,0.0,-5.124064529277218,-3.002689262267464e-05,0.0
2622.0,-218.018187300506,224.7478330633084,0.0,-5.124092616846956,-2.6119581845332872e-05,0.0
2623.0,-217.62205690023444,225.65498725187868,0.0,-5.124116791549578,-2.2206499650869104e-05,0.0
2624.0,-217.22594707127195,226.56203938353175,0.0,-5.124137048199693,-1.8288833480412897e-05,0.0
2625.0,-216.82984127094292,227.4690370427924,0.0,-5.124153382803032,-1.4367773709127767e-05,0.0
2626.0,-216.43372295657161,228.37602781418514,0.0,-5.124165792558683,-1.0444512725043304e-05,0.0
2627.0,-216.03757558548236,229.28305928223472,0.0,-5.124174275860611,-6.5202440393541394e-06,0.0
2628.0,-215.64138261499951,230.19017903146582,0.0,-5.124178832298525,-2.5961613731187834e-06,0.0
2629.0,-215.24512750244745,231.09743464640306,0.0,-5.124179462657577,1.3265422610534268e-06,0.0
2630.0,-214.84879370515043,232.00487371157112,0.0,-5.124176168917107,5.246675431954831e-06,0.0
2631.0,-214.45236468043288,232.91254381149466,0.0,-5.124168954248715,9.163049203270949e-06,0.0
2632.0,-214.05582388561902,233.82049253069837,0.0,-5.124157823013234,1.3074478049419317e-05,0.0
2633.0,-213.65915477803324,234.72876745370695,0.0,-5.124142780756826,1.697978072774069e-05,0.0
2634.0,-213.26234081499993,235.63741616504498,0.0,-5.12412383420642,2.0877781167311884e-05,0.0
2635.0,-212.86536545384334,236.54648624923715,0.0,-5.1241009912638695,2.476730935325426e-05,0.0
2636.0,-212.46821215188785,237.45602529080816,0.0,-5.12407426099954,2.8647202186807666e-05,0.0
2637.0,-212.07086436645778,238.36608087428263,0.0,-5.124043653644955,3.251630435358825e-05,0.0
2638.0,-211.6733055548775,239.27670058418528,0.0,-5.124009180584524,3.637346917141824e-05,0.0
2639.0,-211.27551917447127,240.18793200504072,0.0,-5.123970854346479,4.021755941677593e-05,0.0
2640.0,-210.8774886825635,241.09982272137367,0.0,-5.123928688592966,4.404744815124571e-05,0.0
2641.0,-210.47919753647847,242.01242031770875,0.0,-5.12388269810933,4.786201953426478e-05,0.0
2642.0,-210.08062919354055,242.92577237857063,0.0,-5.12383289879256,5.166016961360193e-05,0.0
2643.0,-209.68176711107404,243.83992648848402,0.0,-5.1237793076390155,5.5440807093060886e-05,0.0
2644.0,-209.28259474640333,244.75493023197353,0.0,-5.123721942731363,5.920285409199976e-05,0.0
2645.0,-208.88309555685265,245.67083119356388,0.0,-5.123660823224637,6.294524689152781e-05,0.0
2646.0,-208.48325299974647,246.58767695777968,0.0,-5.123595969331776,6.666693665164607e-05,0.0
2647.0,-208.08305053240903,247.50551510914565,0.0,-5.123527402308366,7.03668901042168e-05,0.0
2648.0,-207.68247161216476,248.4243932321864,0.0,-5.123455144436642,7.404409024149215e-05,0.0
2649.0,-207.28149969633785,249.3443589114266,0.0,-5.123379219008767,7.769753695998003e-05,0.0
2650.0,-206.88011824225276,250.26545973139102,0.0,-5.1232996503096855,8.132624769498418e-05,0.0
2651.0,-206.47831070723376,251.18774327660418,0.0,-5.123216463599234,8.49292580526065e-05,0.0
2652.0,-206.07606054860517,252.1112571315908,0.0,-5.123129685093385,8.850562237075872e-05,0.0
2653.0,-205.67335122369144,253.03604888087563,0.0,-5.123039341945588,9.205441427871464e-05,0.0
2654.0,-205.27016618981676,253.96216610898318,0.0,-5.1229454622268245,9.557472726027883e-05,0.0
2655.0,-204.86648890430553,254.88965640043827,0.0,-5.1228480749054475,9.906567514038147e-05,0.0
2656.0,-204.4623028244821,255.81856733976548,0.0,-5.122747209826771,0.00010252639257547968,0.0
2657.0,-204.0575914076708,256.74894651148946,0.0,-5.1226428976917795,0.0001059560355274642,0.0
2658.0,-203.6523381111959,257.68084150013493,0.0,-5.122535170035496,0.00010935378166936665,0.0
2659.0,-203.24652639238184,258.6142998902265,0.0,-5.122424059205158,0.00011271883080940116,0.0
2660.0,-202.84013970855287,259.54936926628886,0.0,-5.1223095983377585,0.000116050498597848,0.0
2661.0,-202.43316151703337,260.48609721284674,0.0,-5.122191821337269,0.0001862105168688772,0.0
2662.0,-202.02557527514765,261.4245313144247,0.0,-5.1220707628516315,0.0007157317323194562,0.0
2663.0,-201.61736444022003,262.3647191555475,0.0,-5.121946458249255,0.002358403554857803,0.0
2664.0,-201.2085124695749,263.30670832073974,0.0,-5.121818942288925,0.0055274304638111005,0.0
2665.0,-200.79900282340924,264.25054639465355,0.0,-5.120752178202186,0.010344526662551699,0.0
2666.0,-200.39088015018385,265.1963724505151,0.0,-5.1141868067859955,0.016890354251855602,0.0
2667.0,-199.99415917032593,266.14467932376186,0.0,-5.0975292009889115,0.025248806701150008,0.0
2668.0,-199.62078072491204,267.09604534324995,0.0,-5.069588192192761,0.035410485860509065,0.0
2669.0,-199.28268565501864,268.0510488378356,0.0,-5.029851018720416,0.04683874172265126,0.0
2670.0,-198.99181480172237,269.01026813637486,0.0,-4.977701242854492,0.05799118396079615,0.0
2671.0,-198.7601090060997,269.9742815677241,0.0,-4.912580863867588,0.06703994645360911,0.0
2672.0,-198.5995091092272,270.94366746073956,0.0,-4.834243454576396,0.07306493552051574,0.0
2673.0,-198.52195595105374,271.91900414407235,0.0,-4.744953146294668,0.07591948157713142,0.0
2674.0,-198.53577331103733,272.9002128168828,0.0,-4.654886286029093,0.07562059062135562,0.0
2675.0,-198.63511002136238,273.88463944468145,0.0,-4.573671856802052,0.07222417852851404,0.0
2676.0,-198.810643020659,274.8689992366919,0.0,-4.502858256823905,0.06601551038590703,0.0
2677.0,-199.0530492475571,275.8500074021379,0.0,-4.441821262671163,0.05827295954486101,0.0
2678.0,-199.3530056406868,276.8243791502429,0.0,-4.389772575351938,0.05107319047504306,0.0
2679.0,-199.70118913867813,277.78882969023084,0.0,-4.345913243692849,0.045685229112281664,0.0
2680.0,-200.08827668016113,278.7400742313251,0.0,-4.309066211775516,0.04230052146600986,0.0
2681.0,-200.50597591280683,279.6748329636774,0.0,-4.274951786920191,0.040837174050067544,0.0
2682.0,-200.9533361615899,280.5898615562833,0.0,-4.238581689260351,0.0411931867756852,0.0
2683.0,-201.43259236766454,281.48193107271095,0.0,-4.198355216793662,0.04322782925897732,0.0
2684.0,-201.94599238191645,282.3478126389146,0.0,-4.1541170021772675,0.04645813240263674,0.0
2685.0,-202.4957840552314,283.18427738084876,0.0,-4.105756399144888,0.049843653241008985,0.0
2686.0,-203.08421523849518,283.98809642446776,0.0,-4.053224805040307,0.052395304709540416,0.0
2687.0,-203.7135337825935,284.7560408957261,0.0,-3.996565040802376,0.05373152794256595,0.0
2688.0,-204.38598256623243,285.4848859475281,0.0,-3.9370391042564163,0.053816924768308044,0.0
2689.0,-205.10209477177992,286.1727914095278,0.0,-3.8786832265499998,0.052663179782117354,0.0
2690.0,-205.85820171998031,286.82132018358925,0.0,-3.8247194135704476,0.050298726929669996,0.0
2691.0,-206.65000087611412,287.4325485287752,0.0,-3.775511414204559,0.04684787195018978,0.0
2692.0,-207.47318970546178,288.0085527041488,0.0,-3.730925040361284,0.04273059272868496,0.0
2693.0,-208.32346567330376,288.55140896877316,0.0,-3.6907716468742677,0.038640535423934946,0.0
2694.0,-209.1965262449205,289.06319358171106,0.0,-3.654836021953035,0.035197639534888935,0.0
2695.0,-210.08806888559243,289.54598280202566,0.0,-3.6228979158031005,0.03271867583262817,0.0
2696.0,-210.9937910606001,290.00185288878,0.0,-3.594596116801726,0.03126991948464749,0.0
2697.0,-211.90961658057677,290.4326480228608,0.0,-3.567839027383632,0.030826348569641327,0.0
2698.0,-212.83410284013493,290.83751209836566,0.0,-3.5396248469029294,0.03135564411609407,0.0
2699.0,-213.7675074222435,291.2138457590548,0.0,-3.5087501460061192,0.03281027312114212,0.0
2700.0,-214.710116295892,291.55902054371336,0.0,-3.4751676684443678,0.03500312941329255,0.0
2701.0,-215.66221543006955,291.8704079911271,0.0,-3.4388711204079563,0.03754197128230222,0.0
2702.0,-216.6240907937656,292.14537964008116,0.0,-3.399883799722862,0.04006845558945936,0.0
2703.0,-217.59602835596945,292.381307029361,0.0,-3.358266409185975,0.04244670214415439,0.0
2704.0,-218.5783140856704,292.5755616977519,0.0,-3.3141249232132877,0.044685485950187474,0.0
2705.0,-219.57123143835634,292.72551549240245,0.0,-3.2677513531210427,0.04683299666568955,0.0
2706.0,-220.57396649721977,292.8286748890536,0.0,-3.219665261535575,0.04894369594854399,0.0
2707.0,-221.58289474533942,292.8828911754475,0.0,-3.1699987228967506,0.05107437616367281,0.0
2708.0,-222.59394804971603,292.88607006334314,0.0,-3.118443262652949,0.05329204070197181,0.0
2709.0,-223.60305827735036,292.83611726449936,0.0,-3.064649704158216,0.055600836214265224,0.0
2710.0,-224.60615729524324,292.73093849067516,0.0,-3.008288761471005,0.05774670190567023,0.0
2711.0,-225.5991769703954,292.5684394536294,0.0,-2.949061304636838,0.05931825807369652,0.0
2712.0,-226.57804916980763,292.346525865121,0.0,-2.886726401869887,0.06008324039218645,0.0
2713.0,-227.5387187837715,292.06312686233565,0.0,-2.8222785057870174,0.059982910870470356,0.0
2714.0,-228.47828784841118,291.7182529792041,0.0,-2.758931651965925,0.05898891140402461,0.0
2715.0,-229.39590978912995,291.3156046518693,0.0,-2.6990547205520232,0.057087448214668796,0.0
2716.0,-230.29094849695852,290.8592608880073,0.0,-2.642872880768531,0.0543625192329865,0.0
2717.0,-231.16276786292758,290.35330069529425,0.0,-2.590304832674105,0.05114803192324872,0.0
2718.0,-232.0107317780679,289.80180308140626,0.0,-2.5412004737773937,0.04787750650575884,0.0
2719.0,-232.83420413341014,289.2088470540193,0.0,-2.495362957723968,0.0447711284975464,0.0
2720.0,-233.63254881998503,288.5785116208097,0.0,-2.4525666806711253,0.041868523469094976,0.0
2721.0,-234.40512972882334,287.91487578945345,0.0,-2.412571030156335,0.03916197343010195,0.0
2722.0,-235.1513107509557,287.2220185676266,0.0,-2.3751302512809893,0.03661331669370761,0.0
2723.0,-235.87045577741284,286.5040189630053,0.0,-2.3400015510739154,0.03417595381465205,0.0
2724.0,-236.56198979602374,285.7648973481799,0.0,-2.307016833801391,0.03180599894163372,0.0
2725.0,-237.2266707025371,285.0073948933511,0.0,-2.2762208446286802,0.02946145637135457,0.0
2726.0,-237.86655032022378,284.2330109761295,0.0,-2.247756153160775,0.027102751451818726,0.0
2727.0,-238.4837337709202,283.4431938230661,0.0,-2.2217101318291896,0.024697868705099567,0.0
2728.0,-239.08032617646285,282.63939166071196,0.0,-2.1981435938153986,0.02223681299451636,0.0
2729.0,-239.65843265868816,281.82305271561813,0.0,-2.1770972984229617,0.019732785068776577,0.0
2730.0,-240.22015833943252,280.99562521433563,0.0,-2.1585959836064808,0.017202624929001754,0.0
2731.0,-240.76760834053243,280.1585573834153,0.0,-2.1426522393974317,0.014657587331104336,0.0
2732.0,-241.30288778382436,279.31329744940837,0.0,-2.1292700571094105,0.012107781104268911,0.0
2733.0,-241.8281017911447,278.46129363886575,0.0,-2.1184479497171727,0.009607334600417137,0.0
2734.0,-242.3453554843299,277.60399417833844,0.0,-2.1101815862667674,0.007292057488739749,0.0
2735.0,-242.85675398521644,276.74284729437744,0.0,-2.10446591674236,0.005292457318681252,0.0
2736.0,-243.36440241564074,275.87930121353384,0.0,-2.1012660400362355,0.0036534336205271685,0.0
2737.0,-243.87035506922018,275.0147690772277,0.0,-2.099924557587367,0.002376153852306638,0.0
2738.0,-244.37563379736122,274.1499513642922,0.0,-2.099234860574189,0.0014599463721784048,0.0
2739.0,-244.8802986413166,273.2848846460745,0.0,-2.098593033471116,0.0009019560152273406,0.0
2740.0,-245.3843729627741,272.4195801751648,0.0,-2.097976902668087,0.0006527313496434508,0.0
2741.0,-245.88788012342116,271.5540492041532,0.0,-2.09738647938356,0.0005791275917340474,0.0
2742.0,-246.39084348494552,270.68830298562966,0.0,-2.0968217744150697,0.0005518202294340238,0.0
2743.0,-246.89328640903477,269.8223527721842,0.0,-2.096282798150343,0.0005260873192174069,0.0
2744.0,-247.39523225737653,268.95620981640695,0.0,-2.095769560578251,0.0005003445942720143,0.0
2745.0,-247.89670439165843,268.08988537088794,0.0,-2.095282071299028,0.00047459243923156765,0.0
2746.0,-248.3977261735681,267.22339068821714,0.0,-2.0948203395342,0.00044883122912049115,0.0
2747.0,-248.89832096479313,266.3567370209846,0.0,-2.094384374135959,0.0004230613298611883,0.0
2748.0,-249.39851212702118,265.4899356217805,0.0,-2.09397418359588,0.0003972830987598755,0.0
2749.0,-249.8983230219398,264.6229977431947,0.0,-2.093589776053508,0.000371496884972495,0.0
2750.0,-250.39777701123668,263.7559346378173,0.0,-2.093231159304218,0.00034570303003321283,0.0
2751.0,-250.89689745659948,262.88875755823847,0.0,-2.0928983408063195,0.00031990186833536735,0.0
2752.0,-251.39570771971572,262.02147775704805,0.0,-2.0925913276883215,0.0002940937276103244,0.0
2753.0,-251.89423116227306,261.1541064868362,0.0,-2.092310126755292,0.0002682789294605113,0.0
2754.0,-252.39249114595918,260.28665500019304,0.0,-2.092054744494402,0.0002424577898383351,0.0
2755.0,-252.89051103246163,259.41913454970836,0.0,-2.0918251870807416,0.000216630619538868,0.0
2756.0,-253.38831418346805,258.5515563879724,0.0,-2.0916214603821017,0.00019079772472758397,0.0
2757.0,-253.88592396066605,257.6839317675753,0.0,-2.091443569963177,0.0001649594074260019,0.0
2758.0,-254.38336372574332,256.8162719411069,0.0,-2.091291521089624,0.0001391159660157269,0.0
2759.0,-254.88065684038742,255.94858816115723,0.0,-2.091165318731473,0.00011326769576406166,0.0
2760.0,-255.37782666628596,255.08089168031648,0.0,-2.0910649675659543,8.741488931602551e-05,0.0
2761.0,-255.8748965651266,254.21319375117463,0.0,-2.090990471979776,6.155783719246393e-05,0.0
2762.0,-256.3718898985969,253.34550562632168,0.0,-2.090941836071148,3.5696828314613065e-05,0.0
2763.0,-256.8688300283846,252.47783855834777,0.0,-2.0909190636509987,9.832150521653967e-06,0.0
2764.0,-257.3657403161772,251.61020379984285,0.0,-2.0909221582438557,-1.6035908936253203e-05,0.0
2765.0,-257.8626441236624,250.742612603397,0.0,-2.0909511230882507,-4.1907062889042935e-05,0.0
2766.0,-258.35956481252776,249.87507622160027,0.0,-2.0910059611364415,-6.778102372497128e-05,0.0
2767.0,-258.856525744461,249.0076059070427,0.0,-2.0910866750536825,-9.365750287328365e-05,0.0
2768.0,-259.35355028114964,248.1402129123143,0.0,-2.091193267217155,-0.00011953621030648597,0.0
2769.0,-259.85066178428133,247.27290849000516,0.0,-2.091325739714215,-0.00014541685403027645,0.0
2770.0,-260.3478836155437,246.40570389270533,0.0,-2.091484094340081,-0.00017129913955111445,0.0
2771.0,-260.8452391366245,245.5386103730048,0.0,-2.0916683325949994,-0.00019718276938429644,0.0
2772.0,-261.34275170921103,244.67163918349362,0.0,-2.091878455681398,-0.00022306744253148506,0.0
2773.0,-261.8404446949913,243.8048015767619,0.0,-2.0921144644997183,-0.0002489528539578892,0.0
2774.0,-262.3383414556526,242.93810880539962,0.0,-2.0923763596441214,-0.00027483869411512195,0.0
2775.0,-262.8364653528827,242.07157212199684,0.0,-2.0926641413980964,-0.0003007246483988091,0.0
2776.0,-263.3348397483693,241.2052027791436,0.0,-2.0929778097287146,-0.0003266103966221528,0.0
2777.0,-263.8334880037999,240.33901202942994,0.0,-2.093317364280992,-0.00035249561255525286,0.0
2778.0,-264.3324334808621,239.4730111254459,0.0,-2.0936828043717,-0.00037837996338097035,0.0
2779.0,-264.83169954124367,238.60721131978158,0.0,-2.0940741289822804,-0.00040426310917924494,0.0
2780.0,-265.3313095466321,237.74162386502695,0.0,-2.094491336751546,-0.00043014470243850155,0.0
2781.0,-265.83128685871503,236.87626001377205,0.0,-2.0949344259680673,-0.0004560243875308955,0.0
2782.0,-266.33165483918015,236.011131018607,0.0,-2.095403394561484,-0.00048190180022435387,0.0
2783.0,-266.832436849715,235.14624813212174,0.0,-2.0958982400938364,-0.0005077765671594062,0.0
2784.0,-267.33365625200736,234.2816226069064,0.0,-2.096418959750009,-0.0005336483053378478,0.0
2785.0,-267.83533640774453,233.417265695551,0.0,-2.0969655503281155,-0.0005595166216449953,0.0
2786.0,-268.33750067861445,232.55318865064558,0.0,-2.097538008229006,-0.0005853811123255337,0.0
2787.0,-268.84017242630466,231.68940272478017,0.0,-2.098136329445052,-0.0006112413624945427,0.0
2788.0,-269.3433750125027,230.82591917054478,0.0,-2.098760509549291,-0.0006370969456392928,0.0
2789.0,-269.8471317988962,229.96274924052955,0.0,-2.09941054368329,-0.000662947423093125,0.0
2790.0,-270.3514661471729,229.09990418732446,0.0,-2.1000864265445878,-0.0006887923435899993,0.0
2791.0,-270.8564014190203,228.2373952635195,0.0,-2.1007881523741814,-0.0007146312427472561,0.0
2792.0,-271.3619609761261,227.37523372170483,0.0,-2.1015157149428934,-0.0007404636425509179,0.0
2793.0,-271.86816818017786,226.51343081447044,0.0,-2.102269107537532,-0.0007662890509140739,0.0
2794.0,-272.3750463928632,225.65199779440633,0.0,-2.103048322946786,-0.0007921069611585325,0.0
2795.0,-272.8826189758699,224.7909459141026,0.0,-2.1038533534460186,-0.0008179109690945119,0.0
2796.0,-273.3909092908853,223.93028642614928,0.0,-2.1046841907822755,-0.0008432856060723698,0.0
2797.0,-273.89994069959727,223.0700305831364,0.0,-2.1055408261583994,-0.0008667628287662194,0.0
2798.0,-274.40973656369334,222.210189637654,0.0,-2.106423250216589,-0.0008865688549649484,0.0
2799.0,-274.92032024486105,221.35077484229214,0.0,-2.1073313706678087,-0.0009019294416663383,0.0
2800.0,-275.431714951138,220.49179738587802,0.0,-2.1082594502976297,-0.0009127864201278044,0.0
2801.0,-275.94393335786003,219.63326408629973,0.0,-2.1091926597894153,-0.0009191418565675591,0.0
2802.0,-276.4569710108388,218.7751746529082,0.0,-2.1101209805728987,-0.0009210037777617038,0.0
2803.0,-276.97082188425173,217.91752814284553,0.0,-2.1110435758387243,-0.0009187893398555158,0.0
2804.0,-277.48547995227597,217.06032361325393,0.0,-2.11196045098374,-0.0009139683404451038,0.0
2805.0,-278.0009391890889,216.2035601212756,0.0,-2.1128716113831945,-0.0009083163847580471,0.0
2806.0,-278.51719356886764,215.34723672405275,0.0,-2.1137770623898673,-0.0009026096096238184,0.0
2807.0,-279.03423706578945,214.4913524787275,0.0,-2.1146768093335484,-0.0008969081504941467,0.0
2808.0,-279.55206365403177,213.6359064424421,0.0,-2.115570857519728,-0.0008912119829441259,0.0
2809.0,-280.0706673077716,212.78089767233865,0.0,-2.1164592122291985,-0.0008855210817641117,0.0
2810.0,-280.5900420011864,211.92632522555945,0.0,-2.117341878717158,-0.0008798354209348222,0.0
2811.0,-281.11018170845335,211.07218815924665,0.0,-2.1182188622122244,-0.0008741549736529043,0.0
2812.0,-281.63108040374976,210.21848553054235,0.0,-2.1190901679159277,-0.0008684797123504101,0.0
2813.0,-282.1527320612528,209.3652163965888,0.0,-2.1199558010018316,-0.0008628096086678661,0.0
2814.0,-282.67513065513975,208.51237981452826,0.0,-2.1208157666146716,-0.000857144633496081,0.0
2815.0,-283.1982701595878,207.6599748415028,0.0,-2.1216700698697455,-0.000851484756977383,0.0
2816.0,-283.7221445487744,206.80800053465464,0.0,-2.122518715852087,-0.000845829948480243,0.0
2817.0,-284.2467477968766,205.95645595112597,0.0,-2.1233617096156197,-0.0008401801766345164,0.0
2818.0,-284.7720738780717,205.105340148059,0.0,-2.1241990561827078,-0.0008345354093506974,0.0
2819.0,-285.2981167665371,204.25465218259586,0.0,-2.125030760543128,-0.0008288956138015217,0.0
2820.0,-285.82487043644994,203.40439111187882,0.0,-2.125856827653355,-0.0008232607564296732,0.0
2821.0,-286.3523288619875,202.55455599305,0.0,-2.1266772624360315,-0.0008176308029638044,0.0
2822.0,-286.8804860173269,201.7051458832516,0.0,-2.1274920697792954,-0.0008120057184278297,0.0
2823.0,-287.4093358766457,200.8561598396258,0.0,-2.1283012545357582,-0.0008063854671490782,0.0
2824.0,-287.9388724141209,200.0075969193148,0.0,-2.1291048215219637,-0.0008007700127495061,0.0
2825.0,-288.46908960392983,199.1594561794608,0.0,-2.129902775517857,-0.0007951593181575931,0.0
2826.0,-288.9999814202497,198.31173667720594,0.0,-2.130695121265968,-0.0007895533456219184,0.0
2827.0,-289.5315418372579,197.46443746969243,0.0,-2.1314818634706016,-0.0007839520567191219,0.0
2828.0,-290.06376482913157,196.6175576140625,0.0,-2.132263006797278,-0.0007783554123504161,0.0
2829.0,-290.59664437004795,195.77109616745824,0.0,-2.1330385558722553,-0.0007727633727399358,0.0
2830.0,-291.1301744341844,194.92505218702192,0.0,-2.133808515281505,-0.0007671758974654759,0.0
2831.0,-291.6643489957181,194.0794247298957,0.0,-2.1345728895702845,-0.0007615929454595374,0.0
2832.0,-292.1991620288264,193.23421285322178,0.0,-2.135331683242442,-0.0007560144749879806,0.0
2833.0,-292.7346075076864,192.38941561414225,0.0,-2.1360849007597422,-0.0007504404436793343,0.0
2834.0,-293.27067940647544,191.54503206979942,0.0,-2.1368325465413442,-0.0007448708085345969,0.0
2835.0,-293.8073716993708,190.70106127733544,0.0,-2.137574624962969,-0.000739305525917785,0.0
2836.0,-294.34467836054966,189.85750229389248,0.0,-2.138311140356396,-0.0007337445515715706,0.0
2837.0,-294.88259336418935,189.01435417661273,0.0,-2.139042097008875,-0.0007281878406136017,0.0
2838.0,-295.4211106844671,188.17161598263837,0.0,-2.139767499162399,-0.0007226353475506184,0.0
2839.0,-295.9602242955602,187.3292867691116,0.0,-2.1404873510131766,-0.0007170870262836551,0.0
2840.0,-296.4999281716458,186.48736559317462,0.0,-2.1412016567110097,-0.0007115428301054066,0.0
2841.0,-297.0402162869013,185.64585151196954,0.0,-2.141910420358667,-0.000706002711713711,0.0
2842.0,-297.5810826155038,184.80474358263862,0.0,-2.1426136460113545,-0.0007004666232107239,0.0
2843.0,-298.1225211316307,183.96404086232405,0.0,-2.1433113376759816,-0.0006949345161145283,0.0
2844.0,-298.6645258094592,183.12374240816797,0.0,-2.1440034993107653,-0.0006896274725592796,0.0
2845.0,-299.20709062316655,182.28384727731262,0.0,-2.1446901348245007,-0.0006873257591249539,0.0
2846.0,-299.75020954692997,181.44435452690016,0.0,-2.145371248076025,-0.0006943314019352949,0.0
2847.0,-300.2938765549268,180.60526321407272,0.0,-2.1460468428737647,-0.0007158111077063862,0.0
2848.0,-300.83808562133424,179.76657239597256,0.0,-2.146720018811742,-0.000753207472495251,0.0
2849.0,-301.3828361058415,178.92828420244197,0.0,-2.147426608186029,-0.0008065385667021449,0.0
2850.0,-301.9281843097138,178.0904332513002,0.0,-2.1482190151284013,-0.0008758027273191779,0.0
2851.0,-302.4742207482179,177.2530736811413,0.0,-2.149117177366235,-0.0009607765474510176,0.0
2852.0,-303.0210364035309,176.41625989695507,0.0,-2.1501213613839645,-0.0010586767665931188,0.0
2853.0,-303.56872225783025,175.5800463037311,0.0,-2.151231561450391,-0.001163197634672589,0.0
2854.0,-304.117369293293,174.74448730645904,0.0,-2.152447767681867,-0.0012691679250933507,0.0
2855.0,-304.66706849209663,173.90963731012855,0.0,-2.153769965667954,-0.0013751396551060185,0.0
2856.0,-305.2179108364182,173.07555071972925,0.0,-2.1551981360621206,-0.0014810884250441145,0.0
2857.0,-305.7699873084349,172.2422819402508,0.0,-2.156732254137726,-0.0015870085453635965,0.0
2858.0,-306.32338889032417,171.4098853766829,0.0,-2.1583722893082173,-0.0016928938303984533,0.0
2859.0,-306.8782065642631,170.5784154340151,0.0,-2.1601182046134664,-0.0017987375639404288,0.0
2860.0,-307.43453131242904,169.74792651723712,0.0,-2.161969956171507,-0.0019045324650399337,0.0
2861.0,-307.99245411699917,168.91847303133864,0.0,-2.1639274925958416,-0.0020102706542237986,0.0
2862.0,-308.5520659601507,168.09010938130922,0.0,-2.165990754379558,-0.0021159436200984022,0.0
2863.0,-309.11345782406096,167.26288997213854,0.0,-2.168159673245683,-0.0022215421863452456,0.0
2864.0,-309.6767206909072,166.43686920881626,0.0,-2.1704341714647226,-0.0023270564792934323,0.0
2865.0,-310.24194554286646,165.6121014963321,0.0,-2.1728141611403538,-0.002432475896045196,0.0
2866.0,-310.8092233621163,164.78864123967554,0.0,-2.1752995434627076,-0.002537789073247294,0.0
2867.0,-311.3786451308337,163.96654284383638,0.0,-2.177890207931099,-0.0026429838566034264,0.0
2868.0,-311.9503018311961,163.1458607138042,0.0,-2.1805860315463574,-0.0027480472711923615,0.0
2869.0,-312.52428444538054,162.32664925456865,0.0,-2.1833868779736747,-0.0028529654926963766,0.0
2870.0,-313.1006839555644,161.50896287111942,0.0,-2.186292596677028,-0.0029577238196004823,0.0
2871.0,-313.679591343925,160.6928559684461,0.0,-2.1893030220258254,-0.0030623066465132543,0.0
2872.0,-314.26109759263926,159.8783829515384,0.0,-2.192417972375944,-0.003166697438680873,0.0
2873.0,-314.8452936838848,159.0655982253859,0.0,-2.1956372491248666,-0.0032708787239931676,0.0
2874.0,-315.43227059983866,158.25455619497833,0.0,-2.198960635743347,-0.0033764876457117294,0.0
2875.0,-316.02211932267807,157.4453112653053,0.0,-2.2023878967852952,-0.003493036790867019,0.0
2876.0,-316.61493083458043,156.6379178413564,0.0,-2.205918776876269,-0.003636105337562296,0.0
2877.0,-317.21079611772285,155.8324303281214,0.0,-2.209552999910338,-0.003814945255589944,0.0
2878.0,-317.80980615452285,155.02890313102915,0.0,-2.2133134458324797,-0.004031194337299926,0.0
2879.0,-318.4120764345836,154.22743545904163,0.0,-2.217310063641428,-0.004285059692847235,0.0
2880.0,-319.0178142539771,153.4282943598219,0.0,-2.2216506325852547,-0.004576767199034151,0.0
2881.0,-319.6272484023864,152.63178617521,0.0,-2.226356485861218,-0.004904903144575367,0.0
2882.0,-320.240607669494,151.83821724704606,0.0,-2.231428767389623,-0.0052601903674813445,0.0
2883.0,-320.85812084498275,151.04789391717,0.0,-2.2368687419718025,-0.005627293829133739,0.0
2884.0,-321.4800167185353,150.26112252742197,0.0,-2.242677775601283,-0.005997210879030269,0.0
2885.0,-322.1065240798343,149.47820941964196,0.0,-2.24885731416559,-0.0063685544223458035,0.0
2886.0,-322.7378717185625,148.69946093567003,0.0,-2.2554088604530564,-0.0067413653466470115,0.0
2887.0,-323.37428842440266,147.92518341734626,0.0,-2.2623339493814987,-0.007115658694505811,0.0
2888.0,-324.0160029870375,147.15568320651064,0.0,-2.2696341213713978,-0.00749142179046558,0.0
2889.0,-324.66324419614966,146.39126664500327,0.0,-2.2773108937922846,-0.007868612308948513,0.0
2890.0,-325.31624084142186,145.63224007466417,0.0,-2.2853657304221993,-0.008247156295943445,0.0
2891.0,-325.9752217125369,144.8789098373334,0.0,-2.2938000088739674,-0.008626946160788374,0.0
2892.0,-326.64041559917746,144.13158227485098,0.0,-2.3026149859594236,-0.009007838658244392,0.0
2893.0,-327.3120512910262,143.390563729057,0.0,-2.311811760984502,-0.009389652885175093,0.0
2894.0,-327.9903575777659,142.65616054179148,0.0,-2.321391236993261,-0.009772168320537431,0.0
2895.0,-328.67556324907923,141.92867905489445,0.0,-2.3313540800106725,-0.01015189786098907,0.0
2896.0,-329.36789709464887,141.20842561020604,0.0,-2.3417006763684314,-0.010494260398954718,0.0
2897.0,-330.0675879041576,140.4957065495662,0.0,-2.3524310882385038,-0.010725787954243504,0.0
2898.0,-330.77486446728807,139.790828214815,0.0,-2.363545007545187,-0.0107897086468361,0.0
2899.0,-331.48995557372314,139.09409694779256,0.0,-2.374996557342051,-0.010671288290067978,0.0
2900.0,-332.213030651877,138.4057510965099,0.0,-2.3863498351872408,-0.010370293915257393,0.0
2901.0,-332.94374735297737,137.72544280704068,0.0,-2.3970141941499317,-0.009886764033051743,0.0
2902.0,-333.6815018741564,137.05252474962944,0.0,-2.4067870439097074,-0.009224097308174526,0.0
2903.0,-334.42568831239885,136.38634718896142,0.0,-2.415665748530348,-0.008416859213830665,0.0
2904.0,-335.1757007646896,135.72626038972163,0.0,-2.4236501308901905,-0.007538557556701869,0.0
2905.0,-335.9309333280134,135.07161461659533,0.0,-2.4307406613562246,-0.006646045595349014,0.0
2906.0,-336.6907800993551,134.42176013426757,0.0,-2.436938265845457,-0.0057541699481940935,0.0
2907.0,-337.4546351756995,133.77604720742352,0.0,-2.4422441556774643,-0.004863299931772559,0.0
2908.0,-338.2218926540314,133.13382610074837,0.0,-2.4466596794535342,-0.0039735534613647115,0.0
2909.0,-338.99194663133557,132.4944470789272,0.0,-2.450186196940991,-0.0030849328485804367,0.0
2910.0,-339.76419120459695,131.85726040664517,0.0,-2.452824974773782,-0.0021973463989700525,0.0
2911.0,-340.5380204708003,131.22161634858745,0.0,-2.4545771036915727,-0.0013188732485503527,0.0
2912.0,-341.31282852693033,130.58686516943916,0.0,-2.4554434370139484,-0.0004969847564414907,0.0
2913.0,-342.08800946997206,129.9523571338854,0.0,-2.455424550067859,0.0001905207575410652,0.0
2914.0,-342.8629573969101,129.3174425066114,0.0,-2.454520721040643,0.0006978718311326315,0.0
2915.0,-343.63706640564493,128.6814715533471,0.0,-2.4528473395700607,0.0010178287627646513,0.0
2916.0,-344.409883060356,128.04396854227917,0.0,-2.4509563234146454,0.0011504870827371125,0.0
2917.0,-345.1815308561254,127.4051161651802,0.0,-2.4493875576945525,0.0010958956871852188,0.0
2918.0,-345.9522697272748,126.76525282538768,0.0,-2.448244315134945,0.0008622985447416084,0.0
2919.0,-346.7223596081261,126.12471692623902,0.0,-2.447526622891871,0.0004973364333826145,0.0
2920.0,-347.492060433001,125.48384687107169,0.0,-2.447234545031617,7.896548192715914e-05,0.0
2921.0,-348.26163213622124,124.8429810632231,0.0,-2.4473681864562917,-0.0003469094168559053,0.0
2922.0,-349.0313346521088,124.20245790603069,0.0,-2.4479276945280293,-0.0007729488906067822,0.0
2923.0,-349.8014279149853,123.5626158028319,0.0,-2.4489132583893203,-0.0011991885922916382,0.0
2924.0,-350.5721718591727,122.92379315696417,0.0,-2.4503251059728974,-0.0016256600048348993,0.0
2925.0,-351.3438264189926,122.2863283717649,0.0,-2.452163498692583,-0.002052388111600927,0.0
2926.0,-352.1166515287669,121.65055985057155,0.0,-2.454428723802728,-0.0024793890558729398,0.0
2927.0,-352.8909071228173,121.01682599672156,0.0,-2.457121084412843,-0.0029066677885408254,0.0
2928.0,-353.6668531354657,120.38546521355237,0.0,-2.4602408871427546,-0.0033342157044767362,0.0
2929.0,-354.4447495010338,119.75681590440136,0.0,-2.4637884274039794,-0.003762008269594861,0.0
2930.0,-355.2248561538434,119.13121647260604,0.0,-2.4677639722955913,-0.004190002642478596,0.0
2931.0,-356.0074330282164,118.50900532150379,0.0,-2.472167741106198,-0.004618135296714509,0.0
2932.0,-356.79274005847435,117.89052085443207,0.0,-2.4769998834219566,-0.0050463196525361645,0.0
2933.0,-357.58103717893937,117.2761014747283,0.0,-2.4822604548476823,-0.005474443729324247,0.0
2934.0,-358.372584323933,116.66608558572993,0.0,-2.487949390362589,-0.0059023678337351,0.0
2935.0,-359.167641427777,116.06081159077436,0.0,-2.4940664753470116,-0.006329922301513857,0.0
2936.0,-359.9664684247934,115.46061789319909,0.0,-2.5006113143352287,-0.006756905314889228,0.0
2937.0,-360.7693252493038,114.86584289634148,0.0,-2.5075832975748815,-0.007181548147851815,0.0
2938.0,-361.57647183562995,114.27682500353902,0.0,-2.514981565499199,-0.007590673505121055,0.0
2939.0,-362.38816811809386,113.6939026181291,0.0,-2.5228049712501495,-0.00795900204239167,0.0
2940.0,-363.2046740310171,113.11741414344918,0.0,-2.5310520414279387,-0.008268981953030037,0.0
2941.0,-364.0262495087216,112.54769798283671,0.0,-2.539699477852258,-0.00851697734907551,0.0
2942.0,-364.8531195525183,111.98506447376252,0.0,-2.5485858169290374,-0.008703327271377617,0.0
2943.0,-365.685283752193,111.42964285365294,0.0,-2.5575180013466863,-0.008828424296509952,0.0
2944.0,-366.52265220075776,110.88149045646944,0.0,-2.5664423579058444,-0.008894243002299731,0.0
2945.0,-367.3651347647452,110.34066443421564,0.0,-2.5753601880552934,-0.008914185581698446,0.0
2946.0,-368.2126413106883,109.8072219388951,0.0,-2.584272930493342,-0.008913779604371262,0.0
2947.0,-369.06508170511967,109.28122012251136,0.0,-2.5931820223358857,-0.008910853030940493,0.0
2948.0,-369.922365814572,108.762716137068,0.0,-2.602088898976507,-0.008909350738433653,0.0
2949.0,-370.7844035055782,108.25176713456858,0.0,-2.6109949939485664,-0.008909280704455545,0.0
2950.0,-371.6511046446709,107.74843026701666,0.0,-2.619901738788355,-0.008910640859815093,0.0
2951.0,-372.5223790983829,107.25276268641583,0.0,-2.6288105628973426,-0.00891342899319092,0.0
2952.0,-373.39813673324693,106.76482154476965,0.0,-2.6377228934018664,-0.008917642747983219,0.0
2953.0,-374.2782874157957,106.28466399408167,0.0,-2.6466401550091465,-0.00892327961759116,0.0
2954.0,-375.16274101256215,105.81234718635547,0.0,-2.6555637698574923,-0.008930336939094887,0.0
2955.0,-376.05140739007885,105.34792827359462,0.0,-2.6644951573595734,-0.008938811885431218,0.0
2956.0,-376.9441964148785,104.89146440780266,0.0,-2.673435734037265,-0.008948701456005936,0.0
2957.0,-377.841017953494,104.44301274098319,0.0,-2.6823869133459324,-0.008960002465722466,0.0
2958.0,-378.7417818724581,104.00263042513977,0.0,-2.6913501054870936,-0.008972711532481168,0.0
2959.0,-379.6463980383034,103.57037461227594,0.0,-2.7003267172081524,-0.008986825063112023,0.0
2960.0,-380.55477631756276,103.14630245439528,0.0,-2.7093181515869436,-0.009002339237743722,0.0
2961.0,-381.46682657676894,102.73047110350139,0.0,-2.71832580779981,-0.009019209129891641,0.0
2962.0,-382.3824586824547,102.32293771159779,0.0,-2.7273510808719923,-0.009034573762856893,0.0
2963.0,-383.3015825011527,101.92375943068804,0.0,-2.7363953614084147,-0.009038292560175614,0.0
2964.0,-384.2241078993958,101.53299341277575,0.0,-2.745460035303195,-0.009018006252762849,0.0
2965.0,-385.1499447437167,101.15069680986448,0.0,-2.754545911348314,-0.00896812148240362,0.0
2966.0,-386.0790028618985,100.77692555230544,0.0,-2.7636149440269286,-0.00888794477446751,0.0
2967.0,-387.0111894602125,100.41165292252525,0.0,-2.772566020610626,-0.008777212114451148,0.0
2968.0,-387.9464075012344,100.05471841273227,0.0,-2.7813300263148073,-0.008635718988710453,0.0
2969.0,-388.88455956056606,99.70594931509275,0.0,-2.7899005631106455,-0.008466094029583315,0.0
2970.0,-389.82554821380984,99.36517292177294,0.0,-2.7982771060123066,-0.008278261285968234,0.0
2971.0,-390.7692760365677,99.03221652493906,0.0,-2.806459260301619,-0.008084378061273345,0.0
2972.0,-391.7156456044419,98.70690741675739,0.0,-2.814446752191836,-0.00788984908302107,0.0
2973.0,-392.66455949303435,98.38907288939417,0.0,-2.822239419597573,-0.007695191334685373,0.0
2974.0,-393.6159202779473,98.07854023501561,0.0,-2.829837203043537,-0.007500503318067699,0.0
2975.0,-394.5696305347829,97.775136745788,0.0,-2.837240136739723,-0.007305874751021735,0.0
2976.0,-395.5255928391431,97.47868971387759,0.0,-2.8444483398480247,-0.007111386761663198,0.0
2977.0,-396.48370976663017,97.18902643145056,0.0,-2.8514620079605226,-0.0069171121018421575,0.0
2978.0,-397.4438838928461,96.90597419067322,0.0,-2.858281404806351,-0.006723115376562719,0.0
2979.0,-398.40601779339306,96.62936028371176,0.0,-2.8649068542014087,-0.006529453286188877,0.0
2980.0,-399.3700140438732,96.35901200273248,0.0,-2.871338732251285,-0.006336174878506969,0.0
2981.0,-400.3357752198886,96.09475663990162,0.0,-2.877577459815615,-0.006143321808054309,0.0
2982.0,-401.3032038970413,95.83642148738537,0.0,-2.883623495239523,-0.0059509286002544,0.0
2983.0,-402.2722026509336,95.58383383735001,0.0,-2.889477327354869,-0.00575902291815779,0.0
2984.0,-403.2426740571674,95.33682098196182,0.0,-2.895139468752776,-0.005567625829861335,0.0
2985.0,-404.21452069134494,95.09521021338698,0.0,-2.900610449326858,-0.005376997341376263,0.0
2986.0,-405.18764512906824,94.85882882379177,0.0,-2.9058908100844634,-0.005190248193860761,0.0
2987.0,-406.1619499459395,94.62750410534242,0.0,-2.9109810972224395,-0.0050144094036091835,0.0
2988.0,-407.1373377175608,94.4010633502052,0.0,-2.9158818564625193,-0.004855210967495241,0.0
2989.0,-408.1137110195342,94.17933385054634,0.0,-2.9205970613718866,-0.004714185642040101,0.0
2990.0,-409.09097678164824,93.96214896715635,0.0,-2.925167235936556,-0.004591260172349454,0.0
2991.0,-410.0690884111721,93.74940683857032,0.0,-2.9296512918216173,-0.004486340720069767,0.0
2992.0,-411.04802744535203,93.5410448093303,0.0,-2.93407157980295,-0.004399090361818577,0.0
2993.0,-412.02777581353547,93.3370007704679,0.0,-2.9384282785969327,-0.004326318238955081,0.0
2994.0,-413.00831544507,93.13721261301468,0.0,-2.9427212711228625,-0.004260910926417116,0.0
2995.0,-413.98962826930335,92.94161822800227,0.0,-2.946950452643073,-0.004197054597940683,0.0
2996.0,-414.97169621558305,92.75015550646225,0.0,-2.951115730256793,-0.004133132079812172,0.0
2997.0,-415.9545012132568,92.56276233942621,0.0,-2.955217022397021,-0.004069132417415989,0.0
2998.0,-416.93802519167195,92.37937661792579,0.0,-2.959254258330992,-0.0040050662060909315,0.0
2999.0,-417.92225008017647,92.19993623299254,0.0,-2.9632273776647446,-0.003940943549152516,0.0
3000.0,-418.9071578081177,92.02437907565806,0.0,-2.9671363298525084,-0.0038767740627378665,0.0
3001.0,-419.8927303048433,91.85264303695399,0.0,-2.9709810737111106,-0.003812566881130821,0.0
3002.0,-420.8789494997009,91.68466600791187,0.0,-2.974761576940098,-0.003748330662525953,0.0
3003.0,-421.86579732203813,91.52038587956335,0.0,-2.9784778156479033,-0.0036840735951662994,0.0
3004.0,-422.85325570120267,91.35974054294,0.0,-2.9821297738842407,-0.003619803403864649,0.0
3005.0,-423.8413065665419,91.2026678890734,0.0,-2.985717443179604,-0.0035555273568569517,0.0
3006.0,-424.8299318474036,91.04910580899518,0.0,-2.9892408220914963,-0.0034912522729365148,0.0
3007.0,-425.8191134731354,90.89899219373692,0.0,-2.992699915758085,-0.0034269845288762897,0.0
3008.0,-426.8088333730848,90.75226493433021,0.0,-2.9960947354596392,-0.0033627300670804323,0.0
3009.0,-427.79907347659946,90.60886192180666,0.0,-2.9994252981875666,-0.003298494403441289,0.0
3010.0,-428.789815713027,90.46872104719787,0.0,-3.0026916262215457,-0.003234282635401645,0.0
3011.0,-429.78104201171493,90.33178020153545,0.0,-3.0058937467148663,-0.0031700994501613344,0.0
3012.0,-430.772734302011,90.19797727585096,0.0,-3.0090316912881043,-0.0031059491330146676,0.0
3013.0,-431.7648745132628,90.06725016117602,0.0,-3.012105495631174,-0.00304183557581994,0.0
3014.0,-432.7574445748178,89.93953674854221,0.0,-3.0151151991140304,-0.002977762285550626,0.0
3015.0,-433.7504264160237,89.81477492898115,0.0,-3.0180608444059525,-0.002913732392913403,0.0
3016.0,-434.7438019662281,89.69290259352444,0.0,-3.0209424771034588,-0.002849748661032127,0.0
3017.0,-435.73755315477865,89.57385763320363,0.0,-3.023760145367133,-0.002785813494159628,0.0
3018.0,-436.73166191102285,89.4575779390504,0.0,-3.026513899566988,-0.0027219289464075164,0.0
3019.0,-437.7261101643084,89.34400140209625,0.0,-3.0292037919367703,-0.0026580967304900478,0.0
3020.0,-438.7208798439829,89.23306591337285,0.0,-3.0318298762369578,-0.0025943182264487013,0.0
3021.0,-439.7159528793939,89.12470936391176,0.0,-3.0343922074264813,-0.00253059449035772,0.0
3022.0,-440.71131119988905,89.01886964474461,0.0,-3.0368908413432067,-0.0024669262630024414,0.0
3023.0,-441.7069367348159,88.91548464690297,0.0,-3.039325834393065,-0.0024033139784989106,0.0
3024.0,-442.70281141352217,88.81449226141845,0.0,-3.041697243247808,-0.002339757772869211,0.0
3025.0,-443.6989171653554,88.71583037932263,0.0,-3.0440051245513207,-0.0022766294836368433,0.0
3026.0,-444.69523591966316,88.61943689164711,0.0,-3.046249534634472,-0.0022170551040900616,0.0
3027.0,-445.6917496057931,88.52524968942352,0.0,-3.048430529238241,-0.00216710938918206,0.0
3028.0,-446.68844015309287,88.4332066636834,0.0,-3.050548163245367,-0.0021310523243151442,0.0
3029.0,-447.68528949091,88.34324570545841,0.0,-3.052607698295237,-0.002109822864067848,0.0
3030.0,-448.68228119858304,88.25531502489567,0.0,-3.054647748898296,-0.0021034178425037692,0.0
3031.0,-449.67940942467413,88.1694289325301,0.0,-3.0567148601911263,-0.0021118317644577274,0.0
3032.0,-450.6766724861459,88.08562780825555,0.0,-3.0588222401484146,-0.0021346871232660798,0.0
3033.0,-451.6740687101025,88.00395209539249,0.0,-3.0609699391343277,-0.0021688519760808705,0.0
3034.0,-452.6715964236483,87.92444223726133,0.0,-3.063157974533438,-0.0022082453660034395,0.0
3035.0,-453.6692539538875,87.84713867718256,0.0,-3.0653863626525784,-0.0022486008798113955,0.0
3036.0,-454.6670396279242,87.77208185847657,0.0,-3.0676551186137506,-0.002288972934229218,0.0
3037.0,-455.66495177286305,87.69931222446381,0.0,-3.0699642562449143,-0.0023293578891127836,0.0
3038.0,-456.662988715808,87.62887021846474,0.0,-3.072313787968556,-0.0023697542781733194,0.0
3039.0,-457.66114878386344,87.56079628379977,0.0,-3.0747037246883444,-0.0024101605206970434,0.0
3040.0,-458.65943030413354,87.49513086378937,0.0,-3.077134075673607,-0.002450574919481482,0.0
3041.0,-459.65783160372257,87.43191440175397,0.0,-3.0796048484417375,-0.00249099565881001,0.0
3042.0,-460.65635100973486,87.37118734101398,0.0,-3.082116048638705,-0.0025314208024369883,0.0
3043.0,-461.6549868492746,87.3129901248899,0.0,-3.0846676799173824,-0.0025718482916018575,0.0
3044.0,-462.65373744944606,87.2573631967021,0.0,-3.0872597438140232,-0.0026122759430838704,0.0
3045.0,-463.6526011373536,87.20434699977108,0.0,-3.0898922396227873,-0.002652701447272397,0.0
3046.0,-464.6515762401013,87.15398197741726,0.0,-3.092565164268231,-0.002693122366289158,0.0
3047.0,-465.65066108479346,87.10630857296105,0.0,-3.0952785121761464,-0.002733536132150517,0.0
3048.0,-466.64985399853447,87.06136722972293,0.0,-3.0980322751423723,-0.0027739400449628016,0.0
3049.0,-467.6491533084285,87.01919839102332,0.0,-3.100826442199884,-0.002814331271187464,0.0
3050.0,-468.64855734157976,86.97984250018266,0.0,-3.103660999484252,-0.002854706841942159,0.0
3051.0,-469.6480644250927,86.9433400005214,0.0,-3.106535930097261,-0.002895063651362019,0.0
3052.0,-470.6476728860713,86.90973133535998,0.0,-3.1094512139690287,-0.002935398455039603,0.0
3053.0,-471.6473810516201,86.87905694801881,0.0,-3.112406827718614,-0.0029757078685106147,0.0
3054.0,-472.6471872488431,86.8513572818184,0.0,-3.1154027445129535,-0.003015988365825173,0.0
3055.0,-473.6470898048447,86.8266727800791,0.0,-3.1184389339246334,-0.003056236278196099,0.0
3056.0,-474.6470870467292,86.80504388612141,0.0,-3.1215153617881772,-0.0030964477927190827,0.0
3057.0,-475.6471773016007,86.78651104326575,0.0,-3.124631990055107,-0.003136618951193913,0.0
3058.0,-476.6473588965636,86.77111469483256,0.0,-3.127788776647958,-0.0031767456490291923,0.0
3059.0,-477.6476301587221,86.7588952841423,0.0,-3.130985675313077,-0.0032168236342468176,0.0
3060.0,-478.64798941518046,86.74989325451537,0.0,-3.134222635472633,-0.0032568485065948794,0.0
3061.0,-479.648434993043,86.74414904927225,0.0,-3.1374996020756494,-0.0032968157167634032,0.0
3062.0,-480.64896521941387,86.74170311173336,0.0,-3.1408165154483463,-0.003336748451139293,0.0
3063.0,-481.6495784213974,86.74259588521913,0.0,-3.14417331114392,-0.0033773784979224918,0.0
3064.0,-482.65027292609784,86.74686781305003,0.0,-3.147569919791693,-0.003420802457449896,0.0
3065.0,-483.6510470606195,86.75455933854646,0.0,-3.15100626694606,-0.0034691651231733645,0.0
3066.0,-484.6518991520665,86.7657109050289,0.0,-3.154482663330925,-0.003523276454019048,0.0
3067.0,-485.65282685655797,86.7803637287849,0.0,-3.1580089464256997,-0.0035832157263687553,0.0
3068.0,-486.65381150120925,86.79857783692495,0.0,-3.161604525526881,-0.003649031077655922,0.0
3069.0,-487.65481757007103,86.82043265957438,0.0,-3.1652799037215416,-0.003720743792627847,0.0
3070.0,-488.6558087733657,86.84600851829967,0.0,-3.1690357932269912,-0.0037976673537545936,0.0
3071.0,-489.6567488213158,86.87538573466735,0.0,-3.172872457877784,-0.0038777511442367185,0.0
3072.0,-490.6576014241437,86.90864463024386,0.0,-3.176790163947152,-0.00395889697706748,0.0
3073.0,-491.65833029207204,86.94586552659574,0.0,-3.180789179426623,-0.004040342029292297,0.0
3074.0,-492.65889913532305,86.9871287452895,0.0,-3.184869773282566,-0.004122054593155923,0.0
3075.0,-493.65927166411944,87.0325146078916,0.0,-3.189032214689329,-0.004204034432049752,0.0
3076.0,-494.65941158868344,87.08210343596855,0.0,-3.1932767722380384,-0.004286280504701034,0.0
3077.0,-495.65928261923773,87.13597555108686,0.0,-3.1976037131205866,-0.004368790940218644,0.0
3078.0,-496.65884846600466,87.19421127481303,0.0,-3.2020133022883717,-0.00445156301263992,0.0
3079.0,-497.6580728392067,87.25689092871353,0.0,-3.2065058015852608,-0.004534593115039913,0.0
3080.0,-498.6569194490662,87.32409483435487,0.0,-3.2110814688543288,-0.004617876733254597,0.0
3081.0,-499.6553520058059,87.39590331330358,0.0,-3.2157405570179214,-0.004701408419269835,0.0
3082.0,-500.65333421964806,87.47239668712612,0.0,-3.2204833131309325,-0.0047851817643614096,0.0
3083.0,-501.65082980081525,87.55365527738898,0.0,-3.2253099774069938,-0.004869189372043297,0.0
3084.0,-502.6478024595298,87.63975940565871,0.0,-3.2302207822171956,-0.004953422830908907,0.0
3085.0,-503.64421590601427,87.73078939350177,0.0,-3.2352159510615404,-0.005037872687460222,0.0
3086.0,-504.6400338504912,87.82682556248464,0.0,-3.240295697513152,-0.005122528419005734,0.0
3087.0,-505.6352200031829,87.92794823417385,0.0,-3.245460224135044,-0.005207378406740761,0.0
3088.0,-506.6297380743119,88.0342377301359,0.0,-3.250709721369931,-0.005292409909110286,0.0
3089.0,-507.62355177410063,88.14577437193728,0.0,-3.256044366403366,-0.005377609035573304,0.0
3090.0,-508.6166248127717,88.26263848114446,0.0,-3.2614643220006405,-0.005462920907428804,0.0
3091.0,-509.60892090054733,88.38491037932397,0.0,-3.2669697353179195,-0.00554519923756312,0.0
3092.0,-510.6004037476502,88.51267038804232,0.0,-3.2725607366883604,-0.005613122972531581,0.0
3093.0,-511.5910370643027,88.64599882886596,0.0,-3.278237438384358,-0.00565278611998256,0.0
3094.0,-512.5807845607272,88.78497602336142,0.0,-3.283999375967841,-0.005657974490758808,0.0
3095.0,-513.5696102155797,88.92968120607749,0.0,-3.2898033588630176,-0.005628128841865111,0.0
3096.0,-514.5574985598614,89.08011038502252,0.0,-3.2955344505257216,-0.005563196844603903,0.0
3097.0,-515.5444688404707,89.2361189864979,0.0,-3.301113243558041,-0.005463175680124538,0.0
3098.0,-516.5305436518273,89.39754888104304,0.0,-3.3065324566311425,-0.005331162054975255,0.0
3099.0,-517.5157455883519,89.56424193919733,0.0,-3.311791819161249,-0.005178435171924083,0.0
3100.0,-518.5000972444643,89.73604003150017,0.0,-3.316891111735924,-0.00501886653396493,0.0
3101.0,-519.483621214585,89.91278502849094,0.0,-3.3218301621380184,-0.004858642852921242,0.0
3102.0,-520.4663400931339,90.09431880070905,0.0,-3.3266088414624937,-0.004698302577091981,0.0
3103.0,-521.4482764745316,90.28048321869389,0.0,-3.3312270603331826,-0.004537883614116586,0.0
3104.0,-522.429452953198,90.47112015298482,0.0,-3.335684765226089,-0.004377420260608039,0.0
3105.0,-523.4098921235534,90.66607147412131,0.0,-3.339981934903992,-0.004216943314497433,0.0
3106.0,-524.389616580018,90.86517905264266,0.0,-3.3441185769676873,-0.004056480191676164,0.0
3107.0,-525.3686489170121,91.06828475908833,0.0,-3.348094724527118,-0.003896055046147159,0.0
3108.0,-526.3470117289559,91.27523046399769,0.0,-3.351910432995337,-0.003735688893031235,0.0
3109.0,-527.3247276102694,91.48585803791015,0.0,-3.355565777008139,-0.0035753997338183424,0.0
3110.0,-528.3018191553732,91.70000935136507,0.0,-3.3590608474710035,-0.0034152026832477817,0.0
3111.0,-529.278308958687,91.91752627490186,0.0,-3.362395748734328,-0.0032551100973872466,0.0
3112.0,-530.2542196146316,92.13825067905992,0.0,-3.36557059589819,-0.0030951317024445757,0.0
3113.0,-531.2295737176266,92.36202443437864,0.0,-3.368585512246946,-0.0029352747238578585,0.0
3114.0,-532.2043938620926,92.58868941139744,0.0,-3.371440626813328,-0.0027755440154089467,0.0
3115.0,-533.1787026424499,92.81808748065566,0.0,-3.3741360720725484,-0.002615942188065918,0.0
3116.0,-534.1525226531186,93.05006051269271,0.0,-3.376671981765152,-0.0024564697382579237,0.0
3117.0,-535.1258764885187,93.28445037804802,0.0,-3.379048488848001,-0.0022971251754357563,0.0
3118.0,-536.0987867430705,93.52109894726095,0.0,-3.381265723573056,-0.002137905148735733,0.0
3119.0,-537.0712760111943,93.7598480908709,0.0,-3.3833238116923847,-0.001978804572637089,0.0
3120.0,-538.0433668873104,94.00053967941726,0.0,-3.385222872788362,-0.001819816751579273,0.0
3121.0,-539.0150819658389,94.24301558343943,0.0,-3.3869630187280126,-0.0016609335034299796,0.0
3122.0,-539.9864438412,94.4871176734768,0.0,-3.388544352240164,-0.001502145281802322,0.0
3123.0,-540.9574751078138,94.73268782006878,0.0,-3.3899669656144553,-0.001343441297256609,0.0
3124.0,-541.9281983601007,94.97956789375473,0.0,-3.391230939520807,-0.001184809641643422,0.0
3125.0,-542.8986361924808,95.22759976507405,0.0,-3.3923363419482695,-0.0010275731825342136,0.0
3126.0,-543.8688111993746,95.47662530456617,0.0,-3.393283227262404,-0.0008794998515838172,0.0
3127.0,-544.8387459752018,95.72648638277047,0.0,-3.3940716353799356,-0.0007533545693913116,0.0
3128.0,-545.808463114383,95.9770248702263,0.0,-3.394701591119447,-0.0006566811406638934,0.0
3129.0,-546.7779852113176,96.22808263759008,0.0,-3.3951918044042086,-0.0005906944347897625,0.0
3130.0,-547.7473282976009,96.4795385485748,0.0,-3.3956325113725843,-0.0005553897685761644,0.0
3131.0,-548.7164833005794,96.7314129739222,0.0,-3.3961123577341565,-0.0005507645790632866,0.0
3132.0,-549.6854351458568,96.98376011485648,0.0,-3.3966484597042146,-0.0005754827327252139,0.0
3133.0,-550.654168759036,97.2366341726019,0.0,-3.3972408315935154,-0.0006217644224807574,0.0
3134.0,-551.6226690657205,97.49008934838265,0.0,-3.3978894878088903,-0.0006768344101393581,0.0
3135.0,-552.5909209915138,97.74417984342301,0.0,-3.3985944427973784,-0.0007331402806196913,0.0
3136.0,-553.558909462019,97.9989598589472,0.0,-3.3993557109844303,-0.0007894603930002869,0.0
3137.0,-554.5266194028395,98.25448359617944,0.0,-3.400173306707093,-0.0008457946117837852,0.0
3138.0,-555.4940357395786,98.510805256344,0.0,-3.4010472441415986,-0.0009021427263482539,0.0
3139.0,-556.4611433978397,98.76797904066508,0.0,-3.401977537225448,-0.0009585044455018604,0.0
3140.0,-557.427927303226,99.02605915036692,0.0,-3.402964199574286,-0.001014879392044873,0.0
3141.0,-558.3943723813411,99.28509978667375,0.0,-3.404007244393093,-0.0010712670973193536,0.0
3142.0,-559.3604635577882,99.54515515080983,0.0,-3.4051066843820514,-0.0011276669957480032,0.0
3143.0,-560.3261857581704,99.80627944399939,0.0,-3.4062625316367834,-0.0011840784193694845,0.0
3144.0,-561.2915239080912,100.06852686746662,0.0,-3.4074747975433684,-0.0012405005923829457,0.0
3145.0,-562.256462933154,100.3319516224358,0.0,-3.4087434926677944,-0.0012969326256801392,0.0
3146.0,-563.220987758962,100.59660791013115,0.0,-3.4100686266397244,-0.001353373511386424,0.0
3147.0,-564.1850833111187,100.8625499317769,0.0,-3.4114502080311824,-0.0014098221174078263,0.0
3148.0,-565.1487345152274,101.1298318885973,0.0,-3.4128882442295576,-0.0014662771819785115,0.0
3149.0,-566.1119262968913,101.39850798181655,0.0,-3.4143827413051087,-0.0015227373082380108,0.0
3150.0,-567.0746435817138,101.66863241265894,0.0,-3.415933703873136,-0.0015792009588033093,0.0
3151.0,-568.036871295298,101.94025938234864,0.0,-3.417541134950725,-0.0016356664503494678,0.0
3152.0,-568.9985943632478,102.21344309210994,0.0,-3.4192050358081367,-0.0016921319482477515,0.0
3153.0,-569.9597977111661,102.48823774316703,0.0,-3.4209254058147143,-0.0017485954612156565,0.0
3154.0,-570.9204662646562,102.76469753674417,0.0,-3.422702242279439,-0.001805054835985333,0.0
3155.0,-571.8805849493215,103.0428766740656,0.0,-3.4245355402861937,-0.0018615077520222542,0.0
3156.0,-572.8401386907656,103.32282935635554,0.0,-3.426425292523941,-0.0019179517162691362,0.0
3157.0,-573.7991124145914,103.60460978483823,0.0,-3.428371489111323,-0.0019743840579627492,0.0
3158.0,-574.7574910464026,103.88827216073788,0.0,-3.430374117416333,-0.0020308019235071623,0.0
3159.0,-575.7152595118023,104.17387068527876,0.0,-3.4324331618708404,-0.0020872022713750277,0.0
3160.0,-576.6724027363938,104.4614595596851,0.0,-3.4345486037797786,-0.0021435818671056467,0.0
3161.0,-577.6289056457806,104.7510929851811,0.0,-3.436720421125853,-0.002199937278377227,0.0
3162.0,-578.5847531655659,105.04282516299104,0.0,-3.4389485883688797,-0.0022562648701424264,0.0
3163.0,-579.5399302213532,105.33671029433913,0.0,-3.4412330762405055,-0.002312212714415983,0.0
3164.0,-580.4944217387457,105.6328025804496,0.0,-3.4435738515342376,-0.0023651954224029087,0.0
3165.0,-581.4482126433467,105.93115622254668,0.0,-3.4459708768906996,-0.0024104568421485146,0.0
3166.0,-582.4012878607595,106.23182542185464,0.0,-3.448424110578468,-0.002444841993152171,0.0
3167.0,-583.3536323165876,106.53486437959768,0.0,-3.450928633073975,-0.0024677186377351896,0.0
3168.0,-584.3052332277447,106.84031780329128,0.0,-3.4534531277452976,-0.0024790914862188158,0.0
3169.0,-585.2560902251514,107.14817896484088,0.0,-3.4559622775395145,-0.002478966513976293,0.0
3170.0,-586.2062071243363,107.45842379784298,0.0,-3.458447174974001,-0.002467698586111749,0.0
3171.0,-587.1555877440286,107.77102822263097,0.0,-3.4609078137290346,-0.002447876646744459,0.0
3172.0,-588.1042359029582,108.08596815953818,0.0,-3.463344195502966,-0.002424261043539877,0.0
3173.0,-589.0521554198544,108.40321952889798,0.0,-3.4657563231618695,-0.0024000116160636242,0.0
3174.0,-589.9993501134472,108.72275825104373,0.0,-3.4681442006961376,-0.0023757661480847043,0.0
3175.0,-590.9458238024658,109.04456024630878,0.0,-3.470507833177557,-0.0023515261868220106,0.0
3176.0,-591.8915803056401,109.36860143502646,0.0,-3.472847226716813,-0.002327292751057649,0.0
3177.0,-592.8366234416997,109.69485773753017,0.0,-3.475162388421593,-0.002303066817749531,0.0
3178.0,-593.7809570293738,110.02330507415327,0.0,-3.4774533263546283,-0.0022788493224834877,0.0
3179.0,-594.7245848873926,110.35391936522907,0.0,-3.4797200494928804,-0.002254641159943433,0.0
3180.0,-595.6675108344851,110.68667653109097,0.0,-3.4819625676867623,-0.002230443184358023,0.0
3181.0,-596.6097386893813,111.02155249207229,0.0,-3.4841808916197383,-0.0022062562099760858,0.0
3182.0,-597.5512722708105,111.35852316850642,0.0,-3.4863750327687253,-0.0021820810115498507,0.0
3183.0,-598.4921153975026,111.6975644807267,0.0,-3.488545003364853,-0.0021579183247919516,0.0
3184.0,-599.432271888187,112.0386523490665,0.0,-3.4906908163545656,-0.002133768846876168,0.0
3185.0,-600.3717455615933,112.38176269385914,0.0,-3.492812485361321,-0.00210963323693306,0.0
3186.0,-601.3105402364513,112.72687143543804,0.0,-3.4949100246478855,-0.0020855121165170537,0.0
3187.0,-602.2486597314903,113.07395449413649,0.0,-3.4969834490788445,-0.002061406070106361,0.0
3188.0,-603.1861078654401,113.42298779028788,0.0,-3.4990327740839224,-0.0020373156456138398,0.0
3189.0,-604.1228884570303,113.77394724422555,0.0,-3.501058015621604,-0.0020132413548728284,0.0
3190.0,-605.0590053249903,114.1268087762829,0.0,-3.503059190143213,-0.0019891836741398527,0.0
3191.0,-605.9944622880498,114.48154830679324,0.0,-3.5050363145576946,-0.0019651430445950845,0.0
3192.0,-606.9292631649384,114.83814175608994,0.0,-3.506989406196786,-0.0019411198728319806,0.0
3193.0,-607.8634117743859,115.19656504450636,0.0,-3.5089184827806403,-0.001917114531374331,0.0
3194.0,-608.7969119351217,115.55679409237585,0.0,-3.5108235623840476,-0.0018931273591832173,0.0
3195.0,-609.7297674658753,115.91880482003177,0.0,-3.5127046634030505,-0.001869158662133425,0.0
3196.0,-610.6619821853764,116.28257314780748,0.0,-3.5145618045221236,-0.0018452087135207218,0.0
3197.0,-611.5935599123546,116.64807499603634,0.0,-3.516395004681934,-0.0018212777545788062,0.0
3198.0,-612.5245044655396,117.0152862850517,0.0,-3.5182042830475386,-0.0017973659949565488,0.0
3199.0,-613.4548196636607,117.38418293518693,0.0,-3.51998965897681,-0.0017734736132183507,0.0
3200.0,-614.3845093254479,117.75474086677534,0.0,-3.5217511519899065,-0.0017496007573469174,0.0
3201.0,-615.3135772696305,118.12693600015034,0.0,-3.5234887817388847,-0.0017257475452145637,0.0
3202.0,-616.2420273149381,118.50074425564526,0.0,-3.525202567977605,-0.0017019140650934097,0.0
3203.0,-617.1698632801005,118.87614155359347,0.0,-3.526892530532626,-0.00167810037614226,0.0
3204.0,-618.0970889838471,119.25310381432834,0.0,-3.5285586892742886,-0.0016543065088558961,0.0
3205.0,-619.0237082449075,119.63160695818318,0.0,-3.530201064088188,-0.0016305324655756515,0.0
3206.0,-619.9497248820117,120.01162690549138,0.0,-3.531819674847468,-0.0016067783903279357,0.0
3207.0,-620.8751427138886,120.39313957658628,0.0,-3.53341454138524,-0.0015839784130370505,0.0
3208.0,-621.7999655592683,120.77612089180127,0.0,-3.534985683467534,-0.0015671230857901008,0.0
3209.0,-622.7241972368803,121.16054677146967,0.0,-3.536533120767015,-0.0015640447498430313,0.0
3210.0,-623.6478415654541,121.54639313592484,0.0,-3.538056875207807,-0.0015791733750715028,0.0
3211.0,-624.5709023616791,121.93363590979195,0.0,-3.539570042381626,-0.0016131658604540927,0.0
3212.0,-625.4933721935893,122.32227468131042,0.0,-3.541129434181912,-0.0016660278264884238,0.0
3213.0,-626.4152060198612,122.71238815691318,0.0,-3.5427879312515467,-0.0017377651268475664,0.0
3214.0,-627.3363509482772,123.10407155883244,0.0,-3.5445547122321623,-0.001827449911819347,0.0
3215.0,-628.2567540866195,123.49742010930034,0.0,-3.5464298346669687,-0.0019300980940280621,0.0
3216.0,-629.1763625426702,123.89252903054901,0.0,-3.548413359138418,-0.0020378838776732777,0.0
3217.0,-630.0951234242116,124.28949354481064,0.0,-3.55050534861227,-0.0021463838095686794,0.0
3218.0,-631.0129838390259,124.68840887431737,0.0,-3.552705867742634,-0.0022549473633663676,0.0
3219.0,-631.9298908948953,125.08937024130141,0.0,-3.5550149821372967,-0.0023635750260061,0.0
3220.0,-632.845791699602,125.49247286799485,0.0,-3.557432757583588,-0.0024722664897167046,0.0
3221.0,-633.7606333609284,125.89781197662988,0.0,-3.5599592592340827,-0.0025810206119980528,0.0
3222.0,-634.6743629866568,126.30548278943867,0.0,-3.5625945507521775,-0.002689835375446029,0.0
3223.0,-635.5869276845691,126.71558052865335,0.0,-3.565338693417295,-0.002798707847419931,0.0
3224.0,-636.4982745624476,127.12820041650609,0.0,-3.568191745189427,-0.0029076341396201727,0.0
3225.0,-637.4083507280747,127.54343767522907,0.0,-3.5711537597334497,-0.0030166093676727685,0.0
3226.0,-638.3171032892325,127.96138752705441,0.0,-3.5742247854027256,-0.0031256276107398673,0.0
3227.0,-639.2244793537033,128.3821451942143,0.0,-3.577404864182038,-0.003234681871259827,0.0
3228.0,-640.1304260292692,128.80580589894086,0.0,-3.580694030590315,-0.003343764034921521,0.0
3229.0,-641.0348904237127,129.2324648634663,0.0,-3.584092310543364,-0.003452864830917462,0.0
3230.0,-641.9378196448156,129.66221731002275,0.0,-3.5875997201764664,-0.003561973792602924,0.0
3231.0,-642.8391608003604,130.0951584608424,0.0,-3.591216264627893,-0.00367107921873368,0.0
3232.0,-643.7388609981294,130.53138353815734,0.0,-3.594941936783885,-0.003780168135346048,0.0
3233.0,-644.6368673459048,130.97098776419978,0.0,-3.5987767159851347,-0.0038892262584270094,0.0
3234.0,-645.5331269514685,131.4140663612019,0.0,-3.6027205666960698,-0.00399823795756103,0.0
3235.0,-646.4275869226032,131.86071455139577,0.0,-3.6067734371385547,-0.00410708292772588,0.0
3236.0,-647.3201943670907,132.31102755701366,0.0,-3.610935257889969,-0.004213112005763512,0.0
3237.0,-648.2108963927136,132.76510060028764,0.0,-3.6152059404478396,-0.004308909071536851,0.0
3238.0,-649.0996401072538,133.22302890344994,0.0,-3.6195853757623744,-0.004387041400209814,0.0
3239.0,-649.9863726184936,133.68490768873264,0.0,-3.624071986637566,-0.004444857605068472,0.0
3240.0,-650.8710420796419,134.15082946156664,0.0,-3.628630234212143,-0.0044822726780088095,0.0
3241.0,-651.7536211958023,134.6208229231576,0.0,-3.6331917754705776,-0.0044993138960605075,0.0
3242.0,-652.6341075090381,135.09485222967498,0.0,-3.6377208079669843,-0.0044961154406052885,0.0
3243.0,-653.5124996638546,135.57287867231855,0.0,-3.642215893532498,-0.004475342739752268,0.0
3244.0,-654.3887963047564,136.05486354228816,0.0,-3.646677122297434,-0.004444430731819754,0.0
3245.0,-655.262996076249,136.5407681307836,0.0,-3.651104588457627,-0.004410833683207287,0.0
3246.0,-656.1350976228371,137.03055372900468,0.0,-3.6554983901107874,-0.004377227421203215,0.0
3247.0,-657.005099589026,137.52418162815118,0.0,-3.6598586290954533,-0.004343724474479631,0.0
3248.0,-657.8730006193208,138.02161311942294,0.0,-3.6641854108327436,-0.00431032835256695,0.0
3249.0,-658.7387993582261,138.52280949401975,0.0,-3.6684788441697203,-0.004277042410418723,0.0
3250.0,-659.6024944502473,139.02773204314138,0.0,-3.672739041226607,-0.004243869851038401,0.0
3251.0,-660.4640845398893,139.53634205798772,0.0,-3.6769661172460397,-0.0042108137281371095,0.0
3252.0,-661.3235682716573,140.04860082975847,0.0,-3.6811601904449587,-0.004177876948845987,0.0
3253.0,-662.1809442900561,140.56446964965352,0.0,-3.685321381869318,-0.004145062276408064,0.0
3254.0,-663.036211239591,141.08390980887268,0.0,-3.6894498152514603,-0.0041123723328818475,0.0
3255.0,-663.8893677647669,141.60688259861564,0.0,-3.693545616870656,-0.004079809601898703,0.0
3256.0,-664.7404125100888,142.13334931008234,0.0,-3.6976089154156515,-0.0040473764314111595,0.0
3257.0,-665.5893441200618,142.66327123447255,0.0,-3.7016398418503886,-0.004015075036435008,0.0
3258.0,-666.4361612391908,143.196609662986,0.0,-3.705638529282604,-0.003982907501768202,0.0
3259.0,-667.2808625119811,143.73332588682257,0.0,-3.7096051128349763,-0.003950875784730888,0.0
3260.0,-668.1234465829377,144.27338119718206,0.0,-3.7135397295190566,-0.003918981717941662,0.0
3261.0,-668.9639120965654,144.81673688526422,0.0,-3.717442518111812,-0.003887227012019505,0.0
3262.0,-669.8022576973694,145.36335424226894,0.0,-3.7213136190350595,-0.0038556728690462,0.0
3263.0,-670.6384820298547,145.91319455939598,0.0,-3.7251531742374806,-0.003824695956659209,0.0
3264.0,-671.4725837385266,146.4662191278451,0.0,-3.728961327079743,-0.0037949337324765554,0.0
3265.0,-672.3045614678897,147.0223892388162,0.0,-3.732738222221523,-0.003766768359532602,0.0
3266.0,-673.1344138624492,147.58166618350904,0.0,-3.736484840062704,-0.0037402520800097366,0.0
3267.0,-673.9621401630061,148.1440136733421,0.0,-3.7402057456845577,-0.0037153674220875565,0.0
3268.0,-674.7877421911546,148.70940589454094,0.0,-3.7439055742009826,-0.0036920969918552426,0.0
3269.0,-675.6112224665345,149.2778198665275,0.0,-3.747585319979345,-0.003670363872881094,0.0
3270.0,-676.432583508798,149.8492326087711,0.0,-3.7512450024133313,-0.0036497756636275,0.0
3271.0,-677.251827837596,150.42362114074123,0.0,-3.754884642813118,-0.0036296791641941308,0.0
3272.0,-678.0689579725807,151.00096248190732,0.0,-3.758504264374121,-0.0036096764717318103,0.0
3273.0,-678.8839764334035,151.5812336517387,0.0,-3.7621038921304413,-0.0035896996171777156,0.0
3274.0,-679.6968857397161,152.16441166970486,0.0,-3.7656835529076056,-0.003569750368568325,0.0
3275.0,-680.5076884111704,152.75047355527522,0.0,-3.7692432752766525,-0.00354983044897745,0.0
3276.0,-681.3163869674178,153.33939632791913,0.0,-3.7727830895079206,-0.003529941535696381,0.0
3277.0,-682.1229839281099,153.931157007106,0.0,-3.776303027525244,-0.003510085260647206,0.0
3278.0,-682.9274818128986,154.5257326123053,0.0,-3.779803122861162,-0.0034902632107559144,0.0
3279.0,-683.7298831414354,155.12310016298645,0.0,-3.7832834106117614,-0.0034704769283799204,0.0
3280.0,-684.5301904333721,155.72323667861878,0.0,-3.7867439273925503,-0.00345072791181078,0.0
3281.0,-685.3284062083602,156.32611917867175,0.0,-3.7901847112945575,-0.0034310176156374817,0.0
3282.0,-686.1245329860512,156.93172468261486,0.0,-3.7936058018402834,-0.003411347451217406,0.0
3283.0,-686.9185732860974,157.54003020991738,0.0,-3.7970072399416086,-0.0033917187871814747,0.0
3284.0,-687.7105296281499,158.15101278004877,0.0,-3.8003890678569068,-0.0033721329498659675,0.0
3285.0,-688.5004045318603,158.76464941247852,0.0,-3.8037513291484237,-0.003352591223845934,0.0
3286.0,-689.2882005168807,159.38091712667594,0.0,-3.8070940686415433,-0.0033330948524000602,0.0
3287.0,-690.0739201028623,159.99979294211045,0.0,-3.810417332383309,-0.003313645037972141,0.0
3288.0,-690.8575658094572,160.62125387825157,0.0,-3.8137211676019223,-0.0032942536195179613,0.0
3289.0,-691.6391401563168,161.2452769545686,0.0,-3.8170056226667617,-0.003275027676689238,0.0
3290.0,-692.4186456630928,161.87183919053098,0.0,-3.820270747048731,-0.0032561860316934043,0.0
3291.0,-693.1960848494368,162.50091760560818,0.0,-3.823516591281394,-0.0032378875727307067,0.0
3292.0,-693.9714602350006,163.13248921926953,0.0,-3.8267433563971878,-0.0032201630164776507,0.0
3293.0,-694.7447746794144,163.76653171490935,0.0,-3.8299524288664286,-0.0032030017699286196,0.0
3294.0,-695.5160337661689,164.40302809519238,0.0,-3.8331455766021314,-0.003186393038728014,0.0
3295.0,-696.2852443874352,165.041963918431,0.0,-3.83632334940133,-0.0031703154119099137,0.0
3296.0,-697.052413443692,165.68332475916037,0.0,-3.8394857230980413,-0.0031546522606325906,0.0
3297.0,-697.8175478354179,166.32709619191596,0.0,-3.8426326713964523,-0.0031391752391833577,0.0
3298.0,-698.5806544630918,166.9732637912329,0.0,-3.8457641694758653,-0.0031237159643517916,0.0
3299.0,-699.341740227192,167.6218131316466,0.0,-3.8488801939694555,-0.00310823425563776,0.0
3300.0,-700.1008120281972,168.27272978769236,0.0,-3.851980722943017,-0.0030927312760359784,0.0
3301.0,-700.8578767665862,168.92599933390545,0.0,-3.85506573587411,-0.003077208426205085,0.0
3302.0,-701.6129413428374,169.58160734482115,0.0,-3.8581352136302764,-0.0030616670854189793,0.0
3303.0,-702.3660126574299,170.23953939497477,0.0,-3.8611891384480233,-0.003046108611524133,0.0
3304.0,-703.1170976108418,170.89978105890162,0.0,-3.864227493910974,-0.003030534340846452,0.0
3305.0,-703.866203103552,171.56231791113703,0.0,-3.8672502649282148,-0.003014945588114136,0.0
3306.0,-704.6133360360391,172.22713552621624,0.0,-3.8702574377129717,-0.002999343646417994,0.0
3307.0,-705.3585033087818,172.8942194786746,0.0,-3.873248999760839,-0.0029837297871890818,0.0
3308.0,-706.1017118222587,173.5635553430474,0.0,-3.8762249398281385,-0.0029681052601913745,0.0
3309.0,-706.8429684769483,174.2351286938699,0.0,-3.8791852479098456,-0.0029524712934948356,0.0
3310.0,-707.5822801733294,174.90892510567747,0.0,-3.882129915218306,-0.0029368290934393172,0.0
3311.0,-708.3196538118806,175.58493015300536,0.0,-3.8850589341613384,-0.0029211798446574983,0.0
3312.0,-709.0550962930806,176.26312941038887,0.0,-3.8879722983205296,-0.0029055247101315014,0.0
3313.0,-709.788614517408,176.94350845236335,0.0,-3.8908700024295846,-0.0028898648311811276,0.0
3314.0,-710.5202153853412,177.62605285346405,0.0,-3.8937520423523764,-0.002874201327477526,0.0
3315.0,-711.2499057973592,178.31074818822626,0.0,-3.896618415061806,-0.0028585352971073337,0.0
3316.0,-711.9776926539406,178.99758003118532,0.0,-3.8994691186180193,-0.0028428678166295207,0.0
3317.0,-712.7035828555638,179.6865339568765,0.0,-3.902304152146668,-0.0028271999411448546,0.0
3318.0,-713.4275833027076,180.37759553983517,0.0,-3.9051235158176616,-0.0028120234752487976,0.0
3319.0,-714.1497008958505,181.0707503545965,0.0,-3.907927210823709,-0.0028004267508572322,0.0
3320.0,-714.8699425354715,181.76598397569592,0.0,-3.9107152393592184,-0.0027976821442816657,0.0
3321.0,-715.5883151220488,182.46328197766863,0.0,-3.9134876045987705,-0.0028070390704058672,0.0
3322.0,-716.3048255560612,183.16262993505,0.0,-3.916251181468895,-0.002829082324592891,0.0
3323.0,-717.019468922486,183.86402111082282,0.0,-3.9190423267229315,-0.002863833448365906,0.0
3324.0,-717.7321896597032,184.56748172414206,0.0,-3.921898494061699,-0.002911314211789806,0.0
3325.0,-718.4429186385679,185.27304682266694,0.0,-3.9248277208883127,-0.0029710557842748436,0.0
3326.0,-719.1515867297802,185.98075145415766,0.0,-3.9278301582973585,-0.003039992889907734,0.0
3327.0,-719.8581248040394,186.69063066637443,0.0,-3.9309059601626917,-0.0031128762214438495,0.0
3328.0,-720.5624637320459,187.40271950707748,0.0,-3.9340552827603545,-0.0031864793750085198,0.0
3329.0,-721.2645343844994,188.11705302402697,0.0,-3.9372782842871588,-0.0032602404348240905,0.0
3330.0,-721.9642676320996,188.83366626498312,0.0,-3.940575124363376,-0.003334160531908032,0.0
3331.0,-722.6615943455465,189.5525942777061,0.0,-3.9439459635214686,-0.003408240283726391,0.0
3332.0,-723.3564453955398,190.27387210995622,0.0,-3.9473909626786625,-0.0034824797722232998,0.0
3333.0,-724.0487516527797,190.99753480949352,0.0,-3.950910282594546,-0.003556878528049978,0.0
3334.0,-724.7384439879658,191.72361742407833,0.0,-3.9545040833122167,-0.0036314355145148675,0.0
3335.0,-725.4254532717979,192.45215500147077,0.0,-3.958172523582999,-0.0037061491113220706,0.0
3336.0,-726.1097103749761,193.18318258943114,0.0,-3.9619157602756405,-0.003781017098026045,0.0
3337.0,-726.7911461681999,193.91673523571956,0.0,-3.965733947767594,-0.0038560366373103145,0.0
3338.0,-727.4696915221696,194.6528479880962,0.0,-3.969627237320459,-0.003931204258198611,0.0
3339.0,-728.1452773075848,195.39155589432136,0.0,-3.9735957764381813,-0.004006515839046384,0.0
3340.0,-728.8178343951453,196.1328940021552,0.0,-3.9776397082073918,-0.004081966590471632,0.0
3341.0,-729.4872936555511,196.8768973593579,0.0,-3.9817591706217152,-0.004157551038265681,0.0
3342.0,-730.1535859595019,197.6236010136897,0.0,-3.985954295888281,-0.004233263006287378,0.0
3343.0,-730.8166421776979,198.37304001291076,0.0,-3.990225209717008,-0.0043090955994390225,0.0
3344.0,-731.4763931808385,199.12524940478136,0.0,-3.9945720305928294,-0.004385041186696137,0.0
3345.0,-732.1327698396238,199.8802642370616,0.0,-3.998994869030943,-0.004461091384343157,0.0
3346.0,-732.7857030247538,200.63811955751171,0.0,-4.0034938268157205,-0.0045372370394024366,0.0
3347.0,-733.4351236069281,201.39885041389195,0.0,-4.008068996221999,-0.004613468213331069,0.0
3348.0,-734.0809624568466,202.16249185396248,0.0,-4.012720459220854,-0.004689774166140026,0.0
3349.0,-734.7231504452094,202.92907892548348,0.0,-4.017448286669946,-0.004766143340823321,0.0
3350.0,-735.3616184427159,203.69864667621516,0.0,-4.022252537486977,-0.004842563348346778,0.0
3351.0,-735.9962973200664,204.47123015391776,0.0,-4.027133257809496,-0.0049190209532581665,0.0
3352.0,-736.6271179479606,205.24686440635148,0.0,-4.032090480140237,-0.004994922031764088,0.0
3353.0,-737.2540111970983,206.02558448127647,0.0,-4.037124222477953,-0.005064930245631023,0.0
3354.0,-737.8769079381794,206.80742542645297,0.0,-4.042234487436621,-0.005118307540983047,0.0
3355.0,-738.4957390419038,207.59242228964115,0.0,-4.047421261351846,-0.005147228354664206,0.0
3356.0,-739.1104353789714,208.38061011860128,0.0,-4.052676392983652,-0.00514983861157235,0.0
3357.0,-739.7209410426461,209.17201452207846,0.0,-4.0579334546121055,-0.00512611385185226,0.0
3358.0,-740.3272949573703,209.96659341295316,0.0,-4.063108646258129,-0.005076043140430578,0.0
3359.0,-740.9295774454133,210.76427515199316,0.0,-4.068176288656902,-0.005000201402451308,0.0
3360.0,-741.5278690017565,211.56498797667408,0.0,-4.073136154523301,-0.00490391062729069,0.0
3361.0,-742.1222501213819,212.36866012447146,0.0,-4.077988149317205,-0.004797899254476855,0.0
3362.0,-742.7128012992715,213.1752198328609,0.0,-4.08273220343729,-0.004689987858867032,0.0
3363.0,-743.2996030304068,213.984595339318,0.0,-4.087368270532526,-0.004582030051906192,0.0
3364.0,-743.8827358097698,214.79671488131828,0.0,-4.091896325845301,-0.004474054260141992,0.0
3365.0,-744.4622801323421,215.6115066963374,0.0,-4.09631636458761,-0.004366079728609965,0.0
3366.0,-745.038316493106,216.42889902185084,0.0,-4.10062840035156,-0.004258124133600129,0.0
3367.0,-745.6109253870427,217.24882009533428,0.0,-4.104832463555329,-0.0041502036189906555,0.0
3368.0,-746.1801873091345,218.07119815426324,0.0,-4.1089285999271645,-0.004042332833740479,0.0
3369.0,-746.7461827543628,218.89596143611334,0.0,-4.11291686902787,-0.003934524970435671,0.0
3370.0,-747.3089922177099,219.7230381783601,0.0,-4.116797342812347,-0.0038267918047319833,0.0
3371.0,-747.8686961941572,220.55235661847917,0.0,-4.120570104231349,-0.0037191437354737416,0.0
3372.0,-748.4253751786867,221.38384499394607,0.0,-4.124235245873929,-0.003611589825261583,0.0
3373.0,-748.9791096662802,222.21743154223643,0.0,-4.1277928686513405,-0.0035041378414295866,0.0
3374.0,-749.5299801519196,223.05304450082582,0.0,-4.131243080521797,-0.003396794297331608,0.0
3375.0,-750.0780671305866,223.89061210718975,0.0,-4.134585995257329,-0.0032895644936644175,0.0
3376.0,-750.6234510972629,224.73006259880393,0.0,-4.137821731251368,-0.0031824525597719928,0.0
3377.0,-751.1662125469305,225.57132421314384,0.0,-4.140950410368864,-0.0030754614949267834,0.0
3378.0,-751.7064319745713,226.41432518768508,0.0,-4.143972156837474,-0.0029685932093973045,0.0
3379.0,-752.2441898751669,227.25899375990323,0.0,-4.146887096179105,-0.0028629074024088775,0.0
3380.0,-752.7795667436991,228.10525816727392,0.0,-4.149695354182972,-0.0027648492009319115,0.0
3381.0,-753.3126430751499,228.95304664727263,0.0,-4.15239705591914,-0.002685237728862866,0.0
3382.0,-753.8434993645011,229.80228743737507,0.0,-4.154992324791548,-0.002630612063589309,0.0
3383.0,-754.3722161067344,230.6529087750567,0.0,-4.157496105350873,-0.0026020792751987793,0.0
3384.0,-754.898848220009,231.5048539959909,0.0,-4.159983925082406,-0.0025996416691571917,0.0
3385.0,-755.423346092982,232.3581281404308,0.0,-4.162531970328013,-0.0026233021942725994,0.0
3386.0,-755.9456334143674,233.21275200981407,0.0,-4.165155851578817,-0.00267200567293597,0.0
3387.0,-756.4656338728701,234.06874640558382,0.0,-4.1678557086360435,-0.002739311261962918,0.0
3388.0,-756.9832711571943,234.9261321291833,0.0,-4.1706316848342695,-0.0028144039748231797,0.0
3389.0,-757.4984689560448,235.78492998205567,0.0,-4.173483926596235,-0.00289074880836328,0.0
3390.0,-758.0111509581261,236.64516076564416,0.0,-4.17641258296729,-0.0029672427786300304,0.0
3391.0,-758.5212408521427,237.50684528139195,0.0,-4.17941780513347,-0.00304388774501125,0.0
3392.0,-759.0286623267995,238.3700043307423,0.0,-4.182499745924473,-0.00312068506089653,0.0
3393.0,-759.5333390708007,239.23465871513832,0.0,-4.185658559299442,-0.0031976355567592736,0.0
3394.0,-760.0351947728512,240.10082923602332,0.0,-4.188894399816238,-0.0032747395233783116,0.0
3395.0,-760.5341531216555,240.96853669484042,0.0,-4.192207422084232,-0.003351996694716356,0.0
3396.0,-761.030137805918,241.83780189303283,0.0,-4.195597780198824,-0.003429406230522236,0.0
3397.0,-761.5230725143434,242.7086456320438,0.0,-4.199065627159331,-0.0035069666987059506,0.0
3398.0,-762.0128809356363,243.58108871331652,0.0,-4.202611114268725,-0.003584676057480442,0.0
3399.0,-762.4994867585013,244.45515193829414,0.0,-4.206234390515247,-0.0036625316373346856,0.0
3400.0,-762.982813671643,245.3308561084199,0.0,-4.20993560193598,-0.003740530122788156,0.0
3401.0,-763.4627853637659,246.20822202513702,0.0,-4.213714890961584,-0.003818667534048168,0.0
3402.0,-763.9393255235748,247.08727048988868,0.0,-4.217572395743613,-0.0038969392085843597,0.0
3403.0,-764.4123578397739,247.96802230411808,0.0,-4.221508249462129,-0.003975339782616327,0.0
3404.0,-764.8818060010681,248.85049826926843,0.0,-4.22552257961506,-0.0040538631726555,0.0
3405.0,-765.3475936961619,249.73471918678294,0.0,-4.229615507289671,-0.004132502557055519,0.0
3406.0,-765.8096446137598,250.6207058581048,0.0,-4.233787146414483,-0.004211242968870924,0.0
3407.0,-766.2678824425665,251.5084790846772,0.0,-4.238037602993373,-0.004288475285211669,0.0
3408.0,-766.7222308712865,252.39805966794336,0.0,-4.242366974321368,-0.0043574569350511684,0.0
3409.0,-767.1726135886245,253.28946840934648,0.0,-4.246775348182606,-0.004408991563042404,0.0
3410.0,-767.6189542832849,254.18272611032978,0.0,-4.251262698587329,-0.00443852199341066,0.0
3411.0,-768.0611768397079,255.07785350203636,0.0,-4.255806784482823,-0.004445520389131882,0.0
3412.0,-768.4992471277876,255.97485623616365,0.0,-4.260335699512623,-0.004429944358918382,0.0
3413.0,-768.9332249340804,256.8737062334132,0.0,-4.264792836074124,-0.004391762918926543,0.0
3414.0,-769.3631827902049,257.77437083698493,0.0,-4.269171221241481,-0.004332542495774304,0.0
3415.0,-769.7891932277797,258.67681739007884,0.0,-4.273470641521106,-0.004258986214355355,0.0
3416.0,-770.211328778424,259.58101323589494,0.0,-4.277690902007725,-0.004180254233099121,0.0
3417.0,-770.6296619737561,260.48692571763326,0.0,-4.281831825627181,-0.004100870782839573,0.0
3418.0,-771.0442653453953,261.3945221784937,0.0,-4.285893252383811,-0.0040213340140523735,0.0
3419.0,-771.4552114249599,262.30376996167627,0.0,-4.28987503861261,-0.00394165990014983,0.0
3420.0,-771.862572744069,263.21463641038093,0.0,-4.293777056237524,-0.0038618636788309807,0.0
3421.0,-772.2664218343413,264.1270888678077,0.0,-4.2975991920378345,-0.0037819598597520327,0.0
3422.0,-772.6668312273953,265.04109467715665,0.0,-4.301341346921486,-0.003701962233222389,0.0
3423.0,-773.0638734548502,265.95662118162755,0.0,-4.305003435209443,-0.003621883879807949,0.0
3424.0,-773.4576210483244,266.8736357244206,0.0,-4.308585383929097,-0.003541737180701419,0.0
3425.0,-773.8481465394369,267.7921056487356,0.0,-4.312087132118424,-0.003461533828950155,0.0
3426.0,-774.2355224598066,268.7119982977727,0.0,-4.315508630143111,-0.003381284841310236,0.0
3427.0,-774.6198213410519,269.63328101473184,0.0,-4.318849839024335,-0.0033010005707385026,0.0
3428.0,-775.0011157147919,270.55592114281285,0.0,-4.322110729780844,-0.0032206907195162188,0.0
3429.0,-775.3794781126452,271.479886025216,0.0,-4.325291282783779,-0.0031403643528064807,0.0
3430.0,-775.7549810662307,272.405143005141,0.0,-4.328391487125494,-0.003060029912741426,0.0
3431.0,-776.1276971071671,273.33165942578796,0.0,-4.331411340003386,-0.002979695232918062,0.0
3432.0,-776.4976987670732,274.2594026303569,0.0,-4.3343508461173625,-0.0028993675532031278,0.0
3433.0,-776.8650585775678,275.1883399620478,0.0,-4.337210017083463,-0.0028190535348935337,0.0
3434.0,-777.2298490702696,276.11843876406056,0.0,-4.339988870862363,-0.0027387592761372987,0.0
3435.0,-777.5921427767975,277.0496663795952,0.0,-4.342687431203669,-0.0026584903276025374,0.0
3436.0,-777.9520122287701,277.9819901518517,0.0,-4.3453057271057975,-0.002578251708310957,0.0
3437.0,-778.3095299578063,278.91537742403005,0.0,-4.347843792291984,-0.002498047921627349,0.0
3438.0,-778.6647684955249,279.8497955393303,0.0,-4.350301664702817,-0.0024178829714231066,0.0
3439.0,-779.0178003735446,280.78521184095234,0.0,-4.352679386004366,-0.002337760378268161,0.0
3440.0,-779.368698123484,281.72159367209616,0.0,-4.354977001112813,-0.002257683195719665,0.0
3441.0,-779.7175342769623,282.65890837596186,0.0,-4.357194557735796,-0.0021776540266633987,0.0
3442.0,-780.0643813655981,283.59712329574927,0.0,-4.359332105930159,-0.0020976750396308748,0.0
3443.0,-780.40931192101,284.5362057746585,0.0,-4.361389697675062,-0.002017747985187882,0.0
3444.0,-780.7523984748171,285.47612315588947,0.0,-4.363367386462795,-0.001937874212225957,0.0
3445.0,-781.0937135586379,286.41684278264216,0.0,-4.365265226905294,-0.0018580546841969587,0.0
3446.0,-781.4333297040913,287.35833199811657,0.0,-4.367083274356722,-0.0017782899954292195,0.0
3447.0,-781.7713194427961,288.3005581455127,0.0,-4.368821584553087,-0.0016985803872591502,0.0
3448.0,-782.1077553063708,289.24348856803056,0.0,-4.370480213266685,-0.0016189257640706015,0.0
3449.0,-782.4427098264346,290.1870906088701,0.0,-4.372059215978028,-0.00153932570936994,0.0
3450.0,-782.776255534606,291.1313316112312,0.0,-4.373558647563202,-0.0014597795016563378,0.0
3451.0,-783.1084649625037,292.076178918314,0.0,-4.374978561996283,-0.0013802861302286218,0.0
3452.0,-783.4394106417468,293.0215998733185,0.0,-4.3763190120687945,-0.0013008443109237306,0.0
3453.0,-783.7691651039539,293.96756181944454,0.0,-4.377580049124401,-0.0012214525017009465,0.0
3454.0,-784.0978008807438,294.91403209989215,0.0,-4.378761722808598,-0.0011421089181628777,0.0
3455.0,-784.4253905037351,295.86097805786136,0.0,-4.379864080834375,-0.0010628115489179635,0.0
3456.0,-784.7520065045469,296.80836703655217,0.0,-4.38088716876327,-0.000983558170867482,0.0
3457.0,-785.077721414798,297.75616637916454,0.0,-4.3818310298017735,-0.0009043463644261403,0.0
3458.0,-785.4026077661068,298.7043434288985,0.0,-4.382695704611992,-0.0008251735285815798,0.0
3459.0,-785.7267380900922,299.6528655289539,0.0,-4.383481231137937,-0.000746036895879154,0.0
3460.0,-786.0501849183731,300.6017000225308,0.0,-4.384187644447403,-0.0006669335473121127,0.0
3461.0,-786.3730207825682,301.55081425282924,0.0,-4.3848149765875615,-0.0005878604271249976,0.0
3462.0,-786.6953182142962,302.50017556304914,0.0,-4.385363256455554,-0.0005088143575693316,0.0
3463.0,-787.0171497451761,303.4497512963905,0.0,-4.385832509684399,-0.0004297920535248753,0.0
3464.0,-787.3385879068265,304.39950879605334,0.0,-4.386222758543013,-0.00035079013709544374,0.0
3465.0,-787.6597052308663,305.34941540523755,0.0,-4.386534021850502,-0.00027180515214280423,0.0
3466.0,-787.9805742489141,306.2994384671432,0.0,-4.3867663149053975,-0.00019283357873892522,0.0
3467.0,-788.3012674925889,307.2495453249703,0.0,-4.386919649429291,-0.00011387184762165094,0.0
3468.0,-788.6218574935094,308.1997033219187,0.0,-4.38699403352501,-3.4916354591946994e-05,0.0
3469.0,-788.9424167832941,309.1498798011885,0.0,-4.386989471648104,4.403652509748263e-05,0.0
3470.0,-789.2630178935623,310.1000421059797,0.0,-4.3869059645941935,0.0001229904223930386,0.0
3471.0,-789.5837333559323,311.05015757949224,0.0,-4.386743509499922,0.00020194896010293308,0.0
3472.0,-789.9046357020231,312.00019356492606,0.0,-4.38650209985788,0.0002809157384942981,0.0
3473.0,-790.2257974634534,312.9501174054812,0.0,-4.386181725546654,0.00035989432091985767,0.0
3474.0,-790.5472911718421,313.89989644435764,0.0,-4.385782372874531,0.00043888821945893753,0.0
3475.0,-790.8691893588078,314.84949802475535,0.0,-4.385304024638328,0.0005179008804841853,0.0
3476.0,-791.1915645559694,315.79888948987434,0.0,-4.384746660195866,0.0005969356701496231,0.0
3477.0,-791.5144892949457,316.74803818291457,0.0,-4.384110255553554,0.0006759958598862502,0.0
3478.0,-791.8380361073554,317.696911447076,0.0,-4.383394783468137,0.0007550846118730929,0.0
3479.0,-792.1622775248172,318.64547662555873,0.0,-4.382600213562887,0.0008342049643636733,0.0
3480.0,-792.4872860789503,319.59370106156257,0.0,-4.381726512459553,0.0009133598169700971,0.0
3481.0,-792.8131343013729,320.54155209828764,0.0,-4.380773643923225,0.000992551915870126,0.0
3482.0,-793.1398947237042,321.4889970789339,0.0,-4.379741569023411,0.0010717838389303147,0.0
3483.0,-793.4676398775625,322.4360033467013,0.0,-4.378630246309692,0.00115105798079743,0.0
3484.0,-793.7964422945672,323.3825382447898,0.0,-4.3774396320021465,0.0012303765377794968,0.0
3485.0,-794.1263745063367,324.3285691163995,0.0,-4.376169680197362,0.001309741492659785,0.0
3486.0,-794.4575090444897,325.2740633047303,0.0,-4.374820343088637,0.0013891545995202545,0.0
3487.0,-794.7899184406451,326.21898815298215,0.0,-4.373391571202639,0.0014686173683396498,0.0
3488.0,-795.1236752264219,327.1633110043551,0.0,-4.371883313651226,0.001548131049518643,0.0
3489.0,-795.4588519334386,328.1069992020491,0.0,-4.370295518398173,0.0016276966183200892,0.0
3490.0,-795.7955210933139,329.0500200892642,0.0,-4.368628132541646,0.0017073147591737075,0.0
3491.0,-796.133755237667,329.9923410092003,0.0,-4.366881102613437,0.0017869858499659815,0.0
3492.0,-796.4736268981162,330.9339293050574,0.0,-4.365054374892811,0.0018667099461629555,0.0
3493.0,-796.8152086062806,331.87475232003555,0.0,-4.363147895736708,0.0019464867647803275,0.0
3494.0,-797.1585728937788,332.81477739733464,0.0,-4.3611616119261365,0.0020263156683940154,0.0
3495.0,-797.5037922922295,333.7539718801547,0.0,-4.359095471028205,0.002106195649090203,0.0
3496.0,-797.8509393332516,334.69230311169576,0.0,-4.356949421774913,0.0021861253122636344,0.0
3497.0,-798.2000865484641,335.6297384351578,0.0,-4.354723414457982,0.002266102860367436,0.0
3498.0,-798.5513064694856,336.56624519374066,0.0,-4.3524174013395855,0.0023461260766812764,0.0
3499.0,-798.9046716279346,337.5017907306445,0.0,-4.3500313370793995,0.0024261923090597316,0.0
3500.0,-799.2602545554302,338.43634238906924,0.0,-4.347565179178428,0.0025062984536680256,0.0
3501.0,-799.6181277835911,339.3698675122148,0.0,-4.345018888439272,0.0025864409387762626,0.0
3502.0,-799.978363844036,340.30233344328127,0.0,-4.3423924294415315,0.0026663460922842857,0.0
3503.0,-800.3410352683841,341.2337075254686,0.0,-4.33968577103475,0.0027426733529762565,0.0
3504.0,-800.7062145882535,342.16395710197673,0.0,-4.336898886846792,0.002807894739662777,0.0
3505.0,-801.0739743352633,343.09304951600575,0.0,-4.334031755807907,0.0028558628551057985,0.0
3506.0,-801.4443870410323,344.02095211075556,0.0,-4.331088137319098,0.0028848566777027584,0.0
3507.0,-801.8175184709969,344.94763562014725,0.0,-4.328110951997062,0.0028948330673691353,0.0
3508.0,-802.1933642390518,345.8731059329793,0.0,-4.325162589265359,0.00288577226679695,0.0
3509.0,-802.5718784364963,346.7973897461712,0.0,-4.322266648643963,0.0028579259576404503,0.0
3510.0,-802.9530146126239,347.72051402825605,0.0,-4.3194235583444796,0.002814614080790788,0.0
3511.0,-803.3367263167293,348.64250574776696,0.0,-4.316633436593895,0.0027633454013576498,0.0
3512.0,-803.722967098106,349.5633918732372,0.0,-4.313896394325647,0.002710249541443372,0.0
3513.0,-804.1116905060483,350.48319937319985,0.0,-4.311212535394391,0.002657031227717115,0.0
3514.0,-804.5028500898501,351.40195521618807,0.0,-4.3085819567906976,0.002603718827499879,0.0
3515.0,-804.8963993988054,352.31968637073504,0.0,-4.3060047488527164,0.002550318892101317,0.0
3516.0,-805.2922919822083,353.2364198053738,0.0,-4.303480995476399,0.002496837764119369,0.0
3517.0,-805.6904813893531,354.15218248863755,0.0,-4.301010774324005,0.002443281579700164,0.0
3518.0,-806.0909211695334,355.06700138905956,0.0,-4.298594157029371,0.0023896562710419922,0.0
3519.0,-806.4935648720434,355.98090347517274,0.0,-4.296231209400752,0.0023359675689919508,0.0
3520.0,-806.8983660461771,356.8939157155104,0.0,-4.293921991621615,0.0022822210059169857,0.0
3521.0,-807.3052782412285,357.8060650786057,0.0,-4.291666558447671,0.002228421918765504,0.0
3522.0,-807.7142550064917,358.71737853299175,0.0,-4.289464959401155,0.002174575452163374,0.0
3523.0,-808.1252498912609,359.6278830472016,0.0,-4.287317238962073,0.0021206865617296217,0.0
3524.0,-808.5382164448298,360.53760558976853,0.0,-4.285223436755492,0.0020667600175888596,0.0
3525.0,-808.9531082164924,361.44657312922567,0.0,-4.2831835877351665,0.0020128004079362455,0.0
3526.0,-809.3698787555431,362.35481263410617,0.0,-4.28119772236467,0.001958812142792064,0.0
3527.0,-809.7884816112756,363.2623510729431,0.0,-4.279265866793483,0.0019047994578240055,0.0
3528.0,-810.2088703329842,364.1692154142697,0.0,-4.27738804302956,0.001850766418229518,0.0
3529.0,-810.6309984699627,365.07543262661903,0.0,-4.275564269108159,0.0017967169228364657,0.0
3530.0,-811.0548195715052,365.9810296785243,0.0,-4.27379455925598,0.0017426547082361385,0.0
3531.0,-811.4802871869058,366.8860335385187,0.0,-4.27207892405205,0.001688583352976788,0.0
3532.0,-811.9073548654584,367.79047117513517,0.0,-4.270417370583396,0.001634506281859365,0.0
3533.0,-812.3359761564571,368.69436955690713,0.0,-4.26880990259673,0.001580426770257112,0.0
3534.0,-812.7661046091961,369.5977556523676,0.0,-4.267256520646117,0.0015263479485878584,0.0
3535.0,-813.1976937729689,370.5006564300497,0.0,-4.2657572222352504,0.0014722728067934222,0.0
3536.0,-813.6306971970703,371.4030988584866,0.0,-4.264312001956437,0.0014182041988249744,0.0
3537.0,-814.0650684307936,372.30510990621144,0.0,-4.262920851624102,0.0013641448472495757,0.0
3538.0,-814.5007610234334,373.2067165417575,0.0,-4.261583760403697,0.0013100973478292438,0.0
3539.0,-814.9377285242832,374.1079457336577,0.0,-4.2603007149366405,0.0012560641741799572,0.0
3540.0,-815.3759244826374,375.0088244504453,0.0,-4.259071699459936,0.0012020476824803974,0.0
3541.0,-815.8153024477899,375.9093796606535,0.0,-4.257896695921417,0.0011480501161480153,0.0
3542.0,-816.255815969035,376.8096383328154,0.0,-4.256775684090341,0.0010940736105612256,0.0
3543.0,-816.6974185956662,377.70962743546403,0.0,-4.255708641662827,0.0010401201977544414,0.0
3544.0,-817.140063876978,378.6093739371327,0.0,-4.254695544362987,0.000986191811217666,0.0
3545.0,-817.5837053622639,379.50890480635456,0.0,-4.253736366038741,0.00093392591845598,0.0
3546.0,-818.0282966008186,380.4082470116627,0.0,-4.25283107875374,0.000908641929980509,0.0
3547.0,-818.4737911419359,381.3074275215902,0.0,-4.251979652874274,0.0009718832901562153,0.0
3548.0,-818.9201425349095,382.20647330467034,0.0,-4.251182057150031,0.0011777097881705396,0.0
3549.0,-819.3673043290337,383.10541132943627,0.0,-4.250415360003343,0.0015427710384018514,0.0
3550.0,-819.8152682376422,384.0042420361908,0.0,-4.249347978730098,0.0020676812871880073,0.0
3551.0,-820.2645404574622,384.90260824235423,0.0,-4.247449841233529,0.0027528172777887073,0.0
3552.0,-820.7159961636535,385.7998962845113,0.0,-4.244494132133811,0.0035970060656658194,0.0
3553.0,-821.1705185825725,386.69548690277395,0.0,-4.240474518121044,0.004575451720378432,0.0
3554.0,-821.6289909405758,387.58876083725414,0.0,-4.235388675486338,0.005627160837041003,0.0
3555.0,-822.0922964640203,388.4790988280638,0.0,-4.229233592648925,0.006698612113180236,0.0
3556.0,-822.5613183792623,389.3658816153149,0.0,-4.222005739585128,0.0077736388680826884,0.0
3557.0,-823.0369399126588,390.2484899391194,0.0,-4.213701275063015,0.008852004241074811,0.0
3558.0,-823.5200442905661,391.12630453958917,0.0,-4.204316293182037,0.009933547338191469,0.0
3559.0,-824.0115147393411,391.9987061568363,0.0,-4.193847110600779,0.011017797963827607,0.0
3560.0,-824.5122344853404,392.86507553097266,0.0,-4.182290595500918,0.012103936215998002,0.0
3561.0,-825.0230867549204,393.72479340211015,0.0,-4.169644538731417,0.013190752742792671,0.0
3562.0,-825.544954774438,394.5772405103608,0.0,-4.155908066669166,0.014276610809488369,0.0
3563.0,-826.0787217702499,395.42179759583655,0.0,-4.1410820940713,0.015358632235131531,0.0
3564.0,-826.6252709687125,396.2578453986493,0.0,-4.125169813552871,0.016413735360573015,0.0
3565.0,-827.1854855961825,397.084764658911,0.0,-4.108177216293084,0.01738166328329628,0.0
3566.0,-827.7602488790164,397.9019361167337,0.0,-4.090113636156895,0.018203600444404736,0.0
3567.0,-828.3504440435714,398.7087405122292,0.0,-4.071003218652961,0.018860267915887383,0.0
3568.0,-828.9569305318732,399.50456321143264,0.0,-4.051139620531352,0.01935360550459378,0.0
3569.0,-829.5799826149133,400.2889033929658,0.0,-4.031069698903083,0.01968690491803079,0.0
3570.0,-830.2192673902764,401.0613783273795,0.0,-4.011070055615717,0.019864752568188503,0.0
3571.0,-830.8744237688636,401.8216107673812,0.0,-3.991138101186031,0.01991204022563764,0.0
3572.0,-831.5450906615762,402.5692234656782,0.0,-3.9712584515956113,0.019890991488766194,0.0
3573.0,-832.230906979315,403.3038391749782,0.0,-3.9514157320019367,0.019862605767763837,0.0
3574.0,-832.9315116329815,404.0250806479886,0.0,-3.93159458685328,0.019848629013564593,0.0
3575.0,-833.6465435334766,404.7325706374168,0.0,-3.9117796891721057,0.019849942392024422,0.0
3576.0,-834.3756415917013,405.4259318959704,0.0,-3.8919557494196027,0.01986650365741289,0.0
3577.0,-835.1184447185569,406.10478717635687,0.0,-3.8721075243505036,0.01989826070661325,0.0
3578.0,-835.8745918249446,406.7687592312836,0.0,-3.8522198262613396,0.019945150989105064,0.0
3579.0,-836.6437218217651,407.4174708134581,0.0,-3.8322775330319607,0.020007100513492557,0.0
3580.0,-837.42547361992,408.050544675588,0.0,-3.812265599361807,0.020083461953619396,0.0
3581.0,-838.2194861303101,408.6676035703806,0.0,-3.792169069600824,0.02016120543124452,0.0
3582.0,-839.0253982638367,409.2682702505434,0.0,-3.7719730925770905,0.020204262027700315,0.0
3583.0,-839.8428489314008,409.852167468784,0.0,-3.751662938825722,0.020176001987048497,0.0
3584.0,-840.6714770439033,410.4189179778097,0.0,-3.7312318675937126,0.020061575079819486,0.0
3585.0,-841.510919874847,410.9681623829178,0.0,-3.7108386069807073,0.019857818095001437,0.0
3586.0,-842.360780678516,411.49991220156556,0.0,-3.6907990839247886,0.019562263917282295,0.0
3587.0,-843.2206305976215,412.0145290642856,0.0,-3.6712800206503,0.01917324720218435,0.0
3588.0,-844.0900395194031,412.51238829003955,0.0,-3.652292597194858,0.01870169208958286,0.0
3589.0,-844.9685773311007,412.993865197789,0.0,-3.6338401116530363,0.018181747561939368,0.0
3590.0,-845.855813919954,413.4593351064955,0.0,-3.615924224907824,0.017648288820151427,0.0
3591.0,-846.7513191732025,413.90917333512067,0.0,-3.5985451206810297,0.017114557485671603,0.0
3592.0,-847.6546629780862,414.3437552026263,0.0,-3.58170166463923,0.016582235885543355,0.0
3593.0,-848.5654152218444,414.763456027974,0.0,-3.5653915603991146,0.01605242113957745,0.0
3594.0,-849.4831457917171,415.1686511301251,0.0,-3.549611500693854,0.015526064668832154,0.0
3595.0,-850.4074245749439,415.5597158280416,0.0,-3.5343573123519016,0.015003978205247665,0.0
3596.0,-851.3378214587643,415.9370254406849,0.0,-3.519624094098386,0.014486840709126663,0.0
3597.0,-852.2739063304184,416.30095528701673,0.0,-3.5054063465083902,0.013975205898767091,0.0
3598.0,-853.2152490771456,416.6518806859987,0.0,-3.4916980937168134,0.01347039600495048,0.0
3599.0,-854.1614195861856,416.9901769565924,0.0,-3.478492996729979,0.012983683030938884,0.0
3600.0,-855.1119877447782,417.31621941775944,0.0,-3.4657844583805923,0.012539783874831503,0.0
3601.0,-856.066523440163,417.6303833884615,0.0,-3.453565720129637,0.0121583996692139,0.0
3602.0,-857.0245965595797,417.93304418766024,0.0,-3.441817548846812,0.011844379499450148,0.0
3603.0,-857.9857948628405,418.2245565829759,0.0,-3.430392295170331,0.01159697234593945,0.0
3604.0,-858.9498923930984,418.50506113825116,0.0,-3.419081171188804,0.011415329889235564,0.0
3605.0,-859.9167739031616,418.77457111433927,0.0,-3.407805673667405,0.01129770587727712,0.0
3606.0,-860.8863256085508,419.03309809014615,0.0,-3.3965641037870853,0.01123229488059566,0.0
3607.0,-861.8584337247877,419.28065364457797,0.0,-3.385355738480334,0.01119375611434121,0.0
3608.0,-862.832984467393,419.51724935654073,0.0,-3.3741798215805976,0.011161691896221753,0.0
3609.0,-863.8098640518881,419.7428968049405,0.0,-3.3630355651139716,0.011130500539814854,0.0
3610.0,-864.7889586937943,419.95760756868316,0.0,-3.3519221505748322,0.011100139829975073,0.0
3611.0,-865.7701546086325,420.1613932266749,0.0,-3.340838730183526,0.011070638459073013,0.0
3612.0,-866.7533380119241,420.35426535782165,0.0,-3.3297844281255786,0.011042023891632669,0.0
3613.0,-867.7383951191903,420.5362355410295,0.0,-3.318758341771504,0.011014322383868663,0.0
3614.0,-868.7252121459521,420.70731535520446,0.0,-3.3077595428762643,0.010987559003920693,0.0
3615.0,-869.7136753077308,420.86751637925266,0.0,-3.296787078757645,0.01096175765250229,0.0
3616.0,-870.7036708200477,421.0168501920799,0.0,-3.285839973454067,0.01093694108388256,0.0
3617.0,-871.6950848984238,421.1553283725924,0.0,-3.2749172288605757,0.010913130927088677,0.0
3618.0,-872.6878037583803,421.2829624996962,0.0,-3.2640178258428927,0.010889227922112348,0.0
3619.0,-873.6817136154384,421.3997641522972,0.0,-3.2531407253311797,0.0108572117411382,0.0
3620.0,-874.6767006851194,421.50574490930165,0.0,-3.242284869391547,0.010802447345700714,0.0
3621.0,-875.6726511829445,421.6009163496154,0.0,-3.2314491822769797,0.010715230861385878,0.0
3622.0,-876.6694513244346,421.6852900521444,0.0,-3.2206482484473566,0.010593473292796585,0.0
3623.0,-877.6669934072507,421.75890953899113,0.0,-3.2099778393884204,0.010436971650456395,0.0
3624.0,-878.6652010670717,421.8219829184936,0.0,-3.199545100086412,0.010245553188759842,0.0
3625.0,-879.6640080038351,421.87477115614496,0.0,-3.189376722557654,0.010020191511839733,0.0
3626.0,-880.6633479221786,421.9175352421215,0.0,-3.1794732025172663,0.009768804023023396,0.0
3627.0,-881.6631545267394,421.9505361665996,0.0,-3.169834789099071,0.009505942909968677,0.0
3628.0,-882.6633615221551,421.97403491975535,0.0,-3.160461517926818,0.009241246692642684,0.0
3629.0,-883.6639026130633,421.98829249176504,0.0,-3.151353231631762,0.008976754018691548,0.0
3630.0,-884.6647115041013,421.9935698728051,0.0,-3.1425095998816874,0.00871263013985895,0.0
3631.0,-885.6657218999068,421.9901280530516,0.0,-3.1339301388535836,0.00844902037415683,0.0
3632.0,-886.666867505117,421.9782280226808,0.0,-3.125614230093485,0.008186051584492418,0.0
3633.0,-887.6680820243697,421.958130771869,0.0,-3.1175611387197537,0.007923832829258253,0.0
3634.0,-888.669299162302,421.9300972907924,0.0,-3.109770030938558,0.007662456041995114,0.0
3635.0,-889.6704526235517,421.8943885696273,0.0,-3.102239990849135,0.007401996730435543,0.0
3636.0,-890.671476112756,421.85126559855,0.0,-3.094970036526551,0.0071425146861377855,0.0
3637.0,-891.6723033345526,421.8009893677367,0.0,-3.087959135377283,0.006884054697046496,0.0
3638.0,-892.6728679935786,421.74382086736364,0.0,-3.0812062187700566,0.00662664725624976,0.0
3639.0,-893.6731037944721,421.6800210876071,0.0,-3.074710195950914,0.006370309261124283,0.0
3640.0,-894.6729444418701,421.6098510186433,0.0,-3.0684699672563953,0.0061150446978812025,0.0
3641.0,-895.6723236404101,421.5335716506486,0.0,-3.0624844366432655,0.005861028313719612,0.0
3642.0,-896.6711750947297,421.4514439737991,0.0,-3.056752523556931,0.005610954568877454,0.0
3643.0,-897.6694325094666,421.36372897827124,0.0,-3.0512731741630152,0.005371263240149217,0.0
3644.0,-898.6670295892577,421.27068765424104,0.0,-3.046045371970482,0.005147434672892042,0.0
3645.0,-899.6639000387411,421.17258099188496,0.0,-3.041065585784783,0.004940949061792971,0.0
3646.0,-900.6599817604488,421.06966439989,0.0,-3.0362974649719034,0.004751620409840752,0.0
3647.0,-901.6552668125637,420.96212128200403,0.0,-3.031685012873317,0.004579240173915976,0.0
3648.0,-902.6497849156873,420.85008496631133,0.0,-3.027205305605855,0.004423428528101768,0.0
3649.0,-903.6435665526534,420.733687767437,0.0,-3.0228583677292398,0.004281287155767175,0.0
3650.0,-904.6366422062962,420.61306200000575,0.0,-3.018644644252936,0.0041461752940799,0.0
3651.0,-905.6290423594498,420.48833997864284,0.0,-3.0145645394457374,0.004012416036864641,0.0
3652.0,-906.6207974949488,420.35965401797284,0.0,-3.0106184189161027,0.0038783385190083964,0.0
3653.0,-907.611938095627,420.22713643262074,0.0,-3.0068066116598433,0.0037439453369915955,0.0
3654.0,-908.6024946443188,420.0909195372117,0.0,-3.0031294120682586,0.00360927020135761,0.0
3655.0,-909.592497623858,419.95113564637035,0.0,-2.9995870818948087,0.0034743448881423074,0.0
3656.0,-910.5819775170793,419.8079170747218,0.0,-2.9961798521741687,0.0033391992871493028,0.0
3657.0,-911.5709648068166,419.66139613689086,0.0,-2.9929079250901247,0.0032038614538763633,0.0
3658.0,-912.5594899759043,419.51170514750254,0.0,-2.989771475789542,0.0030683576648336936,0.0
3659.0,-913.5475835071763,419.35897642118175,0.0,-2.9867706541383057,0.0029327124758871427,0.0
3660.0,-914.535275883467,419.20334227255324,0.0,-2.98390558641755,0.002796948783250303,0.0
3661.0,-915.5225975876104,419.04493501624216,0.0,-2.9811763769562827,0.002661087886920242,0.0
3662.0,-916.509579102441,418.8838869668734,0.0,-2.978583109699113,0.002525149556220756,0.0
3663.0,-917.4962509107928,418.72033043907174,0.0,-2.9761258497074445,0.0023909427442157594,0.0
3664.0,-918.4826434954999,418.55439774746225,0.0,-2.9738046445913446,0.0022724388916191946,0.0
3665.0,-919.4687873393967,418.38622120666975,0.0,-2.971619525871439,0.0021959206872379827,0.0
3666.0,-920.4547129253172,418.2159331313192,0.0,-2.9695705102693184,0.0021792465415510416,0.0
3667.0,-921.4404507360956,418.0436658360355,0.0,-2.9676325318675167,0.002226189262513881,0.0
3668.0,-922.4260167288227,417.86950324305235,0.0,-2.9656352870236473,0.0023367968000808565,0.0
3669.0,-923.4113427219737,417.6932489675211,0.0,-2.9633813100104165,0.0025111170117198306,0.0
3670.0,-924.3963303115227,417.51460593858644,0.0,-2.9608181978144263,0.00274741081490231,0.0
3671.0,-925.3808810540783,417.3332769542473,0.0,-2.9579456468091685,0.003031777759112706,0.0
3672.0,-926.3648965062488,417.1489648125029,0.0,-2.954763368452483,0.0033380060008515607,0.0
3673.0,-927.3482782246431,416.9613723113522,0.0,-2.9512710295241966,0.0036483064225226254,0.0
3674.0,-928.3309277658694,416.77020224879413,0.0,-2.947468261204006,0.003958972403873741,0.0
3675.0,-929.3127466865366,416.57515742282806,0.0,-2.94335466905958,0.004270017377480593,0.0
3676.0,-930.293636543253,416.3759406314528,0.0,-2.938929843962562,0.0045814482145729585,0.0
3677.0,-931.2734988926273,416.17225467266746,0.0,-2.934193373946964,0.004893259427339742,0.0
3678.0,-932.252235291268,415.96380234447116,0.0,-2.9291448570223984,0.005205432214164204,0.0
3679.0,-933.2297472957837,415.7502864448628,0.0,-2.923783914954525,0.005517933497940496,0.0
3680.0,-934.205936462783,415.53140977184177,0.0,-2.9181102080181334,0.005830714961713136,0.0
3681.0,-935.1807043488743,415.3068751234067,0.0,-2.912123450727313,0.006143712086911509,0.0
3682.0,-936.1539525106664,415.076385297557,0.0,-2.9058234285379743,0.0064568432007201205,0.0
3683.0,-937.1255825047674,414.83964309229157,0.0,-2.8992100155130007,0.00677000854028493,0.0
3684.0,-938.0954958877865,414.59635130560946,0.0,-2.8922831929325414,0.0070830612348023216,0.0
3685.0,-939.0635942163317,414.34621273550977,0.0,-2.88504306882006,0.007393369149035544,0.0
3686.0,-940.0297790470117,414.0889301799915,0.0,-2.8774898983467816,0.007691626313317893,0.0
3687.0,-940.9939519364352,413.8242064370539,0.0,-2.8696241050618876,0.007966377452350688,0.0
3688.0,-941.956014441211,413.5517443046957,0.0,-2.8614466963963263,0.00821256297349891,0.0
3689.0,-942.9158680592641,413.27124741670144,0.0,-2.8529930147824634,0.008429885648299067,0.0
3690.0,-943.8734091826745,412.9824921263765,0.0,-2.844357660882061,0.008618500312714161,0.0
3691.0,-944.8285252117118,412.6853828520164,0.0,-2.8356062632305714,0.00877860778983727,0.0
3692.0,-945.7811026318544,412.3798370407419,0.0,-2.826744116893045,0.008912894824384683,0.0
3693.0,-946.7310279285804,412.0657721396739,0.0,-2.8177704511976094,0.009030724554542647,0.0
3694.0,-947.6781875873683,411.7431055959334,0.0,-2.8086845478330615,0.009143614007902041,0.0
3695.0,-948.6224680936962,411.41175485664115,0.0,-2.7994857445674306,0.009256691258606857,0.0
3696.0,-949.5637559330429,411.07163736891806,0.0,-2.7901734390699735,0.009370331008482597,0.0
3697.0,-950.5019375908863,410.7226705798849,0.0,-2.780747092830954,0.009484467261741125,0.0
3698.0,-951.436899552705,410.36477193666275,0.0,-2.77120623517105,0.009599029990893173,0.0
3699.0,-952.3685283039772,409.99785888637234,0.0,-2.7615504673320705,0.009713945062789442,0.0
3700.0,-953.2967103301813,409.62184887613455,0.0,-2.7517794666398276,0.009829134175274661,0.0
3701.0,-954.2213321167958,409.2366593530703,0.0,-2.7418929907264675,0.009944514805650726,0.0
3702.0,-955.1422801492987,408.84220776430044,0.0,-2.73189088180152,0.010060000172298736,0.0
3703.0,-956.0594409131687,408.4384115569458,0.0,-2.7217730709568317,0.010175499210880012,0.0
3704.0,-956.972700893884,408.0251881781274,0.0,-2.7115395824902504,0.010290916566373312,0.0
3705.0,-957.8819465769229,407.60245507496586,0.0,-2.7011905382326433,0.01040615260240542,0.0
3706.0,-958.7870644477638,407.1701296945824,0.0,-2.690726161858295,0.010521104260228611,0.0
3707.0,-959.6879409918848,406.7281294840975,0.0,-2.680146783161283,0.010637609482020605,0.0
3708.0,-960.5844626947647,406.27637189063233,0.0,-2.6694528422757857,0.010765686960557528,0.0
3709.0,-961.4765160418815,405.8147743613076,0.0,-2.658644893818526,0.01092116603445719,0.0
3710.0,-962.3639875187138,405.3432543432443,0.0,-2.6477235992966253,0.011113477909866719,0.0
3711.0,-963.2467635787262,404.86172927423434,0.0,-2.6366625214021684,0.011344903000313844,0.0
3712.0,-964.124656551396,404.37009499186075,0.0,-2.62534798187292,0.0116165492265997,0.0
3713.0,-964.9972463680917,403.8681796113966,0.0,-2.6136723937356177,0.011929536165912191,0.0
3714.0,-965.8640675354409,403.35579801105206,0.0,-2.6016118605458263,0.012283043322955932,0.0
3715.0,-966.7246545600717,402.83276506903724,0.0,-2.5891591228868487,0.012668062293423812,0.0
3716.0,-967.5785419486118,402.29889566356235,0.0,-2.5763069240350673,0.013069757953250858,0.0
3717.0,-968.4252642076888,401.75400467283754,0.0,-2.5630480627573133,0.013479667452872608,0.0
3718.0,-969.2643558439305,401.1979069750729,0.0,-2.5493754514200972,0.013896442194632088,0.0
3719.0,-970.0953513639648,400.6304174484786,0.0,-2.5352821797470577,0.014319857933582845,0.0
3720.0,-970.9177852744195,400.05135097126475,0.0,-2.520761584515968,0.014749617279224365,0.0
3721.0,-971.7311920819222,399.46052242164166,0.0,-2.5058073254252595,0.015185343628519832,0.0
3722.0,-972.5351062931009,398.85774667781936,0.0,-2.490413467282566,0.01562657503805953,0.0
3723.0,-973.3290624145833,398.24283861800797,0.0,-2.47457456856919,0.01607275814868382,0.0
3724.0,-974.1125949529969,397.6156131204176,0.0,-2.4582857763140495,0.01652324229829841,0.0
3725.0,-974.8852384149699,396.9758850632586,0.0,-2.4415429270640834,0.01697727398186347,0.0
3726.0,-975.6465273071298,396.323469324741,0.0,-2.424342653570238,0.017433991841331698,0.0
3727.0,-976.3959961361044,395.6581807830749,0.0,-2.406682496611214,0.017892422391628707,0.0
3728.0,-977.1331794085216,394.9798343164705,0.0,-2.3885610211538357,0.018347792455677983,0.0
3729.0,-977.857611631009,394.28824480313796,0.0,-2.3699779358079014,0.018775871342107085,0.0
3730.0,-978.5688273101946,393.58322712128745,0.0,-2.350934214265211,0.019136665433432586,0.0
3731.0,-979.266360952706,392.86459614912906,0.0,-2.3314322171352266,0.019406306609433526,0.0
3732.0,-979.949747065171,392.132166764873,0.0,-2.3115273918634145,0.01958148159083382,0.0
3733.0,-980.618575664053,391.38584630211466,0.0,-2.291495989981408,0.01966337744797432,0.0
3734.0,-981.2726757534456,390.6259401445103,0.0,-2.271615844131988,0.019653425337414765,0.0
3735.0,-981.911940639912,389.8528607758278,0.0,-2.2519393811009922,0.01955699676361511,0.0
3736.0,-982.5362636308955,389.0670206813015,0.0,-2.2324588335890714,0.019399071428644495,0.0
3737.0,-983.1455380338399,388.2688323461655,0.0,-2.2131660322124005,0.019220553868380286,0.0
3738.0,-983.7396571561885,387.4587082556542,0.0,-2.1940524444642304,0.019046397340605203,0.0
3739.0,-984.3185143053852,386.637060895002,0.0,-2.175109209843799,0.018881187733318372,0.0
3740.0,-984.8820027888731,385.8043027494432,0.0,-2.156327172,0.01872521206284377,0.0
3741.0,-985.4300159140961,384.96084630421205,0.0,-2.1376969079560717,0.01857872927198431,0.0
3742.0,-985.9624469884975,384.10710404454284,0.0,-2.1192087545084357,0.018441973016617333,0.0
3743.0,-986.4791893195211,383.24348845566993,0.0,-2.1008528319151707,0.01831515427887398,0.0
3744.0,-986.9801362146101,382.3704120228278,0.0,-2.0826190650064884,0.01819846384846424,0.0
3745.0,-987.4651809812084,381.4882872312505,0.0,-2.064497201862362,0.018092074659211223,0.0
3746.0,-987.9342169267595,380.59752656617246,0.0,-2.0464768302130247,0.01799614397086091,0.0
3747.0,-988.3871373587068,379.6985425128281,0.0,-2.028547391726539,0.017910716254462607,0.0
3748.0,-988.8238355844938,378.7917475564516,0.0,-2.0106981943510336,0.01783495350366707,0.0
3749.0,-989.2442049115642,377.87755418227727,0.0,-1.9929184228845167,0.01776667954347826,0.0
3750.0,-989.6481386473616,376.95637487553955,0.0,-1.975197147947037,0.017703599208637906,0.0
3751.0,-990.0355300993294,376.0286221214726,0.0,-1.9575247214121456,0.017644119552309583,0.0
3752.0,-990.4062823526359,375.0946917921679,0.0,-1.939902196405366,0.017586910588083815,0.0
3753.0,-990.7603621525102,374.15487159613645,0.0,-1.9223383220613253,0.017530647417982093,0.0
3754.0,-991.0977617267771,373.2094059449037,0.0,-1.9048355109573076,0.017474108528262602,0.0
3755.0,-991.4184733708626,372.25853913513515,0.0,-1.8873924013879306,0.017416947069307853,0.0
3756.0,-991.7224893801929,371.3025154634962,0.0,-1.8700074676144463,0.017360147804903022,0.0
3757.0,-992.0098020501939,370.34157922665224,0.0,-1.852679039365358,0.017304808884661665,0.0
3758.0,-992.2804036762916,369.3759747212686,0.0,-1.835405310598148,0.01725132130540322,0.0
3759.0,-992.5342865539121,368.40594624401075,0.0,-1.8181843482490536,0.0171998085848747,0.0
3760.0,-992.7714429784813,367.43173809154405,0.0,-1.8010141009489953,0.017150384821780836,0.0
3761.0,-992.9918652454254,366.45359456053393,0.0,-1.7838924076843743,0.017103155521176503,0.0
3762.0,-993.1955456501705,365.4717599476457,0.0,-1.7668170063852189,0.017058217667255966,0.0
3763.0,-993.3824764881423,364.4864785495448,0.0,-1.7497855424289122,0.017015591671837273,0.0
3764.0,-993.5526500547671,363.49799466289676,0.0,-1.7327955770459604,0.016973357233272788,0.0
3765.0,-993.7060586454709,362.50655258436683,0.0,-1.7158445956210746,0.016925829993718087,0.0
3766.0,-993.8426945556796,361.5123966106204,0.0,-1.6989300158845435,0.016867320276982012,0.0
3767.0,-993.9625500808194,360.5157710383229,0.0,-1.6820501499077836,0.016796122205579498,0.0
3768.0,-994.0656192978734,359.51692146854776,0.0,-1.665229357459767,0.016712735820408216,0.0
3769.0,-994.151945600386,358.51612961062204,0.0,-1.648518436697773,0.016617779272264648,0.0
3770.0,-994.2216268320835,357.5137170408243,0.0,-1.6319416282386099,0.016511949802374946,0.0
3771.0,-994.2747636481306,356.5100073938927,0.0,-1.6154937803581497,0.0163978874368946,0.0
3772.0,-994.3114567036915,355.5053243045651,0.0,-1.5991680908231702,0.016281998059379053,0.0
3773.0,-994.3318066539309,354.49999140757944,0.0,-1.5829576108707428,0.01617069456725549,0.0
3774.0,-994.3359141540135,353.4943323376736,0.0,-1.566855257688335,0.01606640780176757,0.0
3775.0,-994.3238798591037,352.4886707295857,0.0,-1.5508538255626911,0.015969364615982272,0.0
3776.0,-994.295804424366,351.48333021805354,0.0,-1.534945995763542,0.015879676000068184,0.0
3777.0,-994.2517885049649,350.47863443781523,0.0,-1.519124345231264,0.015797444672342183,0.0
3778.0,-994.1919327560653,349.4749070236085,0.0,-1.5033813541407497,0.01572276616236591,0.0
3779.0,-994.1163378328315,348.47247161017157,0.0,-1.4877094124168184,0.015655729820336473,0.0
3780.0,-994.0251043904279,347.47165183224223,0.0,-1.47210082527614,0.015596419751516884,0.0
3781.0,-993.9183330840194,346.4727713245584,0.0,-1.4565478178701472,0.015544915674717592,0.0
3782.0,-993.7961245687703,345.47615372185817,0.0,-1.4410425391077561,0.015501293704349526,0.0
3783.0,-993.6585794998454,344.4821226588794,0.0,-1.4255770647337664,0.015465244310703936,0.0
3784.0,-993.5057985324089,343.49100177036,0.0,-1.4101433997398032,0.015422040085248105,0.0
3785.0,-993.3378823216254,342.50311469103804,0.0,-1.3947334801861642,0.015324994062066175,0.0
3786.0,-993.1549315226598,341.5187850556514,0.0,-1.3793391745105106,0.015121609157666789,0.0
3787.0,-992.9570467906765,340.538336498938,0.0,-1.3639576428325928,0.01478915778441422,0.0
3788.0,-992.7443380588024,339.5620847042256,0.0,-1.348782439120221,0.014323878304753472,0.0
3789.0,-992.5172519343066,338.5900568179815,0.0,-1.334258000988756,0.01372348555074351,0.0
3790.0,-992.2766589735143,337.62191665336445,0.0,-1.3206590746454316,0.01298638403933602,0.0
3791.0,-992.023456756921,336.6573048632472,0.0,-1.3080131808463389,0.012125658030460078,0.0
3792.0,-991.7585428650225,335.6958621005029,0.0,-1.2963294028130798,0.011186573328548952,0.0
3793.0,-991.4828148783147,334.73722901800454,0.0,-1.2856144541731858,0.010220390852653867,0.0
3794.0,-991.1971703772932,333.78104626862495,0.0,-1.2758729866192133,0.009248753358128138,0.0
3795.0,-990.9025069424539,332.82695450523715,0.0,-1.2671078829071594,0.00827445895343353,0.0
3796.0,-990.5997221542925,331.87459438071426,0.0,-1.2593205306021322,0.007298924391760909,0.0
3797.0,-990.2897135933046,330.92360654792907,0.0,-1.2525110730949012,0.006323332370711952,0.0
3798.0,-989.9733788399857,329.9736316597547,0.0,-1.2466786353830754,0.005348656118103866,0.0
3799.0,-989.6516154748322,329.0243103690641,0.0,-1.2418215229282739,0.004384601728453214,0.0
3800.0,-989.3253210783392,328.07528332873005,0.0,-1.237937392573339,0.0035096684917520654,0.0
3801.0,-988.9953932310027,327.1261911916258,0.0,-1.2350233950290928,0.00287793219035767,0.0
3802.0,-988.6627295133186,326.1766746106242,0.0,-1.2330762888438258,0.002599070925654558,0.0
3803.0,-988.3282275057824,325.2263742385982,0.0,-1.2319677004671208,0.002698182176523305,0.0
3804.0,-987.9925647995556,324.27506371914654,0.0,-1.2307285443453837,0.003175995263950404,0.0
3805.0,-987.6549350783292,323.32341376631916,0.0,-1.2281701134675855,0.004033694387865636,0.0
3806.0,-987.3139186842781,322.37246587911204,0.0,-1.2239430518846,0.005264021165304952,0.0
3807.0,-986.9680940172232,321.42326273073695,0.0,-1.2180413131456866,0.006791157638622448,0.0
3808.0,-986.6160394769852,320.47684699440595,0.0,-1.2104555407614395,0.008463860291994973,0.0
3809.0,-986.2563334633854,319.534261343331,0.0,-1.2011724216813602,0.01017532220799739,0.0
3810.0,-985.8875543762448,318.59654845072396,0.0,-1.190175271315317,0.011903211406361778,0.0
3811.0,-985.5082806153841,317.6647509897968,0.0,-1.1774447665564731,0.013649278296555854,0.0
3812.0,-985.1170905806248,316.73991163376144,0.0,-1.1629598471685665,0.015414314972437487,0.0
3813.0,-984.7125626717873,315.82307305582975,0.0,-1.1466988072716555,0.017197880546555813,0.0
3814.0,-984.2932752886929,314.91527792921386,0.0,-1.1286405980695662,0.018998091965811353,0.0
3815.0,-983.8578068311627,314.0175689271256,0.0,-1.108766359685778,0.020809989422553344,0.0
3816.0,-983.4047356990175,313.1309887227768,0.0,-1.0870611931428968,0.022571884702974637,0.0
3817.0,-982.9326402920783,312.2565799893796,0.0,-1.063516172201999,0.024099830558065475,0.0
3818.0,-982.4400990101663,311.39538540014576,0.0,-1.0381305781484322,0.025191430263654713,0.0
3819.0,-981.9256902531022,310.5484476282873,0.0,-1.0109341836608605,0.025763315388146656,0.0
3820.0,-981.3880250251528,309.716787263501,0.0,-0.9827180849377165,0.02580751404407934,0.0
3821.0,-980.8269411079804,308.90059397942986,0.0,-0.9552236925905885,0.025323069506160294,0.0
3822.0,-980.2438467452703,308.0989937505395,0.0,-0.9295032414735896,0.02431297884454344,0.0
3823.0,-979.6402528391243,307.3110430190998,0.0,-0.9056378959210319,0.022837670641179093,0.0
3824.0,-979.0176702916435,306.5357982273809,0.0,-0.8836342728067531,0.021080421297876763,0.0
3825.0,-978.3776100049297,305.7723158176526,0.0,-0.863489504457434,0.019243496398304517,0.0
3826.0,-977.7215828810841,305.019652232185,0.0,-0.8451935535282505,0.017410691612739233,0.0
3827.0,-977.0510998222084,304.2768639132481,0.0,-0.8287313260938192,0.01559105043127518,0.0
3828.0,-976.3676717304036,303.54300730311184,0.0,-0.8140845532642111,0.0137873953994915,0.0
3829.0,-975.6728095077715,302.8171388440462,0.0,-0.8012334312237037,0.012001015442744487,0.0
3830.0,-974.9680240564134,302.0983149783213,0.0,-0.7901580235925686,0.010231882065600034,0.0
3831.0,-974.2548262784305,301.3855921482069,0.0,-0.780839439097364,0.00847885727174579,0.0
3832.0,-973.5347270759248,300.6780267959732,0.0,-0.7732608025739421,0.0067407973830348545,0.0
3833.0,-972.8092373509974,299.97467536389007,0.0,-0.7674080392133196,0.005045800060041524,0.0
3834.0,-972.0798680057497,299.27459429422765,0.0,-0.7632704914903496,0.0034842636692427676,0.0
3835.0,-971.3481299422832,298.5768400292557,0.0,-0.7608413860632396,0.0021534019142311267,0.0
3836.0,-970.6155340626993,297.8804690112444,0.0,-0.7601054350621873,0.001089480219378777,0.0
3837.0,-969.8835687576778,297.18455177362443,0.0,-0.7606448189135037,0.0002928016710380993,0.0
3838.0,-969.1530036615835,296.4886087596966,0.0,-0.7615729524070302,-0.0002378121137671266,0.0
3839.0,-968.4237562822257,295.7926938065418,0.0,-0.7623796624650402,-0.0005038748122760871,0.0
3840.0,-967.6956946994513,295.0968916909732,0.0,-0.7630364562509186,-0.0005362651024269915,0.0
3841.0,-966.9686869931074,294.4012871898042,0.0,-0.7635428510582172,-0.0004281017543423407,0.0
3842.0,-966.242601243041,293.70596507984794,0.0,-0.7638983960881118,-0.0002791048095817491,0.0
3843.0,-965.5173055290991,293.011010137918,0.0,-0.7641026724091803,-0.00012770662713060661,0.0
3844.0,-964.7926679311287,292.31650714082735,0.0,-0.7641552930004886,2.4062209240092806e-05,0.0
3845.0,-964.0685565289766,291.62254086538957,0.0,-0.764055902880838,0.00017616937555572522,0.0
3846.0,-963.34483940249,290.9291960884179,0.0,-0.7638041793253768,0.0003285822842787413,0.0
3847.0,-962.6213846315159,290.23655758672544,0.0,-0.7633998321704105,0.0004812679953606505,0.0
3848.0,-961.8980602959011,289.5447101371258,0.0,-0.762842604209364,0.0006341931262555112,0.0
3849.0,-961.1747344754929,288.8537385164321,0.0,-0.7621322716791848,0.000787323761266461,0.0
3850.0,-960.451275250138,288.1637275014576,0.0,-0.7612686448382049,0.0009406253604280728,0.0
3851.0,-959.7275506996835,287.4747618690157,0.0,-0.7602515686364149,0.0010940626683022775,0.0
3852.0,-959.0034289039764,286.78692639591975,0.0,-0.7590809234773346,0.001247599623038014,0.0
3853.0,-958.2787779428636,286.10030585898284,0.0,-0.7577566260711498,0.001401199266022557,0.0
3854.0,-957.5534658961924,285.41498503501856,0.0,-0.7562786303786445,0.0015548236525051995,0.0
3855.0,-956.8273608438094,284.73104870083995,0.0,-0.7546469286448981,0.001708433763547861,0.0
3856.0,-956.1003308655618,284.04858163326054,0.0,-0.7528615525211185,0.0018619894197434387,0.0
3857.0,-955.3722440412967,283.36766860909347,0.0,-0.7509225742719554,0.002015449197048721,0.0
3858.0,-954.6429684508606,282.6883944051521,0.0,-0.7488301080675915,0.0021687703451647557,0.0
3859.0,-953.912372174101,282.01084379824977,0.0,-0.7465843113564878,0.0023219087089957264,0.0
3860.0,-953.1803232908649,281.3351015651997,0.0,-0.7441853863155884,0.0024748186535430822,0.0
3861.0,-952.446689880999,280.66125248281514,0.0,-0.7416335813755238,0.002627452992704385,0.0
3862.0,-951.7113400243503,279.9893813279096,0.0,-0.7389291928157122,0.0027797629225690713,0.0
3863.0,-950.9741418007661,279.31957287729625,0.0,-0.7360725664243642,0.002931393826478691,0.0
3864.0,-950.2349632900931,278.65191190778836,0.0,-0.7330640992191065,0.003075874834701905,0.0
3865.0,-949.4936725721784,277.98648319619934,0.0,-0.729904241222579,0.0031960289124762153,0.0
3866.0,-948.7501377268691,277.3233715193424,0.0,-0.7265934972855334,0.0032754406493450726,0.0
3867.0,-948.0042268340119,276.6626616540309,0.0,-0.7231366868158412,0.003308584523792616,0.0
3868.0,-947.2558145913617,276.0044328988863,0.0,-0.7196200331894443,0.003295358859786221,0.0
3869.0,-946.504902256094,275.34865978878776,0.0,-0.7161983362271247,0.003235856934814525,0.0
3870.0,-945.7516048474556,274.69522268830093,0.0,-0.7129472539221208,0.003130485053049351,0.0
3871.0,-944.9960414340097,274.04399861003594,0.0,-0.7098692283882534,0.002985772838872493,0.0
3872.0,-944.2383310843195,273.39486456660285,0.0,-0.7069640880164251,0.002818963035887729,0.0
3873.0,-943.4785928669485,272.7476975706117,0.0,-0.704231653404284,0.0026465436374631703,0.0
3874.0,-942.7169458504594,272.10237463467274,0.0,-0.7016717399543997,0.002474119574113079,0.0
3875.0,-941.9535091034163,271.45877277139596,0.0,-0.699284160306671,0.002301878740122268,0.0
3876.0,-941.1884016943819,270.8167689933915,0.0,-0.6970687266074699,0.0021298208986260192,0.0
3877.0,-940.4217426919196,270.1762403132695,0.0,-0.6950252526172912,0.0019579437836187907,0.0
3878.0,-939.6536511645928,269.5370637436399,0.0,-0.6931535556554999,0.0017862432600346731,0.0
3879.0,-938.8842461809644,268.899116297113,0.0,-0.6914534583874669,0.0016147134823672946,0.0
3880.0,-938.1136468095983,268.26227498629885,0.0,-0.6899247904524779,0.0014433470518950275,0.0
3881.0,-937.3419721190572,267.6264168238075,0.0,-0.6885673899355427,0.0012721351722985322,0.0
3882.0,-936.5693411779046,266.9914188222491,0.0,-0.6873811046850425,0.0011010678038162072,0.0
3883.0,-935.7958730547037,266.3571579942338,0.0,-0.6863657934759562,0.0009301338159512823,0.0
3884.0,-935.0216868180178,265.7235113523715,0.0,-0.6855213270222745,0.0007593211388041302,0.0
3885.0,-934.2469015364103,265.09035590927243,0.0,-0.6848475888383371,0.0005886169132206123,0.0
3886.0,-933.4716362784444,264.4575686775468,0.0,-0.6843444759512027,0.0004180076396794344,0.0
3887.0,-932.696010112683,263.8250266698046,0.0,-0.6840118994654241,0.000247479326213329,0.0
3888.0,-931.92014210769,263.19260689865587,0.0,-0.6838497849793387,7.701763553524017e-05,0.0
3889.0,-931.1441513320283,262.5601863767108,0.0,-0.683858072856158,-9.339196858697076e-05,0.0
3890.0,-930.3681568542612,261.92764211657953,0.0,-0.6840367183493287,-0.0002637640754615176,0.0
3891.0,-929.5922777429519,261.2948511308721,0.0,-0.6843856915819154,-0.00043411318194667774,0.0
3892.0,-928.8166330666639,260.66169043219855,0.0,-0.6849049773812028,-0.0006044535471420031,0.0
3893.0,-928.0413418939604,260.02803703316914,0.0,-0.6855945749685546,-0.0007747990470415617,0.0
3894.0,-927.2665232934045,259.3937679463939,0.0,-0.6864544975045335,-0.0009451630289871646,0.0
3895.0,-926.4922963335597,258.7587601844828,0.0,-0.6874847714874828,-0.00111555816592322,0.0
3896.0,-925.7187800829889,258.12289076004623,0.0,-0.6886854360080019,-0.0012859963101407102,0.0
3897.0,-924.9460936102558,257.486036685694,0.0,-0.6900565418560666,-0.0014564883463306483,0.0
3898.0,-924.1743559839236,256.84807497403636,0.0,-0.6915981504809978,-0.0016270440440541234,0.0
3899.0,-923.4036862725553,256.2088826376834,0.0,-0.6933103328050455,-0.0017976719093687951,0.0
3900.0,-922.6342035447144,255.5683366892452,0.0,-0.6951931678866818,-0.001967154917395511,0.0
3901.0,-921.8660268689641,254.92631414133191,0.0,-0.6972467414350353,-0.00212550980443276,0.0
3902.0,-921.0992753138678,254.2826920065536,0.0,-0.6994711441737387,-0.0022535611716752208,0.0
3903.0,-920.3340679479885,253.63734729752034,0.0,-0.7018664700529091,-0.002338012081324225,0.0
3904.0,-919.5705238398895,252.99015702684224,0.0,-0.7044156766546965,-0.0023759622749839576,0.0
3905.0,-918.8087387485416,252.34102341821333,0.0,-0.7069961529444265,-0.0023673849261648555,0.0
3906.0,-918.0486648909158,251.69000394683272,0.0,-0.7094621867450699,-0.0023122595961623644,0.0
3907.0,-917.2901998893706,251.03721513609432,0.0,-0.7117734830851966,-0.002211790832386952,0.0
3908.0,-916.5332412601643,250.38277362414667,0.0,-0.7139298980862959,-0.002075948816714936,0.0
3909.0,-915.7776865195558,249.72679604913827,0.0,-0.715931376488786,-0.0019238952389307093,0.0
3910.0,-915.0234331838034,249.06939904921762,0.0,-0.7177778720841349,-0.0017689127147941478,0.0
3911.0,-914.2703787691657,248.41069926253317,0.0,-0.7194693462768881,-0.0016138866189957918,0.0
3912.0,-913.5184207919017,247.7508133272335,0.0,-0.7210057667562441,-0.0014588284212994627,0.0
3913.0,-912.7674567682697,247.08985788146697,0.0,-0.7223871062782823,-0.0013037428568646232,0.0
3914.0,-912.0173842145282,246.42794956338219,0.0,-0.7236133415591023,-0.0011486336098787844,0.0
3915.0,-911.2681006469363,245.76520501112765,0.0,-0.7246844522783313,-0.000993503424681051,0.0
3916.0,-910.519503581752,245.10174086285178,0.0,-0.7256004201949431,-0.000838354217121259,0.0
3917.0,-909.7714905352344,244.4376737567031,0.0,-0.7263612283740826,-0.0006831871860386268,0.0
3918.0,-909.023959023642,243.77312033083012,0.0,-0.7269668605252434,-0.0005280029249947431,0.0
3919.0,-908.2768065632331,243.10819722338135,0.0,-0.7274173004534235,-0.00037280153408695914,0.0
3920.0,-907.5299306702667,242.44302107250522,0.0,-0.7277125316208005,-0.0002175827318178304,0.0
3921.0,-906.7832288610012,241.7777085163503,0.0,-0.7278525368211248,-6.234596714478028e-05,0.0
3922.0,-906.0365986516954,241.11237619306502,0.0,-0.7278372979662352,9.290946843736641e-05,0.0
3923.0,-905.2899375586077,240.4471407407979,0.0,-0.7276667959842567,0.0002481843287581482,0.0
3924.0,-904.5431430979969,239.78211879769745,0.0,-0.7273410108302186,0.00040347930065532625,0.0
3925.0,-903.7961127861214,239.11742700191215,0.0,-0.7268599216091343,0.000558794891589839,0.0
3926.0,-903.04874413924,238.4531819915905,0.0,-0.7262235068114095,0.0007141313172092417,0.0
3927.0,-902.3009346736113,237.78950040488095,0.0,-0.7254317446602004,0.0008694883887552795,0.0
3928.0,-901.5525819054938,237.12649887993211,0.0,-0.7244846135725503,0.0010248654003675267,0.0
3929.0,-900.803583351146,236.46429405489235,0.0,-0.7233820927325519,0.0011802610163358213,0.0
3930.0,-900.0538365268268,235.80300256791017,0.0,-0.7221241627770105,0.0013356731582524165,0.0
3931.0,-899.3032389487947,235.14274105713417,0.0,-0.7207108065948908,0.0014910988921393944,0.0
3932.0,-898.5516881333083,234.48362616071276,0.0,-0.7191420102393167,0.0016465343156269383,0.0
3933.0,-897.7990815966261,233.82577451679444,0.0,-0.7174177639525255,0.001801974445171566,0.0
3934.0,-897.0453168550071,233.16930276352775,0.0,-0.7155380633035505,0.0019574131033902437,0.0
3935.0,-896.2902914247093,232.51432753906113,0.0,-0.7135029104392487,0.0021128428067242384,0.0
3936.0,-895.5339028219919,231.8609654815431,0.0,-0.7113123154470764,0.002268240406462174,0.0
3937.0,-894.7760485631132,231.20933322912214,0.0,-0.7089662978300841,0.002421388194733999,0.0
3938.0,-894.0166261643318,230.5595474199468,0.0,-0.7064648880943538,0.002563402779719226,0.0
3939.0,-893.2555331419065,229.91172469216548,0.0,-0.7038081294457144,0.0026825399840070736,0.0
3940.0,-892.4926670120957,229.26598168392673,0.0,-0.7009962790556574,0.0027731843405381373,0.0
3941.0,-891.7279255591122,228.62243473779563,0.0,-0.6980601134741427,0.002834781797129411,0.0
3942.0,-890.9612475506297,227.981154986976,0.0,-0.6950932213525874,0.002867337475046202,0.0
3943.0,-890.1926564292834,227.3421201586773,0.0,-0.6921664447576387,0.0028708731490864293,0.0
3944.0,-889.4221861147655,226.70529642273846,0.0,-0.689287587751988,0.00284760626837396,0.0
3945.0,-888.649870526768,226.07064994899864,0.0,-0.6864566530126383,0.0028064212245184706,0.0
3946.0,-887.8757435849828,225.4381469072968,0.0,-0.6836736398767831,0.00275906461315613,0.0
3947.0,-887.0998392091019,224.80775346747203,0.0,-0.6809385445373787,0.002711155914421543,0.0
3948.0,-886.3221913188175,224.17943579936332,0.0,-0.678251360235186,0.0026632549813545886,0.0
3949.0,-885.5428338338214,223.5531600728098,0.0,-0.6756120774482856,0.0026153644905931067,0.0
3950.0,-884.7618006738057,222.92889245765033,0.0,-0.6730206840777547,0.0025674869347714186,0.0
3951.0,-883.9791257584624,222.30659912372408,0.0,-0.6704771656299703,0.0025196246258723915,0.0
3952.0,-883.1948430074837,221.68624624087005,0.0,-0.6679815053956917,0.0024717796986880197,0.0
3953.0,-882.4089863405613,221.06779997892724,0.0,-0.6655336846254262,0.0024239541142826687,0.0
3954.0,-881.6215896773874,220.4512265077348,0.0,-0.6631336827019357,0.0023761496634506774,0.0
3955.0,-880.832686937654,219.83649199713162,0.0,-0.6607814773084154,0.0023283679702348504,0.0
3956.0,-880.0423120410532,219.2235626169568,0.0,-0.6584770445934238,0.002280610495436065,0.0
3957.0,-879.2504989072768,218.61240453704937,0.0,-0.6562203593326591,0.002232878540184811,0.0
3958.0,-878.457281456017,218.00298392724838,0.0,-0.6540113950867564,0.002185173249505718,0.0
3959.0,-877.6626936069656,217.39526695739283,0.0,-0.6518501243556176,0.0021374956158123504,0.0
3960.0,-876.8667692798148,216.78921979732183,0.0,-0.6497365187293953,0.0020898464824825203,0.0
3961.0,-876.0695423942567,216.18480861687434,0.0,-0.6476705490353792,0.002042226547423904,0.0
3962.0,-875.2710468699831,215.58199958588938,0.0,-0.6456521854818918,0.001994636366612813,0.0
3963.0,-874.4713166266862,214.98075887420603,0.0,-0.6436813977985745,0.0019470763576481256,0.0
3964.0,-873.6703855840578,214.38105265166334,0.0,-0.6417581553727532,0.001899546803229719,0.0
3965.0,-872.8682876617901,213.78284708810034,0.0,-0.6398824273827277,0.0018520478546796917,0.0
3966.0,-872.0650567795751,213.18610835335602,0.0,-0.638054182927067,0.0018045795354766517,0.0
3967.0,-871.2607268571047,212.59080261726945,0.0,-0.6362733911508722,0.0017571417446801446,0.0
3968.0,-870.4553318140709,211.99689604967963,0.0,-0.6345400213686863,0.0017097342603944862,0.0
3969.0,-869.648905570166,211.40435482042565,0.0,-0.6328540431830691,0.0016623567432123882,0.0
3970.0,-868.8414820450816,210.81314509934649,0.0,-0.631215426600724,0.001615008739588554,0.0
3971.0,-868.03309515851,210.22323305628126,0.0,-0.6296241421450816,0.0015676896852571673,0.0
3972.0,-867.2237788301431,209.6345848610689,0.0,-0.6280801609648765,0.0015203989085657169,0.0
3973.0,-866.4135669796731,209.0471666835485,0.0,-0.6265834549399447,0.0014731356337655543,0.0
3974.0,-865.6024935267917,208.4609446935591,0.0,-0.6251339967837547,0.0014258989843691544,0.0
3975.0,-864.7905923911912,207.87588506093968,0.0,-0.6237317601422034,0.001378687986402933,0.0
3976.0,-863.9778974925634,207.29195395552935,0.0,-0.6223767196896319,0.0013315015716073378,0.0
3977.0,-863.1644427506005,206.70911754716712,0.0,-0.6210688512214435,0.0012843385806881205,0.0
3978.0,-862.3502620849945,206.12734200569201,0.0,-0.6198081317431939,0.00123719776649589,0.0
3979.0,-861.5353894154372,205.54659350094303,0.0,-0.6185945395571231,0.001190077797152998,0.0
3980.0,-860.7198586616207,204.96683820275925,0.0,-0.6174280543451954,0.0011429864606969215,0.0
3981.0,-859.9037037432373,204.38804228097973,0.0,-0.6163086572488703,0.001096327395313885,0.0
3982.0,-859.0869585799787,203.81017190544347,0.0,-0.6152363309461454,0.001051400941481143,0.0
3983.0,-858.2696570915369,203.2331932459895,0.0,-0.614211059725548,0.0010096663762402733,0.0
3984.0,-857.4518331976042,202.65707247245686,0.0,-0.6132327007357705,0.0009717118812379894,0.0
3985.0,-856.6335205733125,202.08177589772978,0.0,-0.6122956986944725,0.0009375692047770634,0.0
3986.0,-855.8147426113109,201.50727584900625,0.0,-0.6113873594251085,0.000907233841349196,0.0
3987.0,-854.995508880313,200.93355273922415,0.0,-0.6104999052098462,0.0008806924107159615,0.0
3988.0,-854.1758279766773,200.3605875500606,0.0,-0.6096328400468877,0.0008575359393185718,0.0
3989.0,-853.3557084967621,199.78836126319268,0.0,-0.6087861792812491,0.0008364590193329753,0.0
3990.0,-852.5351590369252,199.2168548602975,0.0,-0.6079599376115555,0.000815997585154509,0.0
3991.0,-851.7141881935249,198.64604932305224,0.0,-0.6071541290997395,0.000795558955719652,0.0
3992.0,-850.8928045629199,198.07592563313398,0.0,-0.6063687671800435,0.0007751071823939619,0.0
3993.0,-850.0710167414677,197.50646477221986,0.0,-0.6056038646688758,0.0007546428789825095,0.0
3994.0,-849.2488333255268,196.9376477219869,0.0,-0.6048594337739157,0.0007341666502766939,0.0
3995.0,-848.4262629114554,196.36945546411238,0.0,-0.604135486102743,0.0007136790922142192,0.0
3996.0,-847.6033140956117,195.80186898027333,0.0,-0.6034320326718783,0.000693180792089703,0.0
3997.0,-846.7799954743539,195.23486925214686,0.0,-0.6027490839151712,0.0006726723287823041,0.0
3998.0,-845.95631564404,194.6684372614101,0.0,-0.6020866496922501,0.0006521542729280611,0.0
3999.0,-845.1322832010286,194.10255398974022,0.0,-0.6014447392965339,0.0006316271871455685,0.0
4000.0,-844.3079067416776,193.53720041881425,0.0,-0.6008233614631296,0.0006110916262660392,0.0
4001.0,-843.4831948623452,192.9723575303094,0.0,-0.6002225243767096,0.0005905481375305744,0.0
4002.0,-842.6581561593895,192.40800630590275,0.0,-0.5996422356789562,0.0005699972607995532,0.0
4003.0,-841.8327992291689,191.84412772727137,0.0,-0.5990825024756271,0.0005494395287659207,0.0
4004.0,-841.0071326680417,191.28070277609243,0.0,-0.5985433313436979,0.000528875467203514,0.0
4005.0,-840.1811650723658,190.71771243404305,0.0,-0.5980247283382955,0.0005083055951942139,0.0
4006.0,-839.3549050384995,190.15513768280033,0.0,-0.5975266989992948,0.0004877304253111709,0.0
4007.0,-838.528361162801,189.59295950404143,0.0,-0.5970492483576458,0.00046715046385904194,0.0
4008.0,-837.7015420416287,189.03115887944344,0.0,-0.5965923809413443,0.0004465662111241315,0.0
4009.0,-836.8744562713405,188.46971679068346,0.0,-0.5961561007816026,0.00042597816158523866,0.0
4010.0,-836.0471124482946,187.90861421943865,0.0,-0.5957404114186243,0.0004053868041506901,0.0
4011.0,-835.2195191688494,187.34783214738607,0.0,-0.595345315906674,0.0003847926223883222,0.0
4012.0,-834.391685029363,186.78735155620294,0.0,-0.5949708168195814,0.00036419609474136466,0.0
4013.0,-833.5636186261935,186.22715342756626,0.0,-0.5946169162558155,0.00034359769478988135,0.0
4014.0,-832.7353285556992,185.6672187431532,0.0,-0.5942836158430155,0.00032299789148080134,0.0
4015.0,-831.9068234142384,185.10752848464088,0.0,-0.5939709167425381,0.00030239714933125557,0.0
4016.0,-831.078111798169,184.54806363370645,0.0,-0.5936788196540297,0.00028179592870223154,0.0
4017.0,-830.2492023038495,183.988805172027,0.0,-0.5934073248191389,0.000261194686040895,0.0
4018.0,-829.4201035276378,183.42973408127963,0.0,-0.5931564320254282,0.00024059387407326143,0.0
4019.0,-828.5908240658923,182.8708313431415,0.0,-0.5929261406101897,0.0002199939420748761,0.0
4020.0,-827.7613725149713,182.31207793928974,0.0,-0.592716449463376,0.00019939533612984517,0.0
4021.0,-826.9317574712328,181.7534548514014,0.0,-0.5925273570308824,0.000178798499319534,0.0
4022.0,-826.1019875310349,181.19494306115362,0.0,-0.5923588613176455,0.00015820387198905994,0.0
4023.0,-825.2720712907361,180.63652355022356,0.0,-0.592210959889874,0.00013761189200115327,0.0
4024.0,-824.4420173466943,180.07817730028827,0.0,-0.5920836498774767,0.00011702299495510873,0.0
4025.0,-823.6118342952678,179.519885293025,0.0,-0.5919769279766169,9.643761443513454e-05,0.0
4026.0,-822.7815307328149,178.96162851011073,0.0,-0.5918907904511541,7.585618224308683e-05,0.0
4027.0,-821.9511152556937,178.40338793322266,0.0,-0.5918252331343954,5.527912864398766e-05,0.0
4028.0,-821.1205964602625,177.84514454403782,0.0,-0.5917802514304915,3.470688477017321e-05,0.0
4029.0,-820.2899829428792,177.28687932423347,0.0,-0.5917558403159445,1.4820857165983741e-05,0.0
4030.0,-819.4592832999024,176.7285732554866,0.0,-0.5917519943401718,-4.123203522181973e-07,0.0
4031.0,-818.62850612769,176.1702073194744,0.0,-0.5917687076261632,-4.481321124032751e-06,0.0
4032.0,-817.7976600226003,175.61176249787397,0.0,-0.5918059738411481,6.460552960607656e-06,0.0
4033.0,-816.9667535809646,175.0532197724171,0.0,-0.5918542525862992,3.303258869048158e-05,0.0
4034.0,-816.1357868869709,174.49457740629379,0.0,-0.5918675434841814,7.523212546176446e-05,0.0
4035.0,-815.3047274643143,173.93589976741006,0.0,-0.591800679576442,0.00013305728814906007,0.0
4036.0,-814.473535052464,173.37726702730305,0.0,-0.5916449644285455,0.00020582600268692627,0.0
4037.0,-813.6421693908891,172.81875935750983,0.0,-0.591400413985904,0.00028957173141739125,0.0
4038.0,-812.8105902190592,172.2604569295676,0.0,-0.5910670382239662,0.000377783991876403,0.0
4039.0,-811.9787572764436,171.7024399150134,0.0,-0.5906448412092582,0.0004666176596427635,0.0
4040.0,-811.1466303025114,171.14478848538434,0.0,-0.5901338211805721,0.0005554557296107828,0.0
4041.0,-810.314169036732,170.58758281221756,0.0,-0.589533970650065,0.0006443038276203739,0.0
4042.0,-809.4813332185747,170.0309030670502,0.0,-0.5888452765242888,0.0007331674480913208,0.0
4043.0,-808.6480825875087,169.47482942141934,0.0,-0.5880677202457001,0.0008220519337921371,0.0
4044.0,-807.8143768830034,168.91944204686212,0.0,-0.5872012779541985,0.0009109624555251486,0.0
4045.0,-806.980175844528,168.36482111491563,0.0,-0.5862459206689865,0.0009999039916987473,0.0
4046.0,-806.145439211552,167.811046797117,0.0,-0.5852016144909594,0.001088881307777139,0.0
4047.0,-805.3101267235444,167.25819926500338,0.0,-0.584068320825781,0.0011778989355979588,0.0
4048.0,-804.4741981199746,166.7063586901118,0.0,-0.582845996627504,0.0012669611525352412,0.0
4049.0,-803.637613140312,166.1556052439795,0.0,-0.5815345946630672,0.0013560719605031674,0.0
4050.0,-802.800331524026,165.6060190981435,0.0,-0.5801340637980417,0.0014452350648152693,0.0
4051.0,-801.9623130105855,165.0576804241409,0.0,-0.5786443493034855,0.0015344538528577598,0.0
4052.0,-801.1235173394601,164.51066939350892,0.0,-0.5770653931842061,0.0016237313725391118,0.0
4053.0,-800.2839042501189,163.96506617778456,0.0,-0.5753971345286955,0.0017130703105965317,0.0
4054.0,-799.4434334820315,163.42095094850504,0.0,-0.5736395098806312,0.001802472970729615,0.0
4055.0,-798.6020647746669,162.8784038772074,0.0,-0.5717924536326452,0.0018919412514898052,0.0
4056.0,-797.7597578674945,162.3375051354288,0.0,-0.5698558984423785,0.001981476624018121,0.0
4057.0,-796.9164724999836,161.79833489470633,0.0,-0.567829775670379,0.0020710801095896896,0.0
4058.0,-796.0721684116036,161.26097332657713,0.0,-0.5657140158409336,0.0021607522569564042,0.0
4059.0,-795.2268053418235,160.7255006025783,0.0,-0.5635085491259008,0.002250493119594275,0.0
4060.0,-794.380343030113,160.19199689424693,0.0,-0.5612133058507471,0.002340302232729392,0.0
4061.0,-793.5327412159409,159.6605423731202,0.0,-0.5588282170243238,0.00243017859021121,0.0
4062.0,-792.6839596387769,159.13121721073514,0.0,-0.5563532148915629,0.0025201206213493277,0.0
4063.0,-791.8339580380901,158.60410157862896,0.0,-0.553788233509141,0.00261012616758538,0.0
4064.0,-790.9826961533499,158.07927564833875,0.0,-0.551133209345405,0.0027001924590935545,0.0
4065.0,-790.1301337240255,157.55681959140156,0.0,-0.5483880819029506,0.0027903160913933757,0.0
4066.0,-789.2762304895864,157.0368135793546,0.0,-0.5455527943649932,0.00288049300188653,0.0
4067.0,-788.4209461895016,156.51933778373493,0.0,-0.5426272942654594,0.002970718446463754,0.0
4068.0,-787.5642405632404,156.00447237607963,0.0,-0.5396115341823018,0.003060986976195136,0.0
4069.0,-786.7060733502725,155.49229752792593,0.0,-0.5365054724540776,0.0031512924140915666,0.0
4070.0,-785.8464042900667,154.98289341081087,0.0,-0.5333090739202148,0.003241627832065893,0.0
4071.0,-784.9851931220927,154.47634019627154,0.0,-0.5300223106838386,0.0033319855281209176,0.0
4072.0,-784.1223995858195,153.97271805584512,0.0,-0.5266451628977851,0.003422357003814269,0.0
4073.0,-783.2579834207166,153.47210716106866,0.0,-0.5231776195728768,0.0035127329420632236,0.0
4074.0,-782.391904366253,152.97458768347937,0.0,-0.5196196794086533,0.0036031031853739188,0.0
4075.0,-781.5241221618985,152.4802397946143,0.0,-0.5159713516454151,0.0036934567145698,0.0
4076.0,-780.6545965471219,151.98914366601056,0.0,-0.5122326569375646,0.0037837816280840747,0.0
4077.0,-779.7832872613927,151.5013794692053,0.0,-0.5084036282478427,0.0038733791271286745,0.0
4078.0,-778.9101540441801,151.01702737573558,0.0,-0.5044843117609759,0.003955643278906054,0.0
4079.0,-778.0351566349536,150.53616755713858,0.0,-0.5004747678166707,0.004017032565002199,0.0
4080.0,-777.1582547731823,150.05888018495142,0.0,-0.49637507186081414,0.00404749881542965,0.0
4081.0,-776.2794081983357,149.58524543071115,0.0,-0.49219491934091447,0.004044604373563092,0.0
4082.0,-775.3985853798366,149.1153263882713,0.0,-0.48801710580846913,0.004008329370550698,0.0
4083.0,-774.5158212113716,148.64905621121636,0.0,-0.48394844686447974,0.00393867222819846,0.0
4084.0,-773.6311811200746,148.1863083230836,0.0,-0.4800228549049124,0.00383632280288287,0.0
4085.0,-772.7447306942072,147.72695583220906,0.0,-0.47624062387402283,0.003707882428530131,0.0
4086.0,-771.8565355220312,147.2708718469288,0.0,-0.4726018445159139,0.003566892189390396,0.0
4087.0,-770.9666611918084,146.81792947557886,0.0,-0.46910658396679245,0.0034234038223461116,0.0
4088.0,-770.0751732918003,146.36800182649526,0.0,-0.465754887994576,0.0032798624036507263,0.0
4089.0,-769.1821374102692,145.92096200801407,0.0,-0.4625467831553858,0.0031362989415135156,0.0
4090.0,-768.2876191354765,145.4766831284714,0.0,-0.45948227886609755,0.00299272975559942,0.0
4091.0,-767.391684055684,145.03503829620317,0.0,-0.45656136939044906,0.0028491692256397767,0.0
4092.0,-766.4943977591535,144.5959006195455,0.0,-0.453784035737376,0.00270562987890398,0.0
4093.0,-765.5958258341467,144.15914320683444,0.0,-0.4511502474713715,0.002562122478679715,0.0
4094.0,-764.6960338689255,143.72463916640604,0.0,-0.448659964432943,0.0024186561135220836,0.0
4095.0,-763.7950874517516,143.29226160659636,0.0,-0.44631313836946856,0.0022752382869551946,0.0
4096.0,-762.8930521708864,142.86188363574138,0.0,-0.44410971447583747,0.0021318750075719124,0.0
4097.0,-761.9899936145924,142.43337836217722,0.0,-0.44204963284412985,0.0019885708793185926,0.0
4098.0,-761.085977371131,142.0066188942399,0.0,-0.4401328298231076,0.0018453291918018825,0.0
4099.0,-760.1810690287638,141.58147834026545,0.0,-0.43835923928734477,0.0017021520105785027,0.0
4100.0,-759.2753341757528,141.15782980858995,0.0,-0.436728793815396,0.0015590402672371565,0.0
4101.0,-758.3688384003596,140.73554640754944,0.0,-0.4352414257784582,0.0014159938492620697,0.0
4102.0,-757.4616472908461,140.31450124547993,0.0,-0.433897068338727,0.0012730116896436064,0.0
4103.0,-756.553826435474,139.8945674307175,0.0,-0.43269565635848,0.0011300918561459395,0.0
4104.0,-755.6454414225051,139.4756180715982,0.0,-0.4316371272201671,0.0009872316402254294,0.0
4105.0,-754.7365578402009,139.05752627645805,0.0,-0.43072142155740134,0.0008444276455657009,0.0
4106.0,-753.8272412768235,138.64016515363318,0.0,-0.4299484838980405,0.0007016758762683682,0.0
4107.0,-752.9175573206348,138.22340781145954,0.0,-0.42931826321865707,0.0005589718247306323,0.0
4108.0,-752.0075715598962,137.8071273582732,0.0,-0.4288307134120411,0.00041631055916046297,0.0
4109.0,-751.0973495828696,137.39119690241026,0.0,-0.4284857936672243,0.0002736868107899264,0.0
4110.0,-750.1869569778166,136.9754895522067,0.0,-0.42828346876222556,0.00013109506082146862,0.0
4111.0,-749.2764593329994,136.55987841599858,0.0,-0.4282237092701927,-1.147037283446719e-05,0.0
4112.0,-748.3659222366794,136.14423660212196,0.0,-0.42830649167912926,-0.00015401524896775456,0.0
4113.0,-747.4554112771184,135.72843721891292,0.0,-0.42853179842525363,-0.00029654531666743555,0.0
4114.0,-746.5449920425781,135.31235337470747,0.0,-0.4288996178399434,-0.0004390662289991885,0.0
4115.0,-745.6347301213204,134.89585817784166,0.0,-0.4294099440104373,-0.0005815834566858087,0.0
4116.0,-744.7246911016072,134.47882473665155,0.0,-0.43006277655437664,-0.0007241022018055368,0.0
4117.0,-743.8149405716999,134.0611261594732,0.0,-0.4308581203084173,-0.0008666273114317541,0.0
4118.0,-742.9055441198608,133.64263555464262,0.0,-0.4317959849299896,-0.0010091631911768157,0.0
4119.0,-741.9965673343512,133.22322603049585,0.0,-0.4328763844129337,-0.0011517137186424656,0.0
4120.0,-741.088075803433,132.802770695369,0.0,-0.4340993365167267,-0.0012942821566804222,0.0
4121.0,-740.1801351153679,132.38114265759805,0.0,-0.43546486210851487,-0.001436871066496489,0.0
4122.0,-739.2728108584178,131.95821502551908,0.0,-0.43697298441834126,-0.001579482220611276,0.0
4123.0,-738.3661686208442,131.53386090746812,0.0,-0.4386237282074672,-0.0017221165155893682,0.0
4124.0,-737.4602739909093,131.10795341178124,0.0,-0.44041711884885265,-0.0018647738846312868,0.0
4125.0,-736.5551925568745,130.6803656467945,0.0,-0.4423531813205051,-0.0020074532100529036,0.0
4126.0,-735.6509899070019,130.25097072084392,0.0,-0.44443193911097606,-0.0021501522356353964,0.0
4127.0,-734.747731629553,129.8196417422656,0.0,-0.4466534130369355,-0.0022928623847248697,0.0
4128.0,-733.8454833127895,129.38625181939545,0.0,-0.4490176199731441,-0.0024329288093667607,0.0
4129.0,-732.9443105449733,128.95067406056967,0.0,-0.4515245714944527,-0.0025581122364065068,0.0
4130.0,-732.0442789143661,128.51278157412423,0.0,-0.4541742724302513,-0.0026507399723656694,0.0
4131.0,-731.1454540092298,128.07244746839518,0.0,-0.4569666480122167,-0.002701599192553512,0.0
4132.0,-730.2479013545192,127.6295449796799,0.0,-0.4598646554882757,-0.002709557233089648,0.0
4133.0,-729.3516536693661,127.18401365405576,0.0,-0.46273403625289655,-0.0026746132448145494,0.0
4134.0,-728.456657324904,126.73596757115573,0.0,-0.4654616755081344,-0.0025967735736716823,0.0
4135.0,-727.5628446538586,126.28554918617583,0.0,-0.4680317461976944,-0.002478691600810093,0.0
4136.0,-726.6701479889558,125.83290095431212,0.0,-0.4704442465331575,-0.0023326058150337416,0.0
4137.0,-725.7784996629216,125.3781653307606,0.0,-0.47269918281895024,-0.002176188755843399,0.0
4138.0,-724.8878320084821,124.92148477071734,0.0,-0.47479656765492134,-0.002018653701647967,0.0
4139.0,-723.9980773583628,124.46300172937832,0.0,-0.4767364182569124,-0.00186113438442501,0.0
4140.0,-723.1091680452901,124.00285866193961,0.0,-0.4785187548947323,-0.0017036333718215796,0.0
4141.0,-722.2210364019896,123.54119802359726,0.0,-0.48014359944810625,-0.001546151846333598,0.0
4142.0,-721.3336147611873,123.07816226954726,0.0,-0.48161097408079406,-0.0013886897229707254,0.0
4143.0,-720.4468354556093,122.6138938549857,0.0,-0.48292090003200794,-0.0012312457667981922,0.0
4144.0,-719.5606308179814,122.14853523510855,0.0,-0.4840733965256019,-0.0010738177103799737,0.0
4145.0,-718.6749331810295,121.68222886511188,0.0,-0.48506847979694007,-0.0009164023710257049,0.0
4146.0,-717.7896748774796,121.21511720019171,0.0,-0.4859061622364838,-0.0007589957678207201,0.0
4147.0,-716.9047882400577,120.74734269554408,0.0,-0.48658645165033554,-0.0006015932384919003,0.0
4148.0,-716.0202056014895,120.27904780636501,0.0,-0.4871093506378226,-0.00044418955609937645,0.0
4149.0,-715.135859294501,119.81037498785057,0.0,-0.48747485608543756,-0.0002867790455708119,0.0
4150.0,-714.2516816518183,119.34146669519676,0.0,-0.4876829587768545,-0.00012935570018136295,0.0
4151.0,-713.3676050061673,118.8724653835996,0.0,-0.4877336431196419,2.8086702045713818e-05,0.0
4152.0,-712.4835616902739,118.40351350825517,0.0,-0.4876268869882913,0.0001855544819528313,0.0
4153.0,-711.5994840368639,117.93475352435946,0.0,-0.4873626616831239,0.0003430539427105821,0.0
4154.0,-710.7153043786632,117.46632788710855,0.0,-0.4869409320062345,0.0005005912531854434,0.0
4155.0,-709.8309550483981,116.99837905169842,0.0,-0.48636165645328366,0.0006581723311288113,0.0
4156.0,-708.9463683787941,116.53104947332513,0.0,-0.4856247875226369,0.0008158027260658427,0.0
4157.0,-708.0614767025775,116.06448160718472,0.0,-0.48473027214170705,0.0009734875019028952,0.0
4158.0,-707.176212352474,115.5988179084732,0.0,-0.48367805221019317,0.0011312311191521546,0.0
4159.0,-706.2905076612095,115.13420083238665,0.0,-0.4824680652619367,0.001289037316728862,0.0
4160.0,-705.40429496151,114.67077283412102,0.0,-0.48110024524455675,0.0014469089933617188,0.0
4161.0,-704.5175065861015,114.20867636887245,0.0,-0.47957452341816115,0.001604848088527951,0.0
4162.0,-703.6300748677099,113.74805389183688,0.0,-0.47789082937322686,0.0017628554629310583,0.0
4163.0,-702.7419321390611,113.2890478582104,0.0,-0.4760490921684896,0.0019209307785824,0.0
4164.0,-701.8530107328811,112.831800723189,0.0,-0.47404924158879025,0.0020790723784611625,0.0
4165.0,-700.9632429818956,112.37645494196875,0.0,-0.47189120952371866,0.002237277165841711,0.0
4166.0,-700.0725612188309,111.92315296974569,0.0,-0.4695749314673764,0.0023955404834239014,0.0
4167.0,-699.1808977764126,111.4720372617158,0.0,-0.46710034813896345,0.002553855992299399,0.0
4168.0,-698.2881849873668,111.02325027307516,0.0,-0.46446740722529817,0.002712215550919122,0.0
4169.0,-697.3943551844194,110.5769344590198,0.0,-0.4616760652443059,0.0028706090943188705,0.0
4170.0,-696.4993407002966,110.13323227474575,0.0,-0.458726289529476,0.0030290245137032023,0.0
4171.0,-695.6030738677237,109.69228617544901,0.0,-0.4556180603356123,0.0031874475366780093,0.0
4172.0,-694.705487019427,109.25423861632565,0.0,-0.4523513730640289,0.003345861608472548,0.0
4173.0,-693.8065124881325,108.8192320525717,0.0,-0.44892624060660197,0.0035042314015688025,0.0
4174.0,-692.9060826065661,108.38740893938319,0.0,-0.44534269580789304,0.0036598854186945208,0.0
4175.0,-692.0041297074537,107.95891173195616,0.0,-0.44160079404287644,0.003802082866028082,0.0
4176.0,-691.1005861235213,107.53388288548662,0.0,-0.43770061590811193,0.00391656752060073,0.0
4177.0,-690.1953841874945,107.11246485517061,0.0,-0.4336424992437067,0.003996489094742206,0.0
4178.0,-689.2884564303478,106.69479968356784,0.0,-0.4294634547596583,0.004041156034594012,0.0
4179.0,-688.3797670762774,106.28096344652143,0.0,-0.42527681851558974,0.004050567754345757,0.0
4180.0,-687.4693465558555,105.87089441699828,0.0,-0.4211688498666309,0.004024745915564505,0.0
4181.0,-686.5572335987329,105.4645135941477,0.0,-0.41714923922147323,0.003966351986777116,0.0
4182.0,-685.6434669345599,105.06174197711901,0.0,-0.4132180661449801,0.0038861205525104114,0.0
4183.0,-684.7280852929872,104.66250056506149,0.0,-0.4093753952451677,0.0037983056477189437,0.0
4184.0,-683.811127403665,104.26671035712448,0.0,-0.40562127708874784,0.0037097596147626995,0.0
4185.0,-682.892631996244,103.87429235245729,0.0,-0.4019557490997375,0.003621180545791465,0.0
4186.0,-681.9726378003746,103.48516755020923,0.0,-0.39837883644036476,0.003532580308625454,0.0
4187.0,-681.0511835457075,103.09925694952959,0.0,-0.39489055287379066,0.003443969919330619,0.0
4188.0,-680.128307961893,102.71648154956769,0.0,-0.39149090160763567,0.003355359561458933,0.0
4189.0,-679.2040497785819,102.33676234947288,0.0,-0.38817987611773713,0.0032667586058575315,0.0
4190.0,-678.2784477254244,101.96002034839442,0.0,-0.3849574609516543,0.003178175630989504,0.0
4191.0,-677.3515405320711,101.58617654548166,0.0,-0.3818236325116326,0.0030896184436818575,0.0
4192.0,-676.4233669281724,101.21515193988388,0.0,-0.3787783598164277,0.0030010941002200286,0.0
4193.0,-675.493965643379,100.84686753075043,0.0,-0.37582160524166913,0.0029126089277339245,0.0
4194.0,-674.5633754073414,100.48124431723056,0.0,-0.3729533252386332,0.0028241685458393778,0.0
4195.0,-673.63163494971,100.11820329847365,0.0,-0.3701734710312471,0.002735777888465645,0.0
4196.0,-672.6987830001353,99.75766547362896,0.0,-0.3674819892910453,0.0026474412257936337,0.0
4197.0,-671.7648582882679,99.39955184184583,0.0,-0.36487882279007117,0.002559162186294222,0.0
4198.0,-670.8298995437583,99.04378340227358,0.0,-0.3623639110314644,0.0024709437788271527,0.0
4199.0,-669.893945496257,98.69028115406148,0.0,-0.35993719085807685,0.0023827884147359763,0.0
4200.0,-668.9570348754144,98.33896609635887,0.0,-0.3575985970389091,0.0022946979299302596,0.0
4201.0,-668.0192064108811,97.98975922831507,0.0,-0.35534806283327414,0.0022066736069130833,0.0
4202.0,-667.0804988323076,97.64258154907935,0.0,-0.35318552053302604,0.002118716196721497,0.0
4203.0,-666.1409508693444,97.29735405780109,0.0,-0.3511109019829627,0.0020308259407851104,0.0
4204.0,-665.200601251642,96.95399775362954,0.0,-0.34912413907913015,0.0019430025926408404,0.0
4205.0,-664.2594887088509,96.61243363571405,0.0,-0.3472251642456223,0.0018552454395206277,0.0
4206.0,-663.3176519706217,96.2725827032039,0.0,-0.34541391088981804,0.001767553323807609,0.0
4207.0,-662.3751297666048,95.93436595524842,0.0,-0.3436903138361764,0.0016799246643037899,0.0
4208.0,-661.4319608264506,95.59770439099691,0.0,-0.3420543097390351,0.0015923574773311832,0.0
4209.0,-660.4881838798099,95.2625190095987,0.0,-0.3405058374739763,0.0015048493976639557,0.0
4210.0,-659.5438376563329,94.92873081020309,0.0,-0.3390448385087059,0.0014173976992864093,0.0
4211.0,-658.5989608856704,94.59626079195937,0.0,-0.33767125725313385,0.0013299993159771437,0.0
4212.0,-657.6535922974728,94.26502995401691,0.0,-0.336385041388982,0.0012426508616916743,0.0
4213.0,-656.7077706213904,93.93495929552496,0.0,-0.3351861421791629,0.0011553486507777497,0.0
4214.0,-655.761534587074,93.60596981563287,0.0,-0.33407451475682176,0.0010680887180310103,0.0
4215.0,-654.814922924174,93.27798251348993,0.0,-0.3330501183947097,0.0009808668385768357,0.0
4216.0,-653.8679743623409,92.95091838824548,0.0,-0.33211291675461824,0.0008936785476029719,0.0
4217.0,-652.9207276312251,92.62469843904879,0.0,-0.3312628781171755,0.0008065191599308796,0.0
4218.0,-651.9732214604772,92.2992436650492,0.0,-0.33049997559223016,0.000719394249536015,0.0
4219.0,-651.0254945797478,91.974475065396,0.0,-0.32982418730981,0.0006331646436586497,0.0
4220.0,-650.0775857186874,91.65031363923853,0.0,-0.32923549659189333,0.0005509784840026748,0.0
4221.0,-649.1295336069463,91.32668038572608,0.0,-0.32873389210505904,0.00047672501384897676,0.0
4222.0,-648.1813769741751,91.00349630400797,0.0,-0.3283192215529682,0.00041213967864545516,0.0
4223.0,-647.2331544070787,90.68068265447283,0.0,-0.32797950858513863,0.00035736248150402313,0.0
4224.0,-646.284892945119,90.35818180057932,0.0,-0.32768258751061763,0.00031239084562861835,0.0
4225.0,-645.336599773353,90.035972390544,0.0,-0.3274061160049023,0.0002772125208813647,0.0
4226.0,-644.3882801178888,89.71403665264351,0.0,-0.32714809139610146,0.0002509606264082571,0.0
4227.0,-643.4399392048351,89.39235681515451,0.0,-0.32690851776454555,0.000230481623360701,0.0
4228.0,-642.4915822603003,89.07091510635367,0.0,-0.32668739909360617,0.00021188155895006982,0.0
4229.0,-641.5432145103929,88.74969375451758,0.0,-0.326484739272082,0.00019342099429016973,0.0
4230.0,-640.5948411812213,88.42867498792292,0.0,-0.32630054209630927,0.00017495667456645416,0.0
4231.0,-639.6464674988939,88.10784103484634,0.0,-0.3261348112723972,0.0001564886895991657,0.0
4232.0,-638.6980986895195,87.78717412356448,0.0,-0.3259875504178218,0.00013801712748676143,0.0
4233.0,-637.7497399792061,87.46665648235397,0.0,-0.3258587630631196,0.00011954207475957576,0.0
4234.0,-636.8013965940623,87.1462703394915,0.0,-0.32574845265359703,0.0001010636165902317,0.0
4235.0,-635.8530737601969,86.82599792325364,0.0,-0.32565662255016636,8.258183698849659e-05,0.0
4236.0,-634.904776703718,86.5058214619171,0.0,-0.32558327603070714,6.409681896260963e-05,0.0
4237.0,-633.956510650734,86.18572318375848,0.0,-0.32552841629105006,4.560864473117971e-05,0.0
4238.0,-633.0082808273537,85.86568531705447,0.0,-0.32549204644539315,2.7117395899599916e-05,0.0
4239.0,-632.0600924596854,85.54569009008169,0.0,-0.3254741695269869,8.623153638503968e-06,0.0
4240.0,-631.1119507738375,85.22571973111678,0.0,-0.325474788488478,-9.87400110133826e-06,0.0
4241.0,-630.1638609959185,84.9057564684364,0.0,-0.32549390620200214,-2.8373987416424603e-05,0.0
4242.0,-629.215828352037,84.5857825303172,0.0,-0.32553152545916686,-4.6876724268705783e-05,0.0
4243.0,-628.2678580683012,84.26578014503579,0.0,-0.3255876489707676,-6.538213028438917e-05,0.0
4244.0,-627.3199553708197,83.94573154086886,0.0,-0.32566227936640835,-8.389012356697327e-05,0.0
4245.0,-626.372125485701,83.62561894609303,0.0,-0.3257554191938648,-0.0001024006215045963,0.0
4246.0,-625.4243736390534,83.30542458898495,0.0,-0.3258670709182771,-0.00012091354058475182,0.0
4247.0,-624.4767050569857,82.98513069782128,0.0,-0.3259972369211692,-0.00013942879621512653,0.0
4248.0,-623.529124965606,82.66471950087862,0.0,-0.32614591949924854,-0.00015794630251636518,0.0
4249.0,-622.5816385910231,82.34417322643365,0.0,-0.3263131208629848,-0.00017646597213171508,0.0
4250.0,-621.6342511593451,82.02347410276305,0.0,-0.32649884313513616,-0.0001949877160502822,0.0
4251.0,-620.6869678966806,81.7026043581434,0.0,-0.32670308834905154,-0.00021351144340592262,0.0
4252.0,-619.7397940291382,81.38154622085138,0.0,-0.3269258584464507,-0.00023203706129396433,0.0
4253.0,-618.7927347828262,81.06028191916361,0.0,-0.3271671552755352,-0.0002505644745836548,0.0
4254.0,-617.8457953838532,80.73879368135677,0.0,-0.3274269805886151,-0.0002690935857053037,0.0
4255.0,-616.8989810583276,80.4170637357075,0.0,-0.3277053360394856,-0.0002876242944813185,0.0
4256.0,-615.9522970323578,80.09507431049241,0.0,-0.32800222318086325,-0.0003061564979409324,0.0
4257.0,-615.0057485320523,79.77280763398818,0.0,-0.3283176434614289,-0.00032469009010528086,0.0
4258.0,-614.0593407835197,79.45024593447145,0.0,-0.32865159822263307,-0.0003432249618178031,0.0
4259.0,-613.1130790128681,79.12737144021885,0.0,-0.32900408869560765,-0.00036176100054516715,0.0
4260.0,-612.1669684462064,78.80416637950704,0.0,-0.3293751159975513,-0.000380298090178465,0.0
4261.0,-611.2210143096428,78.48061298061268,0.0,-0.3297646811280729,-0.0003988361108632408,0.0
4262.0,-610.2752218292858,78.15669347181236,0.0,-0.33017278496547703,-0.000417374938796836,0.0
4263.0,-609.329596231244,77.83239008138278,0.0,-0.33059942826250416,-0.00043591444603047994,0.0
4264.0,-608.3841427416256,77.50768503760058,0.0,-0.3310446116422865,-0.0004544545002897748,0.0
4265.0,-607.4388665865392,77.18256056874237,0.0,-0.33150833559386084,-0.0004729949647873099,0.0
4266.0,-606.4937729920933,76.85699890308483,0.0,-0.3319906004675356,-0.000491535698027171,0.0
4267.0,-605.5488671843965,76.53098226890458,0.0,-0.3324914064700501,-0.0005100765536134469,0.0
4268.0,-604.604154389557,76.20449289447829,0.0,-0.33301075365963095,-0.0005286173800671851,0.0
4269.0,-603.6596398336833,75.8775130080826,0.0,-0.3335486419409413,-0.0005471580206231777,0.0
4270.0,-602.715328742884,75.55002483799413,0.0,-0.3341050710594203,-0.0005656983130544785,0.0
4271.0,-601.7712263432674,75.22201061248957,0.0,-0.33468004059595863,-0.0005842380894978801,0.0
4272.0,-600.8273378609421,74.89345255984551,0.0,-0.3352735499611293,-0.0006027771762336494,0.0
4273.0,-599.8836685220166,74.56433290833863,0.0,-0.3358855983889916,-0.0006213153935090222,0.0
4274.0,-598.9402235525992,74.23463388624559,0.0,-0.33651618493135677,-0.000639852555360833,0.0
4275.0,-597.9970081787983,73.90433772184299,0.0,-0.3371653084512946,-0.0006583884694185416,0.0
4276.0,-597.0540276267226,73.57342664340752,0.0,-0.33783296761654874,-0.0006769229367323826,0.0
4277.0,-596.1112871224806,73.24188287921581,0.0,-0.33851916089293915,-0.0006954557515716021,0.0
4278.0,-595.1687918921805,72.90968865754448,0.0,-0.3392238865374914,-0.0007139867012340111,0.0
4279.0,-594.2265471619309,72.57682620667022,0.0,-0.3399471425914561,-0.0007325155658801849,0.0
4280.0,-593.2845581578403,72.24327775486964,0.0,-0.3406889268729182,-0.0007510421183452893,0.0
4281.0,-592.342830106017,71.90902553041938,0.0,-0.34144923696943263,-0.0007695661239471098,0.0
4282.0,-591.4013682325697,71.57405176159614,0.0,-0.3422280702304949,-0.0007880873403054671,0.0
4283.0,-590.4601777636066,71.23833867667649,0.0,-0.34302542375967104,-0.0008066055171685459,0.0
4284.0,-589.5192639252364,70.90186850393715,0.0,-0.3438412944066509,-0.0008251203962250137,0.0
4285.0,-588.5786319435674,70.5646234716547,0.0,-0.3446756787590392,-0.0008436317109202904,0.0
4286.0,-587.638287044708,70.22658580810582,0.0,-0.34552857313418484,-0.0008621391862901974,0.0
4287.0,-586.698234454767,69.88773774156716,0.0,-0.3463999735705491,-0.0008806425387748847,0.0
4288.0,-585.7584793998526,69.54806150031536,0.0,-0.34728987581895193,-0.0008991414760395293,0.0
4289.0,-584.8190271060733,69.20753931262705,0.0,-0.34819827533385966,-0.0009176356968089596,0.0
4290.0,-583.8798827995375,68.86615340677889,0.0,-0.34912516726436904,-0.0009361238354297284,0.0
4291.0,-582.941051706354,68.52388601104751,0.0,-0.3500705464448013,-0.0009542306228591138,0.0
4292.0,-582.0025390526307,68.18071935370956,0.0,-0.3510344073854422,-0.0009702883157512284,0.0
4293.0,-581.0643500644765,67.83663566304172,0.0,-0.35201674426310725,-0.0009819429981388983,0.0
4294.0,-580.1264899679996,67.49161716732058,0.0,-0.35301753613764286,-0.000987995148039469,0.0
4295.0,-579.1889639800743,67.14564612288773,0.0,-0.35403154197188574,-0.0009883058781441237,0.0
4296.0,-578.2517740547346,66.79871470244558,0.0,-0.35504064560144305,-0.0009828760384442017,0.0
4297.0,-577.3149140876338,66.45083956957268,0.0,-0.35602999897073023,-0.0009717076108458264,0.0
4298.0,-576.3783767522133,66.10204110237119,0.0,-0.35699764681099266,-0.0009551765475337783,0.0
4299.0,-575.4421547219142,65.75233967894317,0.0,-0.3579435893132686,-0.0009349513412869087,0.0
4300.0,-574.5062406701778,65.4017556773908,0.0,-0.3588678268734997,-0.0009133867232552137,0.0
4301.0,-573.5706272704455,65.05030947581614,0.0,-0.35977036007909197,-0.0008916830959215527,0.0
4302.0,-572.6353071961582,64.69802145232134,0.0,-0.36065118969590954,-0.0008699802920308601,0.0
4303.0,-571.7002731207577,64.34491198500852,0.0,-0.361510316655436,-0.0008482784716227923,0.0
4304.0,-570.7655177176849,63.9910014519798,0.0,-0.3623477420423103,-0.00082657778243485,0.0
4305.0,-569.8310336603812,63.63631023133729,0.0,-0.36316346708231434,-0.0008048783602079991,0.0
4306.0,-568.8968136222877,63.2808587011831,0.0,-0.36395749313037895,-0.0007831803289969511,0.0
4307.0,-567.9628502768459,62.92466723961936,0.0,-0.36472982165910844,-0.0007614838014893226,0.0
4308.0,-567.0291362974968,62.56775622474819,0.0,-0.36548045424757114,-0.0007397888792937441,0.0
4309.0,-566.095664357682,62.2101460346717,0.0,-0.36620939257034235,-0.0007180956532620891,0.0
4310.0,-565.1624271308425,61.851857047492025,0.0,-0.3669166383869605,-0.0006964042038073714,0.0
4311.0,-564.2294172904196,61.492909641311265,0.0,-0.3676021935316363,-0.0006747146011849201,0.0
4312.0,-563.2966275098547,61.13332419423154,0.0,-0.36826605990310074,-0.0006530269058262761,0.0
4313.0,-562.3640504625887,60.77312108435498,0.0,-0.3689082394552618,-0.0006313411686497325,0.0
4314.0,-561.4316788220634,60.4123206897837,0.0,-0.3695287341875288,-0.0006096574313499811,0.0
4315.0,-560.4995052617198,60.050943388619814,0.0,-0.37012754613573967,-0.000587975726730345,0.0
4316.0,-559.5675224549991,59.68900955896544,0.0,-0.3707046773637417,-0.0005662960789903517,0.0
4317.0,-558.6357230753426,59.3265395789227,0.0,-0.3712601299546574,-0.0005446185040309723,0.0
4318.0,-557.7040997961916,58.96355382659372,0.0,-0.3717939060028391,-0.0005229430098055947,0.0
4319.0,-556.7726452909873,58.6000726800806,0.0,-0.37230600760612276,-0.0005012695965933051,0.0
4320.0,-555.8413522331712,58.23611651748547,0.0,-0.3727964368581047,-0.0004795982572911702,0.0
4321.0,-554.9102132961842,57.87170571691046,0.0,-0.3732651958411195,-0.00045792897775435396,0.0
4322.0,-553.9792211534677,57.50686065645767,0.0,-0.3737122866194273,-0.0004362617371017539,0.0
4323.0,-553.0483684784632,57.141601714229225,0.0,-0.37413771123236034,-0.00041459650801199075,0.0
4324.0,-552.1176479446118,56.77594926832724,0.0,-0.37454147168811514,-0.0003929332570309759,0.0
4325.0,-551.1870522253546,56.409923696853845,0.0,-0.37492356995794235,-0.0003712719448782177,0.0
4326.0,-550.2565739941329,56.04354537791114,0.0,-0.3752840079704441,-0.0003496125267531045,0.0
4327.0,-549.3262059243882,55.67683468960125,0.0,-0.37562278760595125,-0.0003279549526579677,0.0
4328.0,-548.3959406895616,55.30981201002631,0.0,-0.3759399106917066,-0.0003062991676912279,0.0
4329.0,-547.4657709630944,54.94249771728842,0.0,-0.3762353789971352,-0.0002846451123372586,0.0
4330.0,-546.535689418428,54.57491218948971,0.0,-0.3765091942291959,-0.0002629927227927637,0.0
4331.0,-545.6056887290033,54.20707580473229,0.0,-0.37676135802849114,-0.00024134193127206153,0.0
4332.0,-544.6757615682619,53.83900894111828,0.0,-0.37699187196524353,-0.00021969266630532985,0.0
4333.0,-543.7459006096449,53.4707319767498,0.0,-0.3772007375358645,-0.00019804485304718885,0.0
4334.0,-542.8160985265938,53.10226528972897,0.0,-0.3773879561596295,-0.00017639841357304308,0.0
4335.0,-541.8863479925495,52.733629258157904,0.0,-0.37755352917583723,-0.0001547532671916691,0.0
4336.0,-540.9566416809536,52.36484426013873,0.0,-0.3776974578412792,-0.00013310933074758835,0.0
4337.0,-540.0269722652471,51.99593067377356,0.0,-0.3778197433277125,-0.00011146651892206459,0.0
4338.0,-539.0973324188714,51.6269088771645,0.0,-0.3779203867199971,-8.982474454495767e-05,0.0
4339.0,-538.1677148152676,51.2577992484137,0.0,-0.37799938901442093,-6.818391888705715e-05,0.0
4340.0,-537.2381121278772,50.88862216562324,0.0,-0.37805675111715337,-4.654395196780824e-05,0.0
4341.0,-536.3085170301414,50.51939800689528,0.0,-0.37809247384324957,-2.4904752863034017e-05,0.0
4342.0,-535.3789221955014,50.1501471503319,0.0,-0.3781065579158466,-3.266230005540191e-06,0.0
4343.0,-534.4493202973985,49.78088997403524,0.0,-0.3780990039656887,1.8371708519292008e-05,0.0
4344.0,-533.519704009274,49.41164685610742,0.0,-0.37806981253085237,4.000915465873778e-05,0.0
4345.0,-532.590066004569,49.04243817465055,0.0,-0.37801898405693973,6.164620009238167e-05,0.0
4346.0,-531.6603989567251,48.67328430776676,0.0,-0.37794651889755587,8.328293593723842e-05,0.0
4347.0,-530.7306955391833,48.304205633558134,0.0,-0.37785241731474833,0.00010491945242845674,0.0
4348.0,-529.8009484253848,47.935222530126836,0.0,-0.37773667948043227,0.00012655583863982068,0.0
4349.0,-528.8711502887712,47.56635537557496,0.0,-0.37759930547737053,0.00014819218217181667,0.0
4350.0,-527.9412938027832,47.19762454800464,0.0,-0.3774402953010434,0.00016982856882805493,0.0
4351.0,-527.0113716408626,46.82905042551797,0.0,-0.37725964886149926,0.00019146508233928002,0.0
4352.0,-526.0813764764506,46.46065338621708,0.0,-0.37705736598533535,0.00021310180404543068,0.0
4353.0,-525.1513009829881,46.092453808204105,0.0,-0.3768334464187548,0.0002347388126019938,0.0
4354.0,-524.2211378339168,45.72447206958114,0.0,-0.3765878898299566,0.0002563761836860134,0.0
4355.0,-523.2908797026776,45.35672854845031,0.0,-0.37632069581247407,0.00027801398965583105,0.0
4356.0,-522.3605192627119,44.98924362291375,0.0,-0.3760318638886927,0.00029965229927580994,0.0
4357.0,-521.4300491874612,44.62203767107355,0.0,-0.3757213935132933,0.000321291177416329,0.0
4358.0,-520.4994621503665,44.255131071031855,0.0,-0.37538928407764516,0.00034293068473359044,0.0
4359.0,-519.5687508248692,43.88854420089076,0.0,-0.3750355349140078,0.00036457087738423725,0.0
4360.0,-518.6379078844103,43.5222974387524,0.0,-0.374660145300221,0.0003862118067057829,0.0
4361.0,-517.7069260024314,43.156411162718896,0.0,-0.3742631144646618,0.0004078535189075535,0.0
4362.0,-516.7757978523734,42.79090575089235,0.0,-0.3738444415914986,0.0004294960547871722,0.0
4363.0,-515.844516107678,42.4258015813749,0.0,-0.37340412582628885,0.000451139449418456,0.0
4364.0,-514.9130734417862,42.06111903226865,0.0,-0.3729421662818162,0.00047278373183656,0.0
4365.0,-513.9814625281392,41.696878481675725,0.0,-0.3724585620444165,0.0004944289247438678,0.0
4366.0,-513.0496760401786,41.33310030769825,0.0,-0.37195331218021604,0.0005160750442009056,0.0
4367.0,-512.1177066513452,40.969804888438325,0.0,-0.3714264157421544,0.0005377220993186509,0.0
4368.0,-511.1855470350806,40.60701260199808,0.0,-0.3708778717770166,0.0005593700919647765,0.0
4369.0,-510.25318986482597,40.244743826479635,0.0,-0.3703076793327297,0.0005810190164427361,0.0
4370.0,-509.32062781402254,39.8830189399851,0.0,-0.3697158374662451,0.000602668859190628,0.0
4371.0,-508.3878535561117,39.5218583206166,0.0,-0.36910234525139884,0.0006242784624266187,0.0
4372.0,-507.45485976453455,39.16128234647627,0.0,-0.368467201787327,0.0006452588668957236,0.0
4373.0,-506.5216391127324,38.8013113956662,0.0,-0.36781040620710725,0.0006642146471488902,0.0
4374.0,-505.58818427414656,38.44196584628852,0.0,-0.3671319576865944,0.0006799508512323034,0.0
4375.0,-504.65448792221827,38.08326607644534,0.0,-0.3664324313586039,0.0006921137106137407,0.0
4376.0,-503.72054313296866,37.725231384744184,0.0,-0.3657194956146022,0.0007006967121504583,0.0
4377.0,-502.786347940754,37.3678677743021,0.0,-0.3650050161242881,0.0007056996972797856,0.0
4378.0,-501.8519037161861,37.01117230225936,0.0,-0.3642938546761036,0.0007071636524938196,0.0
4379.0,-500.91721189198967,36.65514185920398,0.0,-0.3635861004140299,0.0007056773675759655,0.0
4380.0,-499.98227390088937,36.29977333572399,0.0,-0.36288175361029795,0.0007026361013763978,0.0
4381.0,-499.04709117561003,35.945063622407396,0.0,-0.3621808145214867,0.0006992346432128806,0.0
4382.0,-498.11166514887617,35.59100960984222,0.0,-0.36148328338879815,0.0006958266040698918,0.0
4383.0,-497.1759972534126,35.23760818861648,0.0,-0.36078916043834447,0.0006924183458165381,0.0
4384.0,-496.2400889219441,34.884856249318204,0.0,-0.36009844588127626,0.0006890098832266409,0.0
4385.0,-495.3039415871952,34.53275068253538,0.0,-0.3594111399141351,0.0006856012308324244,0.0
4386.0,-494.3675566818908,34.18128837885607,0.0,-0.3587272427190199,0.000682192402931817,0.0
4387.0,-493.4309356387554,33.83046622886826,0.0,-0.3580467544638764,0.0006787834135828229,0.0
4388.0,-492.4940798905138,33.480281123159976,0.0,-0.3573696753027353,0.0006753742766032386,0.0
4389.0,-491.5569908698907,33.13072995231924,0.0,-0.35669600537589563,0.0006719650055741648,0.0
4390.0,-490.61967000961084,32.781809606934075,0.0,-0.35602574481020155,0.0006685556138416831,0.0
4391.0,-489.6821187423989,32.43351697759249,0.0,-0.35535889371925966,0.0006651461145191931,0.0
4392.0,-488.7443385009796,32.08584895488251,0.0,-0.35469545220370635,0.0006617365204876451,0.0
4393.0,-487.8063307180776,31.738802429392145,0.0,-0.35403542035141033,0.0006583268443965632,0.0
4394.0,-486.8680968264176,31.392374291709416,0.0,-0.3533787982377024,0.0006549170986587845,0.0
4395.0,-485.92963825872437,31.046561432422347,0.0,-0.3527255859256406,0.0006515072954598704,0.0
4396.0,-484.9909564477226,30.70136074211895,0.0,-0.3520757834661633,0.0006480974467613999,0.0
4397.0,-484.05205282613696,30.356769111387248,0.0,-0.351429390898382,0.0006446875642941361,0.0
4398.0,-483.1129288266921,30.012783430815258,0.0,-0.35078640824985624,0.0006412776595626778,0.0
4399.0,-482.1735858821129,29.669400590991,0.0,-0.3501468355366716,0.0006378677438460504,0.0
4400.0,-481.23402542512383,29.32661748250248,0.0,-0.3495106727637855,0.0006344578281990896,0.0
4401.0,-480.29424888844983,28.984430995937736,0.0,-0.34887791992520933,0.000631047923456874,0.0
4402.0,-479.3542577048154,28.642838021884774,0.0,-0.34824857700425615,0.0006276380402303446,0.0
4403.0,-478.41405330694545,28.30183545093161,0.0,-0.347622643973703,0.0006242281889085838,0.0
4404.0,-477.4736371275645,27.96142017366627,0.0,-0.347000120796055,0.0006208183796633396,0.0
4405.0,-476.53301059939736,27.62158908067677,0.0,-0.34638100742378697,0.0006174086224488086,0.0
4406.0,-475.5921751551686,27.282339062551124,0.0,-0.34576530379951603,0.0006139989270036371,0.0
4407.0,-474.65113222760317,26.94366700987736,0.0,-0.3451530098562209,0.000610589302845981,0.0
4408.0,-473.7098832494255,26.605569813243488,0.0,-0.3445441255174872,0.000607179759281389,0.0
4409.0,-472.76842965336056,26.26804436323752,0.0,-0.34393865069769497,0.0006037703054052719,0.0
4410.0,-471.82677287213284,25.931087550447494,0.0,-0.3433365853022133,0.0006003609500961625,0.0
4411.0,-470.8849143384671,25.594696265461412,0.0,-0.342737929227701,0.0005969517020249028,0.0
4412.0,-469.9428554850881,25.258867398867295,0.0,-0.3421426823622015,0.0005935425696544887,0.0
4413.0,-469.0005977447205,24.92359784125317,0.0,-0.34155084458542767,0.0005901335612319345,0.0
4414.0,-468.058142550089,24.588884483207043,0.0,-0.34096241576896297,0.0005867246848030186,0.0
4415.0,-467.1154913339184,24.254724215316937,0.0,-0.3403773957763965,0.0005833159482089646,0.0
4416.0,-466.17264552893323,23.921113928170875,0.0,-0.33979578446362285,0.0005799073590779722,0.0
4417.0,-465.22960656785835,23.588050512356872,0.0,-0.3392175816790383,0.0005764989248420528,0.0
4418.0,-464.28637588341843,23.25553085846294,0.0,-0.3386427872636337,0.0005730906527312403,0.0
4419.0,-463.3429549083381,22.92355185707711,0.0,-0.3380714010513433,0.0005696825497679294,0.0
4420.0,-462.39934507534207,22.592110398787394,0.0,-0.33750342286919427,0.0005662746227766849,0.0
4421.0,-461.4555478171552,22.261203374181804,0.0,-0.33693885253740763,0.0005628668783844001,0.0
4422.0,-460.51156456650205,21.930827673848366,0.0,-0.33637768986971445,0.0005594593230209395,0.0
4423.0,-459.5673967561073,21.6009801883751,0.0,-0.33581993467355387,0.0005560519629211136,0.0
4424.0,-458.6230458186957,21.271657808350017,0.0,-0.3352655867502337,0.0005526448041229021,0.0
4425.0,-457.67851318699206,20.94285742436114,0.0,-0.33471464589505673,0.0005492378524658519,0.0
4426.0,-456.7338002937209,20.614575926996487,0.0,-0.33416711189762716,0.000545831113600344,0.0
4427.0,-455.78890857160707,20.28681020684407,0.0,-0.33362298454201483,0.0005424245929899484,0.0
4428.0,-454.8438394533752,19.959557154491918,0.0,-0.33308226360686644,0.0005390182959027846,0.0
4429.0,-453.89859437175,19.632813660528047,0.0,-0.3325449488657337,0.0005356122274168342,0.0
4430.0,-452.9531747594562,19.306576615540465,0.0,-0.3320110400871298,0.0005322063924254089,0.0
4431.0,-452.00758204921846,18.980842910117204,0.0,-0.3314805370347985,0.000528800795632183,0.0
4432.0,-451.0618176737616,18.655609434846273,0.0,-0.33095343946785294,0.0005253954415576316,0.0
4433.0,-450.1158830658101,18.33087308031569,0.0,-0.33042974714099527,0.0005219903345405341,0.0
4434.0,-449.16977965808894,18.00663073711348,0.0,-0.329909459804691,0.0005185854787324583,0.0
4435.0,-448.2235088833226,17.68287929582766,0.0,-0.3293925772053397,0.0005151808781021981,0.0
4436.0,-447.27707217423597,17.359615647046237,0.0,-0.3288790990854536,0.0005117765364406414,0.0
4437.0,-446.3304709635536,17.036836681357247,0.0,-0.3283690251838424,0.0005083724573614849,0.0
4438.0,-445.38370668400023,16.7145392893487,0.0,-0.32786235523583146,0.0005049686442985535,0.0
4439.0,-444.43678076830054,16.392720361608607,0.0,-0.3273590889733892,0.0005015651005075639,0.0
4440.0,-443.4896946491794,16.071376788724997,0.0,-0.32685922612529,0.0004981618290671175,0.0
4441.0,-442.5424497593613,15.750505461285886,0.0,-0.32636276641733547,0.0004947588328841822,0.0
4442.0,-441.59504753157114,15.430103269879288,0.0,-0.3258697095725155,0.0004913561146961437,0.0
4443.0,-440.6474893985334,15.110167105093227,0.0,-0.3253800553111719,0.0004879536770652583,0.0
4444.0,-439.699776792973,14.790693857515716,0.0,-0.32489380335118445,0.0004845515223785092,0.0
4445.0,-438.7519111476145,14.471680417734774,0.0,-0.3244109534081109,0.00048114965285752807,0.0
4446.0,-437.8038938951828,14.153123676338424,0.0,-0.3239315051953638,0.0004777480705576074,0.0
4447.0,-436.85572646840234,13.835020523914682,0.0,-0.3234554584244018,0.0004743467773655514,0.0
4448.0,-435.90741029999793,13.51736785105156,0.0,-0.3229828128049245,0.00047094577500280836,0.0
4449.0,-434.9589468226944,13.200162548337087,0.0,-0.32251356804492104,0.00046754506502219177,0.0
4450.0,-434.0103374692162,12.883401506359274,0.0,-0.32204772385095987,0.00046414464881663106,0.0
4451.0,-433.0615836722883,12.567081615706138,0.0,-0.3215852799282788,0.0004607445276210193,0.0
4452.0,-432.1126868646352,12.251199766965707,0.0,-0.3211262359809772,0.00045734470250242764,0.0
4453.0,-431.1636484789817,11.93575285072599,0.0,-0.32067059171218676,0.0004539451743711596,0.0
4454.0,-430.21446994805257,11.620737757575005,0.0,-0.320218346824146,0.0004505459439806997,0.0
4455.0,-429.26515270457236,11.306151378100779,0.0,-0.31976950101848606,0.00044714701192345913,0.0
4456.0,-428.3156981812659,10.991990602891322,0.0,-0.3193240539963255,0.00044374837864138587,0.0
4457.0,-427.36610781085784,10.678252322534652,0.0,-0.31888200545835915,0.0004403500444164091,0.0
4458.0,-426.4163830260728,10.364933427618796,0.0,-0.3184433551051497,0.0004369520093754155,0.0
4459.0,-425.4665252596357,10.052030808731766,0.0,-0.3180081026371779,0.0004335542735021125,0.0
4460.0,-424.516535944271,9.739541356461574,0.0,-0.3175762477550067,0.0004301568366239477,0.0
4461.0,-423.5664165127036,9.427461961396252,0.0,-0.31714779015949635,0.000426759698413314,0.0
4462.0,-422.6161683976581,9.115789514123811,0.0,-0.3167227295518799,0.0004233628584001551,0.0
4463.0,-421.6657930318593,8.804520905232264,0.0,-0.3163010656339021,0.00041996631596751184,0.0
4464.0,-420.71529184803177,8.49365302530964,0.0,-0.3158827981080473,0.0004165700703501156,0.0
4465.0,-419.7646662789003,8.183182764943954,0.0,-0.31546792667767515,0.00041317412063833687,0.0
4466.0,-418.8139177571896,7.873107014723216,0.0,-0.31505645104705027,0.0004097784657750213,0.0
4467.0,-417.86304771562436,7.56342266523546,0.0,-0.31464837092158915,0.0004063808115399184,0.0
4468.0,-416.9120575869292,7.254126607068687,0.0,-0.3142436860080123,0.0004029057437624574,0.0
4469.0,-415.96094880382896,6.945215730810924,0.0,-0.31384239601442726,0.0003991266712211774,0.0
4470.0,-415.00972279904823,6.636686927050195,0.0,-0.31344450065050444,0.0003948027810856957,0.0
4471.0,-414.05838100531184,6.328537086374506,0.0,-0.3130500317298861,0.0003898420056096688,0.0
4472.0,-413.1069248666893,6.02076303555971,0.0,-0.31266001264316196,0.00038423956493675263,0.0
4473.0,-412.15535617764954,5.713359630488706,0.0,-0.312276591684467,0.00037799535228100987,0.0
4474.0,-411.20367714141196,5.406319427938992,0.0,-0.3119009913489727,0.00037111155721369915,0.0
4475.0,-410.2518899842985,5.099634854744796,0.0,-0.31153327750209336,0.0003636634923880888,0.0
4476.0,-409.299996932631,4.793298337740344,0.0,-0.31117345061123164,0.0003558776505535955,0.0
4477.0,-408.3480002127312,4.487302303759864,0.0,-0.3108215111217659,0.000347994749043734,0.0
4478.0,-407.39590205092117,4.18163917963758,0.0,-0.31047745945763283,0.0003401067630258476,0.0
4479.0,-406.4437046735225,3.8763013922077194,0.0,-0.310141296021982,0.000332218382625597,0.0
4480.0,-405.4914103068572,3.5712813683045086,0.0,-0.3098130211978966,0.0003243296276783103,0.0
4481.0,-404.539021177247,3.2665715347621735,0.0,-0.3094926353489308,0.00031644051740184877,0.0
4482.0,-403.58653951101377,2.9621643184149407,0.0,-0.3091801388197734,0.00030855107040927976,0.0
4483.0,-402.63396753447944,2.6580521460970363,0.0,-0.30887553193679324,0.00030066130472235415,0.0
4484.0,-401.68130747396566,2.354227444642687,0.0,-0.308578815008708,0.0002927712377910301,0.0
4485.0,-400.7285615557945,2.0506826408861185,0.0,-0.3082899883270649,0.00028488088650536434,0.0
4486.0,-399.77573200628757,1.7474101616615572,0.0,-0.30800905216682,0.0002769902672040414,0.0
4487.0,-398.8228210517668,1.4444024338032293,0.0,-0.3077360067869456,0.00026909939569969005,0.0
4488.0,-397.86983091855416,1.1416518841453611,0.0,-0.30747085243080735,0.00026120828728963736,0.0
4489.0,-396.91676383297124,0.8391509395221805,0.0,-0.30721358932682175,0.0002533169567629818,0.0
4490.0,-395.9636220213401,0.5368920267679111,0.0,-0.3069642176888883,0.0002454254184270842,0.0
4491.0,-395.0104077099825,0.23486757271678077,0.0,-0.30672273771681724,0.00023753368611613621,0.0
4492.0,-394.0571231252202,-0.06692999579698458,0.0,-0.3064891495969007,0.00022964177320339285,0.0
4493.0,-393.1037704933751,-0.36850825193915765,0.0,-0.30626345350230244,0.00022174969262240117,0.0
4494.0,-392.1503520407691,-0.6698747688755139,0.0,-0.306045649593484,0.0002138574568743398,0.0
4495.0,-391.196869993724,-0.9710371197718263,0.0,-0.30583573801864306,0.0002059650780476977,0.0
4496.0,-390.2433265785616,-1.2720028777938683,0.0,-0.30563371891413854,0.0001980725678347252,0.0
4497.0,-389.2897240216038,-1.572779616107413,0.0,-0.3054395924048579,0.00019017993753959024,0.0
4498.0,-388.3360645491723,-1.8733749078782365,0.0,-0.3052533586046069,0.00018228719809706577,0.0
4499.0,-387.38235038758916,-2.1737963262721083,0.0,-0.3050750176164433,0.00017439436008787848,0.0
4500.0,-386.428583763176,-2.4740514444548065,0.0,-0.3049045695330737,0.0001665014337525115,0.0
4501.0,-385.4747669022548,-2.7741478355921023,0.0,-0.3047420144371585,0.0001586084290043445,0.0
4502.0,-384.5209020311474,-3.0740930728497706,0.0,-0.30458735240160967,0.000150715355445054,0.0
4503.0,-383.56699137617557,-3.3738947293935846,0.0,-0.30444058348994163,0.00014282222238319397,0.0
4504.0,-382.61303716366115,-3.6735603783893183,0.0,-0.30430170775651966,0.00013492903884363655,0.0
4505.0,-381.659041619926,-3.973097593002745,0.0,-0.3041707252468843,0.00012703581358386847,0.0
4506.0,-380.705006971292,-4.272513946399638,0.0,-0.3040476359979351,0.00011914255511063666,0.0
4507.0,-379.75093544408094,-4.571817011745771,0.0,-0.3039324400382172,0.00011124927169003134,0.0
4508.0,-378.79682926461464,-4.8710143622069175,0.0,-0.3038251373882041,0.0001033559713697301,0.0
4509.0,-377.84269065921507,-5.170113570948854,0.0,-0.3037257280603899,9.54626619899931e-05,0.0
4510.0,-376.8885218542038,-5.469122211137352,0.0,-0.3036342120596125,8.756935119189464e-05,0.0
4511.0,-375.93432507590296,-5.768047855938185,0.0,-0.30355058938318835,7.96760464411136e-05,0.0
4512.0,-374.98010255063423,-6.066898078517127,0.0,-0.3034748600210394,7.178275504235443e-05,0.0
4513.0,-374.0258565047195,-6.3656804520399515,0.0,-0.3034070239559201,6.388948414967621e-05,0.0
4514.0,-373.07158916448054,-6.664402549672433,0.0,-0.30334708116354564,5.5996240782321284e-05,0.0
4515.0,-372.1173027562393,-6.963071944580342,0.0,-0.30329503161270005,4.810303183732815e-05,0.0
4516.0,-371.16299950631765,-7.2616962099294575,0.0,-0.303250875265301,4.020986410834577e-05,0.0
4517.0,-370.20868164103723,-7.560282918885551,0.0,-0.30321461207660594,3.2316744304503434e-05,0.0
4518.0,-369.25435138672,-7.858839644614394,0.0,-0.3031862419952424,2.4423679055902386e-05,0.0
4519.0,-368.3000109696877,-8.157373960281763,0.0,-0.30316576496326275,1.6530674927196192e-05,0.0
4520.0,-367.3456626162624,-8.455893439053431,0.0,-0.30315318091617993,8.637738441222684e-06,0.0
4521.0,-366.3913085527658,-8.754405654095173,0.0,-0.3031484897830228,7.448760923583243e-07,0.0
4522.0,-365.43695100551963,-9.052918178572758,0.0,-0.3031516914864403,-7.147905642169398e-06,0.0
4523.0,-364.48259220084594,-9.351438585651964,0.0,-0.30316278594258,-1.5040600289669057e-05,0.0
4524.0,-363.5282343650664,-9.649974448498563,0.0,-0.3031817730611498,-2.293320136588704e-05,0.0
4525.0,-362.57387972450294,-9.948533340278331,0.0,-0.30320865274540554,-3.0825702354472396e-05,0.0
4526.0,-361.6195305054773,-10.24712283415704,0.0,-0.30324342489209,-3.871809669575169e-05,0.0
4527.0,-360.66518893431146,-10.545750503300459,0.0,-0.30328608939140805,-4.661037777608671e-05,0.0
4528.0,-359.71085723732716,-10.84442392087437,0.0,-0.3033366461269171,-5.450253890907205e-05,0.0
4529.0,-358.75653764084626,-11.143150660044542,0.0,-0.3033950949755086,-6.239457332053522e-05,0.0
4530.0,-357.80223237119066,-11.44193829397675,0.0,-0.3034614358072522,-7.028647413599114e-05,0.0
4531.0,-356.84794365468207,-11.740794395836769,0.0,-0.3035356684853428,-7.817823436236304e-05,0.0
4532.0,-355.89367371764246,-12.039726538790372,0.0,-0.30361779286593954,-8.606984687652341e-05,0.0
4533.0,-354.93942478639354,-12.338742296003328,0.0,-0.3037078087980435,-9.396130441234012e-05,0.0
4534.0,-353.9851990872573,-12.637849240641417,0.0,-0.30380571612335844,-0.00010185259954127524,0.0
4535.0,-353.0309988465555,-12.937054945870411,0.0,-0.3039115146760398,-0.00010974372466040255,0.0
4536.0,-352.0768262906099,-13.236366984856083,0.0,-0.3040252042826572,-0.0001176346719738232,0.0
4537.0,-351.12268364574254,-13.535792930764206,0.0,-0.30414678476187634,-0.00012552543348208687,0.0
4538.0,-350.168573138275,-13.835340356760554,0.0,-0.3042762559242965,-0.00013341600097270333,0.0
4539.0,-349.2144969945294,-14.135016836010902,0.0,-0.30441361757223145,-0.0001413063659929936,0.0
4540.0,-348.2604574408274,-14.434829941681022,0.0,-0.3045588694993851,-0.00014919651984098201,0.0
4541.0,-347.30645670349077,-14.734787246936689,0.0,-0.30471201149076604,-0.00015708645355569769,0.0
4542.0,-346.35249700884157,-15.034896324943677,0.0,-0.30487304332225,-0.00016497615789464102,0.0
4543.0,-345.39858058320146,-15.335164748867754,0.0,-0.3050419647603489,-0.0001728656233261548,0.0
4544.0,-344.44470965289236,-15.635600091874704,0.0,-0.3052187755619584,-0.00018075484000952744,0.0
4545.0,-343.490886444236,-15.936209927130292,0.0,-0.3054034754739942,-0.00018864379777725718,0.0
4546.0,-342.5371131835544,-16.2370018278003,0.0,-0.30559606423305874,-0.00019653248613234393,0.0
4547.0,-341.5833920971693,-16.53798336705049,0.0,-0.305796541565124,-0.00020442089422449485,0.0
4548.0,-340.62972541140255,-16.83916211804665,0.0,-0.30600490718516055,-0.00021230901083314175,0.0
4549.0,-339.676115352576,-17.14054565395454,0.0,-0.3062211607967371,-0.00022019682436368238,0.0
4550.0,-338.72256414701144,-17.442141547939944,0.0,-0.3064453020917146,-0.00022808432282309904,0.0
4551.0,-337.7690740210308,-17.74395737316863,0.0,-0.30667733074973563,-0.00023597149380380885,0.0
4552.0,-336.81564720095577,-18.046000702806378,0.0,-0.306917246437881,-0.00024385832448168516,0.0
4553.0,-335.8622859131083,-18.34827911001895,0.0,-0.3071650488102635,-0.00025174480159309565,0.0
4554.0,-334.9089923838103,-18.65080016797213,0.0,-0.3074207375074426,-0.0002596309114148908,0.0
4555.0,-333.95576883938344,-18.953571449831685,0.0,-0.30768431215609526,-0.00026751663975619185,0.0
4556.0,-333.0026175061496,-19.2566005287634,0.0,-0.307955772368546,-0.00027540197194494167,0.0
4557.0,-332.04954061043065,-19.55989497793303,0.0,-0.3082351177422091,-0.00028328689281504574,0.0
4558.0,-331.0965403785486,-19.86346237050637,0.0,-0.30852234785904964,-0.0002911713866873595,0.0
4559.0,-330.143619036825,-20.167310279649172,0.0,-0.30881746228515367,-0.0002990554373492485,0.0
4560.0,-329.19077881158177,-20.471446278527228,0.0,-0.30912046057022,-0.0003069390280499295,0.0
4561.0,-328.2380219291408,-20.775877940306305,0.0,-0.3094313422468967,-0.0003148221414898598,0.0
4562.0,-327.28535061582403,-21.080612838152174,0.0,-0.30975010683026416,-0.00032274059225251284,0.0
4563.0,-326.33276709795314,-21.385658545230616,0.0,-0.31007675381726657,-0.0003309191282012997,0.0
4564.0,-325.3802736018499,-21.691022634707394,0.0,-0.3104112826861875,-0.00033974069352959985,0.0
4565.0,-324.4278723538364,-21.996712679748295,0.0,-0.31075369289592925,-0.0003494402763008854,0.0
4566.0,-323.47556558023433,-22.302736253519075,0.0,-0.31110448553980924,-0.0003600589491119323,0.0
4567.0,-322.52335603392464,-22.609101814063116,0.0,-0.31146630511038265,-0.0003715969271743668,0.0
4568.0,-321.57124871731133,-22.91582159972619,0.0,-0.3118418674161485,-0.0003840544394536627,0.0
4569.0,-320.61924923340473,-23.22290885816722,0.0,-0.3122317455292248,-0.00039739589634333564,0.0
4570.0,-319.6673631852212,-23.530376837055112,0.0,-0.312635940405873,-0.0004113967879623782,0.0
4571.0,-318.71559617577674,-23.838238784058763,0.0,-0.3130544530780222,-0.0004256744208106709,0.0
4572.0,-317.76395380808776,-24.14650794684708,0.0,-0.3134872846564458,-0.00043999406990754707,0.0
4573.0,-316.8124416851705,-24.45519757308897,0.0,-0.31393443632809936,-0.0004543149377960147,0.0
4574.0,-315.8610654100411,-24.764320910453325,0.0,-0.3143959093535658,-0.0004686370961221994,0.0
4575.0,-314.9098305857158,-25.073891206609055,0.0,-0.3148717050643147,-0.00048296061414501707,0.0
4576.0,-313.958742815211,-25.383921709225056,0.0,-0.3153618248597642,-0.0004972855582532195,0.0
4577.0,-313.00780770154273,-25.694425665970236,0.0,-0.3158662702044778,-0.0005116119918750495,0.0
4578.0,-312.0570308477274,-26.005416324513497,0.0,-0.31638504262512823,-0.0005259399753826626,0.0
4579.0,-311.1064178567811,-26.316906932523736,0.0,-0.31691814370737004,-0.0005402695660180042,0.0
4580.0,-310.15597433172013,-26.628910737669866,0.0,-0.3174655750927202,-0.0005546008177950265,0.0
4581.0,-309.2057058755608,-26.94144098762078,0.0,-0.31802733847519565,-0.0005689337814073412,0.0
4582.0,-308.2556180913192,-27.254510930045384,0.0,-0.31860343559804216,-0.0005832685041521663,0.0
4583.0,-307.30571658201166,-27.56813381261258,0.0,-0.31919386825028884,-0.0005976050298292988,0.0
4584.0,-306.3560069506545,-27.88232288299128,0.0,-0.3197986382630835,-0.0006119433986554259,0.0
4585.0,-305.4064948002637,-28.197091388850364,0.0,-0.32041774750622526,-0.0006262836471809927,0.0
4586.0,-304.45718573385574,-28.51245257785876,0.0,-0.32105119788440334,-0.0006406258081900168,0.0
4587.0,-303.5080853544468,-28.828419697685348,0.0,-0.3216989913332971,-0.0006549699106189387,0.0
4588.0,-302.55919926505305,-29.14500599599905,0.0,-0.32236112981579473,-0.0006693159794668882,0.0
4589.0,-301.61053306869076,-29.462224720468754,0.0,-0.323037615317977,-0.0006836640356956611,0.0
4590.0,-300.6620923683762,-29.78008911876337,0.0,-0.32372844984501425,-0.0006980140961484351,0.0
4591.0,-299.71388276712554,-30.098612438551797,0.0,-0.32443363541702325,-0.0007123661734615586,0.0
4592.0,-298.7659098679551,-30.41780792750294,0.0,-0.32515317406482197,-0.0007267202759682187,0.0
4593.0,-297.81817927388107,-30.7376888332857,0.0,-0.3258870678255459,-0.0007410764076085216,0.0
4594.0,-296.8706965879197,-31.05826840356898,0.0,-0.32663531873823265,-0.000755434567840171,0.0
4595.0,-295.9234674130872,-31.37955988602168,0.0,-0.327397928839321,-0.0007697947515483853,0.0
4596.0,-294.97649735239986,-31.70157652831271,0.0,-0.32817490015800577,-0.0007841569489541972,0.0
4597.0,-294.02979200887387,-32.02433157811097,0.0,-0.32896623471150477,-0.0007985211455231179,0.0
4598.0,-293.0833569855255,-32.34783828308535,0.0,-0.3297719345002951,-0.0008128873218753957,0.0
4599.0,-292.1371978853709,-32.67210989090478,0.0,-0.3305920015032275,-0.0008272554536911748,0.0
4600.0,-291.19132031142647,-32.99715964923812,0.0,-0.33142643767249913,-0.0008416255116204014,0.0
4601.0,-290.2457298667083,-33.32300080575431,0.0,-0.33227524492860305,-0.0008559974611967288,0.0
4602.0,-289.3004321542327,-33.64964660812224,0.0,-0.33313842515520614,-0.0008703712627411152,0.0
4603.0,-288.3554327770159,-33.97711030401082,0.0,-0.3340159801937971,-0.0008847468712681644,0.0
4604.0,-287.4107373380741,-34.30540514108894,0.0,-0.3349079118383991,-0.0008991242364012687,0.0
4605.0,-286.4663514404236,-34.634544367025505,0.0,-0.335814221830155,-0.000913503302276079,0.0
4606.0,-285.5222806870805,-34.96454122948943,0.0,-0.3367349118517432,-0.0009278840074474333,0.0
4607.0,-284.5785306810613,-35.29540897614959,0.0,-0.3376699835217377,-0.0009422662848057752,0.0
4608.0,-283.6351070253819,-35.62716085467492,0.0,-0.33861943838898223,-0.0009566500614804747,0.0
4609.0,-282.69201532305885,-35.9598101127343,0.0,-0.3395832779266921,-0.0009710352587457836,0.0
4610.0,-281.7492611771082,-36.293369997996635,0.0,-0.3405615035265752,-0.000985421791932938,0.0
4611.0,-280.80685019054624,-36.62785375813085,0.0,-0.3415541164929018,-0.000999809570338818,0.0
4612.0,-279.86478796638914,-36.963274640805814,0.0,-0.34256111803637895,-0.0010141984971356835,0.0
4613.0,-278.9230801076533,-37.29964589369046,0.0,-0.34358250926796025,-0.0010285884692817372,0.0
4614.0,-277.9817322173548,-37.63698076445367,0.0,-0.3446182911925818,-0.0010429793774239804,0.0
4615.0,-277.04074989851,-37.97529250076434,0.0,-0.3456684647028816,-0.0010573711058090415,0.0
4616.0,-276.100138754135,-38.3145943502914,0.0,-0.3467330305726923,-0.0010717635321997757,0.0
4617.0,-275.1599043872462,-38.654899560703726,0.0,-0.34781198945051933,-0.0010861565277815375,0.0
4618.0,-274.2200524008597,-38.996221379670246,0.0,-0.3489053418528934,-0.0011005499570688074,0.0
4619.0,-273.2805883979917,-39.33857305485985,0.0,-0.3500130881577139,-0.0011149436778192523,0.0
4620.0,-272.3415179816586,-39.68196783394143,0.0,-0.35113522859742213,-0.001129337540941629,0.0
4621.0,-271.4028467548766,-40.026418964583904,0.0,-0.35227176325206144,-0.0011437313904100624,0.0
4622.0,-270.4645803206618,-40.37193969445616,0.0,-0.35342269204236526,-0.0011581250631762202,0.0
4623.0,-269.52672428203056,-40.71854327122711,0.0,-0.35458801472267815,-0.0011725183890743754,0.0
4624.0,-268.58928424199917,-41.06624294256566,0.0,-0.35576773087371627,-0.001186911190743612,0.0
4625.0,-267.6522658035837,-41.4150519561407,0.0,-0.35696183989543734,-0.0012013032835349086,0.0
4626.0,-266.71567456980057,-41.76498355962115,0.0,-0.35817034099963707,-0.0012156944754207516,0.0
4627.0,-265.77951614366583,-42.1160510006759,0.0,-0.35939323320254024,-0.0012300845634536889,0.0
4628.0,-264.84379612819583,-42.46826752697386,0.0,-0.3606305153173539,-0.0012440920827772833,0.0
4629.0,-263.9085201264068,-42.82164638618393,0.0,-0.3618821859465615,-0.0012555236939728281,0.0
4630.0,-262.97369374131495,-43.176200825974995,0.0,-0.3631482434743724,-0.0012608011317540937,0.0
4631.0,-262.0393225759365,-43.53194409401598,0.0,-0.36442868601037365,-0.001257822432693123,0.0
4632.0,-261.105412233252,-43.88888943788554,0.0,-0.3657181739176619,-0.0012462517977979782,0.0
4633.0,-260.1719643850205,-44.24704018191932,0.0,-0.3669913386930321,-0.0012260890538805522,0.0
4634.0,-259.23896595177587,-44.60636241520854,0.0,-0.36822345135370255,-0.0011973341651205663,0.0
4635.0,-258.30640039476475,-44.96681349486384,0.0,-0.3694098112238953,-0.0011603684750581822,0.0
4636.0,-257.3742511752336,-45.328350777995844,0.0,-0.3705504152091918,-0.0011173853106604165,0.0
4637.0,-256.44250175442914,-45.69093162171518,0.0,-0.37164526096606987,-0.0010719630254771096,0.0
4638.0,-255.51113559359771,-46.05451338313246,0.0,-0.3726943468303641,-0.0010262037641788385,0.0
4639.0,-254.58013615398607,-46.41905341935833,0.0,-0.373697671748486,-0.0009804435926715047,0.0
4640.0,-253.64948689684073,-46.784509087503395,0.0,-0.37465523521145383,-0.0009346830298402331,0.0
4641.0,-252.71917128340823,-47.15083774467831,0.0,-0.37556703719196033,-0.0008889225329774105,0.0
4642.0,-251.78917277493517,-47.51799674799368,0.0,-0.3764330780841413,-0.0008431625006499148,0.0
4643.0,-250.85947483266804,-47.88594345456013,0.0,-0.3772533586463469,-0.0007974032755806953,0.0
4644.0,-249.93006091785344,-48.2546352214883,0.0,-0.378027879946678,-0.0007516451475213038,0.0
4645.0,-249.00091449173797,-48.624029405888805,0.0,-0.3787566433114397,-0.0007058883561245937,0.0
4646.0,-248.07201901556815,-48.99408336487229,0.0,-0.3794396502765092,-0.0006601330938242055,0.0
4647.0,-247.14335795059054,-49.36475445554936,0.0,-0.38007690254156035,-0.0006143795087115908,0.0
4648.0,-246.21491475805175,-49.73600003503064,0.0,-0.38066840192715207,-0.0005686277074212368,0.0
4649.0,-245.2866728991983,-50.10777746042678,0.0,-0.38121415033469386,-0.0005228777580088709,0.0
4650.0,-244.35861583527674,-50.480044088848395,0.0,-0.3817141497093332,-0.0004771296928214596,0.0
4651.0,-243.4307270275337,-50.852757277406106,0.0,-0.382168402005654,-0.0004313835113801083,0.0
4652.0,-242.50298993721563,-51.225874383210524,0.0,-0.38257690915636106,-0.000385639183261653,0.0
4653.0,-241.5753880255692,-51.599352763372316,0.0,-0.38293967304371207,-0.0003398966509698477,0.0
4654.0,-240.64790475384095,-51.97314977500208,0.0,-0.38325669547385793,-0.0002941558328113697,0.0
4655.0,-239.7205235832774,-52.34722277521045,0.0,-0.383527978154176,-0.0002484166257672766,0.0
4656.0,-238.79322797512515,-52.72152912110805,0.0,-0.38375352267333307,-0.00020267890836874906,0.0
4657.0,-237.86600139063074,-53.09602616980551,0.0,-0.38393333048427186,-0.00015694254357423839,0.0
4658.0,-236.93882729104075,-53.47067127841346,0.0,-0.3840674028900745,-0.00011120738163132778,0.0
4659.0,-236.01168913760176,-53.84542180404252,0.0,-0.3841557410326824,-6.547326294861766e-05,0.0
4660.0,-235.08457039156028,-54.220235103803304,0.0,-0.3841983458845532,-1.9740020970945453e-05,0.0
4661.0,-234.15745451416294,-54.595068534806465,0.0,-0.38419521824305614,2.5992514955358596e-05,0.0
4662.0,-233.2303249666562,-54.96987945416262,0.0,-0.3841463587278164,7.172451671617697e-05,0.0
4663.0,-232.30316521028675,-55.34462521898239,0.0,-0.38405176778097333,0.00011745615456018995,0.0
4664.0,-231.37595870630102,-55.719263186376395,0.0,-0.38391144567022484,0.00016318759423084028,0.0
4665.0,-230.4486889159457,-56.09375071345528,0.0,-0.3837253924947465,0.00020891899409576441,0.0
4666.0,-229.5213393004673,-56.468045157329655,0.0,-0.3834936081939839,0.00025465050228102936,0.0
4667.0,-228.59389332111235,-56.84210387511016,0.0,-0.383216092559409,0.0003003822538083908,0.0
4668.0,-227.66633443912747,-57.21588422390742,0.0,-0.38289284524896855,0.00034611436772049345,0.0
4669.0,-226.73864611575917,-57.58934356083204,0.0,-0.38252386580456327,0.00039184694420956487,0.0
4670.0,-225.81081181225406,-57.96243924299468,0.0,-0.38210915367229203,0.0004375800617563945,0.0
4671.0,-224.88281498985864,-58.33512862750594,0.0,-0.38164870822558866,0.00048331377425758765,0.0
4672.0,-223.95463910981954,-58.70736907147645,0.0,-0.3811425287912958,0.0005290481081523443,0.0
4673.0,-223.02626763338327,-59.07911793201685,0.0,-0.38059061467850075,0.0005747830595559071,0.0
4674.0,-222.09768402179645,-59.45033256623776,0.0,-0.3799929652103027,0.0006205185913842297,0.0
4675.0,-221.1688717363056,-59.82097033124981,0.0,-0.37934957975846867,0.0006662546304857876,0.0
4676.0,-220.2398142381573,-60.19098858416362,0.0,-0.3786604577809303,0.0007119910647715762,0.0
4677.0,-219.3104949885981,-60.56034468208981,0.0,-0.3779255988621423,0.0007577277403399973,0.0
4678.0,-218.38089744887455,-60.92899598213902,0.0,-0.3771450027563592,0.0008034644586072273,0.0
4679.0,-217.45100508023324,-61.29689984142187,0.0,-0.3763186694337242,0.0008492009734393194,0.0
4680.0,-216.5208013439207,-61.664013617048994,0.0,-0.37544659912927025,0.0008949369882850895,0.0
4681.0,-215.59026970118356,-62.030294666131006,0.0,-0.3745287923947732,0.0009406721533054314,0.0
4682.0,-214.6593936132683,-62.39570034577854,0.0,-0.37356525015349695,0.0009864060625089299,0.0
4683.0,-213.72815654142155,-62.76018801310223,0.0,-0.37255597375775157,0.0010321382508950189,0.0
4684.0,-212.79654194688987,-63.12371502521269,0.0,-0.3715009650493298,0.0010778681915934768,0.0
4685.0,-211.86453329091972,-63.48623873922055,0.0,-0.37040022642289566,0.0011235952930114693,0.0
4686.0,-210.9321140347578,-63.84771651223644,0.0,-0.36925376089206274,0.0011693188959897175,0.0
4687.0,-209.99926763965058,-64.20810570137098,0.0,-0.36806157215840146,0.0012150382709587135,0.0
4688.0,-209.06597756684468,-64.5673636637348,0.0,-0.36682366468333333,0.0012607526151077939,0.0
4689.0,-208.13222727758662,-64.92544775643852,0.0,-0.36554004376277627,0.0013064610495660345,0.0
4690.0,-207.19800023312303,-65.28231533659277,0.0,-0.3642107156046162,0.0013521626165828781,0.0
4691.0,-206.26327989470036,-65.6379237613082,0.0,-0.36283568740904315,0.001397856276728393,0.0
4692.0,-205.32804972356524,-65.99223038769541,0.0,-0.3614149674516732,0.0014435409061147714,0.0
4693.0,-204.39229318096426,-66.34519257286505,0.0,-0.35994856516936075,0.0014892152936174835,0.0
4694.0,-203.4559937281439,-66.6967676739277,0.0,-0.35843649124894317,0.0015348781381185853,0.0
4695.0,-202.5191348263508,-67.04691304799402,0.0,-0.3568787577185941,0.0015805280457820584,0.0
4696.0,-201.58169993683154,-67.39558605217464,0.0,-0.3552753780419087,0.0016261635273352448,0.0
4697.0,-200.6436725208326,-67.74274404358016,0.0,-0.35362636721483903,0.001671782995377275,0.0
4698.0,-199.70503603960054,-68.08834437932126,0.0,-0.35193174186516013,0.0017173847617213054,0.0
4699.0,-198.76577395438204,-68.43234441650851,0.0,-0.3501915203546074,0.0017629670347544893,0.0
4700.0,-197.82586972642358,-68.77470151225256,0.0,-0.3484057228837331,0.001808527916840695,0.0
4701.0,-196.88530681697168,-69.11537302366405,0.0,-0.34657437159928894,0.0018540654017527305,0.0
4702.0,-195.94406868727296,-69.45431630785357,0.0,-0.34469749070415007,0.0018995773721345432,0.0
4703.0,-195.002138798574,-69.79148872193177,0.0,-0.3427751065697899,0.0019450615970185278,0.0
4704.0,-194.05950061212135,-70.12684762300928,0.0,-0.3408072478511881,0.0019905157293788373,0.0
4705.0,-193.11613758916153,-70.46035036819671,0.0,-0.33879394560427284,0.0020359373037283513,0.0
4706.0,-192.17203319094114,-70.79195431460472,0.0,-0.33673523340561107,0.0020813237337764367,0.0
4707.0,-191.22717087870674,-71.12161681934391,0.0,-0.33463114747447004,0.0021266723101339303,0.0
4708.0,-190.2815341137049,-71.4492952395249,0.0,-0.3324817267972483,0.0021719801980782977,0.0
4709.0,-189.33510635718216,-71.77494693225833,0.0,-0.3302870132539938,0.002217244435389279,0.0
4710.0,-188.3878710703851,-72.09852925465484,0.0,-0.32804705174707605,0.0022624619302380506,0.0
4711.0,-187.43981171456028,-72.41999956382502,0.0,-0.3257618903320269,0.0023076294591572854,0.0
4712.0,-186.49091175095424,-72.73931521687952,0.0,-0.32343158035033787,0.0023527436650963972,0.0
4713.0,-185.54115464081357,-73.05643357092897,0.0,-0.32105617656409613,0.0023978010555373453,0.0
4714.0,-184.5905238453848,-73.37131198308397,0.0,-0.31863573729265227,0.002444145608417769,0.0
4715.0,-183.63900282591456,-73.68390781045518,0.0,-0.3161703245508641,0.002506037324299187,0.0
4716.0,-182.68657504364936,-73.99417841015322,0.0,-0.31366000418902845,0.0026138655836816832,0.0
4717.0,-181.73322395983578,-74.3020811392887,0.0,-0.31110484603451855,0.002791090202015789,0.0
4718.0,-180.77893303572037,-74.60757335497226,0.0,-0.30848605752673564,0.0030438119394293073,0.0
4719.0,-179.82368069594014,-74.91057433447769,0.0,-0.3056228906154405,0.0033722289455340644,0.0
4720.0,-178.86740214965448,-75.21067661973828,0.0,-0.3022707481274499,0.003776514811287613,0.0
4721.0,-177.91001061544495,-75.50730649052073,0.0,-0.29834590290107743,0.004255510887437863,0.0
4722.0,-176.9514191377933,-75.79988891029144,0.0,-0.2938467917904286,0.004795150202613241,0.0
4723.0,-175.99154076118137,-76.08784884251686,0.0,-0.288772331711987,0.005365235700107206,0.0
4724.0,-175.03028853009087,-76.37061125066339,0.0,-0.2831213111535334,0.005942489881863303,0.0
4725.0,-174.06757548900364,-76.64760109819747,0.0,-0.2768924399835907,0.006520974089141284,0.0
4726.0,-173.10331468240142,-76.9182433485855,0.0,-0.27008440532200007,0.007100620933942499,0.0
4727.0,-172.13741915476604,-77.18196296529395,0.0,-0.2626959336193895,0.007681344214364456,0.0
4728.0,-171.16980195057926,-77.4381849117892,0.0,-0.2547258590630516,0.008262986065416486,0.0
4729.0,-170.2003761143228,-77.68633415153768,0.0,-0.24617319838047644,0.008845310709455543,0.0
4730.0,-169.2290546904786,-77.9258356480058,0.0,-0.2370372320467442,0.009427998284147527,0.0
4731.0,-168.25575072352822,-78.15611436466001,0.0,-0.2273175918176738,0.010010638846425581,0.0
4732.0,-167.28037725795363,-78.37659526496674,0.0,-0.21701435440361946,0.010592726672405382,0.0
4733.0,-166.30284733823655,-78.58670331239239,0.0,-0.20612814096959367,0.01117215994653229,0.0
4734.0,-165.32307400885875,-78.78586347040338,0.0,-0.19466022199373048,0.011731788405453473,0.0
4735.0,-164.34097031430196,-78.97350070246617,0.0,-0.18261262683875248,0.012235615580161691,0.0
4736.0,-163.35644929904808,-79.14903997204713,0.0,-0.16998825719110022,0.012656061444173222,0.0
4737.0,-162.36942400757883,-79.31190624261272,0.0,-0.15681193398466836,0.012986576313596137,0.0
4738.0,-161.3798293203886,-79.4615634317216,0.0,-0.14329785220340102,0.013228002213744126,0.0
4739.0,-160.3877981462256,-79.59782872705537,0.0,-0.12973547589562856,0.013381367114521044,0.0
4740.0,-159.3935688390956,-79.72070742409552,0.0,-0.11622215925915945,0.01344932931702509,0.0
4741.0,-158.39738073389444,-79.8302065681705,0.0,-0.10275413531381879,0.013449641611949831,0.0
4742.0,-157.39947316551792,-79.92633320460877,0.0,-0.08932668252624643,0.013418961758396578,0.0
4743.0,-156.4000854688619,-80.00909437873878,0.0,-0.07593506190031167,0.013385603435803141,0.0
4744.0,-155.39945697882223,-80.07849713588898,0.0,-0.06257451883710566,0.013356936763446103,0.0
4745.0,-154.3978270302947,-80.13454852138786,0.0,-0.04924028478366609,0.013333042089514179,0.0
4746.0,-153.39543495817512,-80.17725558056381,0.0,-0.03592757869781139,0.013313931537277232,0.0
4747.0,-152.3925200973594,-80.20662535874534,0.0,-0.02263160835573264,0.01329961593441595,0.0
4748.0,-151.3893217827433,-80.22266490126093,0.0,-0.009347571529000148,0.013290104930511939,0.0
4749.0,-150.38607934922268,-80.22538125343895,0.0,0.003929342942133453,0.013285407087973131,0.0
4750.0,-149.38303213169334,-80.21478146060791,0.0,0.01720395415318973,0.013285529946470767,0.0
4751.0,-148.38041946505115,-80.19087256809627,0.0,0.03048108819121628,0.01329027693866587,0.0
4752.0,-147.3784806841919,-80.15366162123246,0.0,0.04376557721517913,0.013290622790055738,0.0
4753.0,-146.37745512401145,-80.10315566534499,0.0,0.05706225853496722,0.013257251935055569,0.0
4754.0,-145.37758211940562,-80.03936174576224,0.0,0.07037597366207947,0.013156654897045577,0.0
4755.0,-144.37910100527023,-79.96228690781271,0.0,0.08370872359450988,0.012974384500471803,0.0
4756.0,-143.38224828828822,-79.8719436736161,0.0,0.09694176687940374,0.012708469299252652,0.0
4757.0,-142.38714116534615,-79.76857560689746,0.0,0.1097930573066974,0.012357881333373672,0.0
4758.0,-141.3937362004031,-79.65273733460188,0.0,0.12208515359634668,0.011921905582199396,0.0
4759.0,-140.40197863475623,-79.5250054098371,0.0,0.133802894816654,0.011408749393084687,0.0
4760.0,-139.4118137097025,-79.38595638571093,0.0,0.1449435111230295,0.01084698950065902,0.0
4761.0,-138.4231866665391,-79.23616681533113,0.0,0.1555050597412486,0.010269461790445557,0.0
4762.0,-137.43604274656306,-79.07621325180551,0.0,0.1654863156661323,0.0096899920151002,0.0
4763.0,-136.4503271910715,-78.90667224824183,0.0,0.17488666631096694,0.009109970133508845,0.0
4764.0,-135.46598524136147,-78.72812035774788,0.0,0.1837060108843605,0.008529871196761074,0.0
4765.0,-134.48296213873002,-78.54113413343146,0.0,0.1919446650849214,0.00795007855514151,0.0
4766.0,-133.5012031244743,-78.34629012840031,0.0,0.1996032715394821,0.007370889482748978,0.0
4767.0,-132.5206534398914,-78.14416489576224,0.0,0.20668271626932522,0.006792521070596153,0.0
4768.0,-131.54125832627832,-77.93533498862503,0.0,0.21318405134960794,0.006215116278010817,0.0
4769.0,-130.5629630249322,-77.72037696009646,0.0,0.21910842382975412,0.0056387500524492755,0.0
4770.0,-129.58571277715012,-77.49986736328431,0.0,0.2244570109058308,0.005063435446954962,0.0
4771.0,-128.60945282422915,-77.27438275129639,0.0,0.2292309612778428,0.004490027814244912,0.0
4772.0,-127.63412840746638,-77.04449967724042,0.0,0.23343134258359055,0.003933401086041689,0.0
4773.0,-126.65968476815891,-76.81079469422423,0.0,0.23705909477510279,0.0034306641284458884,0.0
4774.0,-125.68606714760378,-76.57384435535559,0.0,0.240114989291074,0.003015089702706144,0.0
4775.0,-124.71322078709811,-76.33422521374229,0.0,0.24261216772728791,0.0026970279687898923,0.0
4776.0,-123.74109386945086,-76.09248859680339,0.0,0.2447479226566578,0.00247658958044986,0.0
4777.0,-122.76967771436209,-75.8488159005025,0.0,0.2468468098771696,0.002353655499222479,0.0
4778.0,-121.79899640557319,-75.60310754437579,0.0,0.24905241814439003,0.0023272337928604103,0.0
4779.0,-120.82907484444495,-75.35525693625509,0.0,0.2513682772801018,0.0023822938272548572,0.0
4780.0,-119.85993793233817,-75.10515748397219,0.0,0.2537944142048896,0.0024815594828700616,0.0
4781.0,-118.89161057061366,-74.85270259535888,0.0,0.2563308468504019,0.002591588871874725,0.0
4782.0,-117.9241176606322,-74.59778567824702,0.0,0.25897758326800574,0.002701868631188667,0.0
4783.0,-116.95748410375461,-74.34030014046839,0.0,0.26173462069750797,0.00281213776014394,0.0
4784.0,-115.99173480134166,-74.08013938985476,0.0,0.26460194459650027,0.002922383895520809,0.0
4785.0,-115.02689465475419,-73.81719683423802,0.0,0.2675795276313055,0.003032593647501029,0.0
4786.0,-114.06298856535292,-73.55136588144993,0.0,0.2706673286298277,0.0031427525623716162,0.0
4787.0,-113.10004143449875,-73.28253993932228,0.0,0.27386529149717886,0.003252845086168993,0.0
4788.0,-112.13807816355236,-73.01061241568692,0.0,0.27717334409540395,0.0033628545293674333,0.0
4789.0,-111.17712365387466,-72.73547671837565,0.0,0.2805913970880181,0.003472763032745732,0.0
4790.0,-110.21720280682638,-72.45702625522027,0.0,0.2841193427506982,0.00358255153448987,0.0
4791.0,-109.25834052376833,-72.17515443405257,0.0,0.2877570537496759,0.003691246258131053,0.0
4792.0,-108.30056170606132,-71.8897546627044,0.0,0.2915043818892739,0.003793166443364078,0.0
4793.0,-107.34389125506613,-71.60072034900753,0.0,0.2953611568302995,0.0038789179484004822,0.0
4794.0,-106.38835407214356,-71.30794490079379,0.0,0.2993271847795652,0.003942908565955741,0.0
4795.0,-105.4339750586538,-71.01132172589834,0.0,0.30338889842685235,0.003984235475993945,0.0
4796.0,-104.48077424717732,-70.71077066729434,0.0,0.3074801729636668,0.004002924806291477,0.0
4797.0,-103.52875248803616,-70.4063157184158,0.0,0.3115354181526563,0.003999006753575792,0.0
4798.0,-102.57790590810511,-70.0980065187489,0.0,0.31554169827109824,0.003973469212033957,0.0
4799.0,-101.62823063425901,-69.78589270777987,0.0,0.3194990340317668,0.003932010164575581,0.0
4800.0,-100.67972279337268,-69.47002392499492,0.0,0.3234074519758873,0.0038840442080577686,0.0
4801.0,-99.73237851232095,-69.15044980988026,0.0,0.32726698418403855,0.0038351873701864547,0.0
4802.0,-98.78619391797861,-68.8272200019221,0.0,0.3310776679908544,0.003786369794775392,0.0
4803.0,-97.84116513722051,-68.50038414060668,0.0,0.3348395457037229,0.0037375963240837778,0.0
4804.0,-96.89728829692149,-68.1699918654202,0.0,0.338552664325409,0.003688871525354278,0.0
4805.0,-95.95455952395633,-67.83609281584889,0.0,0.3422170752809559,0.0036401996949991756,0.0
4806.0,-95.01297494519989,-67.49873663137892,0.0,0.34583283414876465,0.003591584862873904,0.0
4807.0,-94.07253068752695,-67.15797295149655,0.0,0.34940000039606234,0.003543030796636799,0.0
4808.0,-93.13322287781236,-66.81385141568798,0.0,0.3529186371188234,0.003494541006175883,0.0
4809.0,-92.19504764293093,-66.46642166343942,0.0,0.35638881078605805,0.0034461187480947348,0.0
4810.0,-91.25800110975752,-66.1157333342371,0.0,0.3598105909887539,0.003397767030238288,0.0
4811.0,-90.3220794051669,-65.76183606756722,0.0,0.36318405019329314,0.0033494886162525324,0.0
4812.0,-89.38727865603391,-65.404779502916,0.0,0.3665092634995341,0.0033012860301799758,0.0
4813.0,-88.45359498923338,-65.04461327976966,0.0,0.36978630840351273,0.003253161561059905,0.0
4814.0,-87.52102453164014,-64.6813870376144,0.0,0.3730152645646503,0.003205117267540219,0.0
4815.0,-86.58956341012897,-64.31515041593646,0.0,0.3761962135777709,0.0031571549824905404,0.0
4816.0,-85.65920775157475,-63.94595305422203,0.0,0.3793292387496302,0.003109276317594155,0.0
4817.0,-84.72995368285227,-63.57384459195733,0.0,0.3824144248800204,0.0030614826679353857,0.0
4818.0,-83.80179733083634,-63.19887466862859,0.0,0.3854518580475897,0.003013775216560734,0.0
4819.0,-82.87473482240179,-62.82109292372201,0.0,0.38844162540010513,0.0029661549390010583,0.0
4820.0,-81.94876228442347,-62.44054899672381,0.0,0.3913838149492599,0.0029186226077662558,0.0
4821.0,-81.02387584377617,-62.057292527120204,0.0,0.39427851536999853,0.0028711787967942593,0.0
4822.0,-80.10007162733473,-61.671373154397415,0.0,0.3971258158042729,0.0028238238858501142,0.0
4823.0,-79.17734576197395,-61.28284051804164,0.0,0.399925805669143,0.0027765580648764416,0.0
4824.0,-78.25569437456869,-60.89174425753911,0.0,0.4026785744692352,0.002729381338286778,0.0
4825.0,-77.33511359199373,-60.498134012376035,0.0,0.4053842116134945,0.002682293529192481,0.0
4826.0,-76.41559954112392,-60.102059422038636,0.0,0.4080428062361019,0.0026352942835701733,0.0
4827.0,-75.49714834883407,-59.70357012601311,0.0,0.4106544470215333,0.0025884269766035485,0.0
4828.0,-74.579756141999,-59.30271576378569,0.0,0.41321922203374,0.002542680798861024,0.0
4829.0,-73.66341904749358,-58.899545974842574,0.0,0.4157372185492262,0.002500746821409046,0.0
4830.0,-72.74813319219254,-58.49411039867,0.0,0.41820852289417215,0.0024652434898858318,0.0
4831.0,-71.83389470297077,-58.08645867475417,0.0,0.42063383491665574,0.002437069731527852,0.0
4832.0,-70.92069990294794,-57.676639182411066,0.0,0.42302648235012835,0.002416244781779907,0.0
4833.0,-70.0085491503945,-57.26467438957306,0.0,0.4254109909991947,0.002402755246372302,0.0
4834.0,-69.09744658955441,-56.85056245285901,0.0,0.42779967111684214,0.002396543941975669,0.0
4835.0,-68.1873965110176,-56.4343005891392,0.0,0.4301929741798211,0.002396607836307538,0.0
4836.0,-67.27840320537405,-56.015886015283876,0.0,0.4325908933480638,0.002400242008701758,0.0
4837.0,-66.3704709632137,-55.59531594816334,0.0,0.4349934215445468,0.002404814181129652,0.0
4838.0,-65.46360407512653,-55.17258760464786,0.0,0.43740055145394047,0.0024094116356755996,0.0
4839.0,-64.55780683170248,-54.7476982016077,0.0,0.43981227552114915,0.0024140014118628162,0.0
4840.0,-63.6530835235315,-54.320644955913146,0.0,0.44222858594999853,0.0024185832679465475,0.0
4841.0,-62.749438441203566,-53.89142508443445,0.0,0.44464947470185345,0.002423156960833347,0.0
4842.0,-61.84687587530864,-53.460035804041915,0.0,0.4470749334942682,0.002427722246098714,0.0
4843.0,-60.94540011643667,-53.0264743316058,0.0,0.4495049537996961,0.0024322788780063243,0.0
4844.0,-60.045015455177605,-52.590737883996376,0.0,0.4519395268441661,0.0024368266095225783,0.0
4845.0,-59.14572618212142,-52.15282367808392,0.0,0.454378643605988,0.002441365192335878,0.0
4846.0,-58.24753658785807,-51.71272893073871,0.0,0.4568222948144836,0.002445894376874155,0.0
4847.0,-57.3504509629775,-51.27045085883102,0.0,0.4592704709487526,0.002450413912321544,0.0
4848.0,-56.45447359806968,-50.82598667923112,0.0,0.46172316223641546,0.0024549235466394415,0.0
4849.0,-55.55960878372456,-50.37933360880928,0.0,0.4641803586524085,0.0024594230265876883,0.0
4850.0,-54.6658608105321,-49.93048886443578,0.0,0.466642049917794,0.0024639120977411806,0.0
4851.0,-53.77323396908228,-49.47944966298089,0.0,0.46910822549856984,0.002468390504511051,0.0
4852.0,-52.881732549965015,-49.02621322131489,0.0,0.47157887460453646,0.0024728579901670622,0.0
4853.0,-51.99136084377029,-48.57077675630805,0.0,0.4740539861881628,0.0024773142968574752,0.0
4854.0,-51.10212314108805,-48.11313748483064,0.0,0.47653354894344996,0.002481759165633717,0.0
4855.0,-50.21402373250827,-47.65329262375294,0.0,0.47901755130487284,0.002486192336470255,0.0
4856.0,-49.3270669086209,-47.19123938994522,0.0,0.48150598144629,0.002490613548285705,0.0
4857.0,-48.441256960015885,-46.726975000277754,0.0,0.48399882727991717,0.0024950225389705483,0.0
4858.0,-47.556598177283206,-46.26049667162083,0.0,0.4864960764553187,0.0024994190454092464,0.0
4859.0,-46.673094851012806,-45.791801620844694,0.0,0.48899771635837114,0.002503802803503719,0.0
4860.0,-45.79075127179465,-45.320887064819644,0.0,0.491503734110328,0.0025081735481994605,0.0
4861.0,-44.90957173021868,-44.84775022041594,0.0,0.49401411656687244,0.0025125310135093405,0.0
4862.0,-44.02956051687488,-44.372388304503865,0.0,0.4965288503171798,0.0025169033989981115,0.0
4863.0,-43.150721922353185,-43.89479853395368,0.0,0.4990479216830351,0.00252195648123979,0.0
4864.0,-42.27306023724356,-43.41497812563568,0.0,0.5015713167179645,0.002529523449687162,0.0
4865.0,-41.39657975213597,-42.932924296420126,0.0,0.5040990212064022,0.002541413109757414,0.0
4866.0,-40.521284757620364,-42.44863426317729,0.0,0.5066314191932613,0.0025582677096901746,0.0
4867.0,-39.64718015578504,-41.96210467022739,0.0,0.5091774220127949,0.00258012207257454,0.0
4868.0,-38.77428392133226,-41.4733199219132,0.0,0.5117537569600258,0.002606987467710732,0.0
4869.0,-37.90262657319943,-40.98225267732476,0.0,0.5143689934606303,0.0026388466893622698,0.0
4870.0,-37.03223913609007,-40.488875121999826,0.0,0.5170235264752471,0.0026750449275795437,0.0
4871.0,-36.16315263470774,-39.99315944147614,0.0,0.5197174209417961,0.0027137599142524655,0.0
4872.0,-35.295398093755956,-39.49507782129146,0.0,0.5224507415305208,0.0027531937015841347,0.0
4873.0,-34.429006537938285,-38.99460244698353,0.0,0.5252235525202144,0.002792714816422292,0.0
4874.0,-33.564008991958254,-38.491705504090106,0.0,0.5280359176719555,0.0028322991090557865,0.0
4875.0,-32.70043648051939,-37.98635917814894,0.0,0.5308879001003998,0.002871945862302153,0.0
4876.0,-31.83832002832527,-37.47853565469777,0.0,0.5337795621424342,0.0029116542263736994,0.0
4877.0,-30.977690660079407,-36.96820711927436,0.0,0.5367109652233553,0.0029514232163245224,0.0
4878.0,-30.118579400485345,-36.45534575741645,0.0,0.5396821697204689,0.0029912517094802487,0.0
4879.0,-29.26101727424663,-35.9399237546618,0.0,0.5426932348240782,0.003031138442857517,0.0
4880.0,-28.405035306066804,-35.42191329654814,0.0,0.5457442183958888,0.0030710820105738696,0.0
4881.0,-27.550664520649406,-34.90128656861324,0.0,0.5488351768248243,0.0031110808612527397,0.0
4882.0,-26.697935942697967,-34.378015756394845,0.0,0.5519661648802544,0.00315113329543051,0.0
4883.0,-25.846880596916048,-33.852073045430714,0.0,0.5551372355625848,0.0031912374629649498,0.0
4884.0,-24.997529508007172,-33.323430621258574,0.0,0.5583484399512388,0.0032313913604529176,0.0
4885.0,-24.14991370067489,-32.7920606694162,0.0,0.5615998270501237,0.003271592828655967,0.0
4886.0,-23.304064199622736,-32.25793537544132,0.0,0.5648914436304505,0.0033118395499449776,0.0
4887.0,-22.460012029554257,-31.721026924871705,0.0,0.5682233340710258,0.003352129045771035,0.0
4888.0,-21.617788215172986,-31.181307503245087,0.0,0.5715955401960282,0.003392458674156202,0.0
4889.0,-20.77742378118248,-30.638749296099228,0.0,0.575008101110234,0.0034328256272180275,0.0
4890.0,-19.93894975228626,-30.09332448897187,0.0,0.5784610530318348,0.0034732269287344264,0.0
4891.0,-19.102397153187876,-29.545005267400768,0.0,0.5819544291227833,0.003513659431748877,0.0
4892.0,-18.267797008590875,-28.993763816923675,0.0,0.5854882593167661,0.003554119816228345,0.0
4893.0,-17.43518034319878,-28.43957232307833,0.0,0.5890625701448605,0.003594475339661039,0.0
4894.0,-16.604578181715155,-27.882402971402495,0.0,0.5926773845588977,0.003632700491434263,0.0
4895.0,-15.776021548843522,-27.322227947433916,0.0,0.5963327217526405,0.00366385996657999,0.0
4896.0,-14.949541469287428,-26.759019436710343,0.0,0.6000285969808186,0.0036836068727183003,0.0
4897.0,-14.125168967750419,-26.192749624769526,0.0,0.6037632119165048,0.003690604675522069,0.0
4898.0,-13.302932950407785,-25.623393632716393,0.0,0.6075100771181929,0.003684821448490083,0.0
4899.0,-12.482833422838459,-25.050966628156225,0.0,0.6112266508534763,0.0036662549327773353,0.0
4900.0,-11.664849492736156,-24.475512736130245,0.0,0.6148946748262065,0.003635033398617125,0.0
4901.0,-10.848959802734894,-23.897076726095904,0.0,0.6185137453348607,0.00359317897831189,0.0
4902.0,-10.035142995468691,-23.31570336751065,0.0,0.6220838612555387,0.003545624680689617,0.0
4903.0,-9.223377713571562,-22.73143742983194,0.0,0.625605026536803,0.003496716173201345,0.0
4904.0,-8.413642599677523,-22.144323682517218,0.0,0.6290772499411601,0.003447789826346248,0.0
4905.0,-7.605916296420587,-21.554406895023945,0.0,0.6325005447899041,0.003398878454640185,0.0
4906.0,-6.800177446434778,-20.961731836809566,0.0,0.6358749287114197,0.003349986248380724,0.0
4907.0,-5.996404692354107,-20.366343277331538,0.0,0.6392004233930819,0.003301117151787745,0.0
4908.0,-5.194576676812593,-19.768285986047303,0.0,0.6424770543368328,0.003252274866707023,0.0
4909.0,-4.394672042444251,-19.167604732414322,0.0,0.6457048506185292,0.003203462856397911,0.0
4910.0,-3.5966694318830994,-18.56434428589004,0.0,0.6488838446511427,0.0031546843493914945,0.0
4911.0,-2.8005474877631524,-17.95854941593191,0.0,0.6520140719518489,0.0031059423434115652,0.0
4912.0,-2.00628485271843,-17.350264891997384,0.0,0.6550955709131137,0.003057239609349108,0.0
4913.0,-1.2138601693829454,-16.739535483543914,0.0,0.658128382577781,0.003008578695278366,0.0
4914.0,-0.4232520803907177,-16.126405960028947,0.0,0.6611125504182016,0.0029599619305098386,0.0
4915.0,0.36556077162423917,-15.510921090909944,0.0,0.664048120119475,0.0029113914296706807,0.0
4916.0,1.1525997440279054,-14.893125645644348,0.0,0.6669351393667745,0.002862869096802112,0.0
4917.0,1.9378861941862662,-14.273064393689616,0.0,0.6697736576367945,0.0028143966294702106,0.0
4918.0,2.721441479465305,-13.650782104503191,0.0,0.6725637259933348,0.0027659755228821815,0.0
4919.0,3.503286957231009,-13.026323547542537,0.0,0.6753053968870173,0.002717607073999769,0.0
4920.0,4.283443984849353,-12.399733492265092,0.0,0.6779987239591069,0.0026692923856465834,0.0
4921.0,5.061933919686327,-11.771056708128318,0.0,0.6806437618494586,0.0026210323706017864,0.0
4922.0,5.8387781191079124,-11.140337964589659,0.0,0.6832405660085685,0.0025728277556742213,0.0
4923.0,6.613997940480096,-10.50762203110657,0.0,0.6857891925136778,0.0025246790857548535,0.0
4924.0,7.387614741168854,-9.872953677136502,0.0,0.6882896978889435,0.002476586727841123,0.0
4925.0,8.159649878540176,-9.236377672136907,0.0,0.6907421389296109,0.002428550875027611,0.0
4926.0,8.930124709960042,-8.597938785565235,0.0,0.6931465725301803,0.0023805715504624514,0.0
4927.0,9.699060592794437,-7.957681786878941,0.0,0.6955030555165118,0.002332649176127244,0.0
4928.0,10.466478884409346,-7.315651445535469,0.0,0.6978116444818294,0.0022849273033999956,0.0
4929.0,11.23240094217075,-6.6718925309922765,0.0,0.7000723956265843,0.002238020450231645,0.0
4930.0,11.996848123444634,-6.026449812706816,0.0,0.7022853646021363,0.0021927722002095568,0.0
4931.0,12.759841785596977,-5.379368060136532,0.0,0.7044506142662663,0.0021495953424172337,0.0
4932.0,13.521403287155502,-4.730692020986005,0.0,0.706570204799888,0.0021085245801253766,0.0
4933.0,14.281554280768527,-4.080460935682259,0.0,0.7086507929631463,0.0020695482351503914,0.0
4934.0,15.040317100515653,-3.4287012851553227,0.0,0.7106976458864797,0.0020326543992252467,0.0
4935.0,15.797714176716516,-2.775437748283097,0.0,0.7127113889057028,0.0019976882197994933,0.0
4936.0,16.553767939690776,-2.120695003943484,0.0,0.7146919953244661,0.001964024078773766,0.0
4937.0,17.308500819758063,-1.4644977310143843,0.0,0.71663944019636,0.001930807508902605,0.0
4938.0,18.06193524723803,-0.8068706083736992,0.0,0.7185537002611961,0.0018976150689692859,0.0
4939.0,18.814093652450328,-0.14783831489932953,0.0,0.7204347538821511,0.0018644016497040997,0.0
4940.0,19.56499846571459,0.5125744705308233,0.0,0.7222825809837159,0.0018311687836190843,0.0
4941.0,20.314672117350472,1.1743430690388572,0.0,0.7240971629905465,0.0017979179425614,0.0
4942.0,21.06313703767761,1.8374428017468727,0.0,0.725878482767206,0.0017646505386145444,0.0
4943.0,21.81041565701566,2.5018489897769682,0.0,0.7276265245588204,0.0017313679250216857,0.0
4944.0,22.556530405684263,3.167536954251242,0.0,0.7293412739326729,0.001698071397129226,0.0
4945.0,23.301503714003065,3.8344820162917923,0.0,0.7310227177207428,0.0016647621933431214,0.0
4946.0,24.0453580122917,4.502659497020721,0.0,0.732670843963208,0.0016314414961032411,0.0
4947.0,24.788115730869837,5.172044717560123,0.0,0.7342856418529625,0.0015981104328744997,0.0
4948.0,25.529799300057103,5.842612999032099,0.0,0.735867101681109,0.0015647700771499382,0.0
4949.0,26.27043115017315,6.514339662558749,0.0,0.7374152147834472,0.0015314214494677734,0.0
4950.0,27.010033711537616,7.187200029262169,0.0,0.7389299734880246,0.001498065518439871,0.0
4951.0,27.748629414470162,7.86116942026446,0.0,0.7404113710637117,0.001464703201790342,0.0
4952.0,28.48624068929042,8.536223156687722,0.0,0.7418594016698031,0.0014313353674075425,0.0
4953.0,29.22288996631804,9.21233655965405,0.0,0.7432740603066965,0.0013979628344025694,0.0
4954.0,29.958599675872662,9.889484950285548,0.0,0.7446553427676322,0.0013645863741758896,0.0
4955.0,30.693392248273945,10.56764364970431,0.0,0.7460032455915041,0.0013312067114947257,0.0
4956.0,31.427290113841522,11.246787979032437,0.0,0.7473177660167577,0.0012978245255736906,0.0
4957.0,32.16031570289504,11.926893259392028,0.0,0.74859890193635,0.0012644404511641236,0.0
4958.0,32.89249144575416,12.607934811905182,0.0,0.7498466518538487,0.0012310550796506559,0.0
4959.0,33.623839772738506,13.289887957693994,0.0,0.7510610148405923,0.0011976689601479302,0.0
4960.0,34.354383114167725,13.97272801788057,0.0,0.752241990493939,0.0011642826006050106,0.0
4961.0,35.08414390036148,14.656430313587006,0.0,0.7533895788966875,0.001130896468915264,0.0
4962.0,35.813144561639405,15.340970165935394,0.0,0.7545037805775581,0.0010975109940255681,0.0
4963.0,36.541407528321145,16.026322896047844,0.0,0.7555845964727748,0.0010641265670511663,0.0
4964.0,37.26895523072635,16.712463825046452,0.0,0.7566320278888031,0.0010307435423927266,0.0
4965.0,37.99581009917466,17.3993682740533,0.0,0.7576460764662093,0.0009973622388535497,0.0
4966.0,38.721994563985724,18.087011564190515,0.0,0.7586267441445896,0.0009639829407617841,0.0
4967.0,39.44753105547919,18.775369016580182,0.0,0.759574033128658,0.0009306058990917665,0.0
4968.0,40.17244200397469,19.464415952344396,0.0,0.7604879458554666,0.0008972313325848787,0.0
4969.0,40.89674983979189,20.15412769260526,0.0,0.7613684849627286,0.0008638594288737684,0.0
4970.0,41.62047699325042,20.844479558484878,0.0,0.7622156532582692,0.0008304903456066873,0.0
4971.0,42.343645894669926,21.535446871105332,0.0,0.7630294536905934,0.0007971242115711556,0.0
4972.0,43.06627897437007,22.227004951588743,0.0,0.7638098893206073,0.0007637611278169612,0.0
4973.0,43.78839866267048,22.9191291210572,0.0,0.7645569632944244,0.0007304011687786732,0.0
4974.0,44.5100273898908,23.611794700632796,0.0,0.7652706788173169,0.0006970443834019567,0.0
4975.0,45.23118758635069,24.30497701143764,0.0,0.7659510391288039,0.0006636907962638984,0.0
4976.0,45.95190168236979,24.998651374593823,0.0,0.7665980474788288,0.000630340408692682,0.0
4977.0,46.67219210826774,25.692793111223448,0.0,0.7672117071050705,0.0005969931998928542,0.0
4978.0,47.392081294364196,26.3873775424486,0.0,0.7677920212114195,0.0005636491280618145,0.0
4979.0,48.11159167097878,27.082379989391402,0.0,0.7683389929474758,0.0005303081315106388,0.0
4980.0,48.83074566843118,27.777775773173943,0.0,0.7688526253892535,0.0004969701297835344,0.0
4981.0,49.54956571704099,28.47354021491832,0.0,0.7693329215209878,0.00046363502476833214,0.0
4982.0,50.268074247127885,29.16964863574663,0.0,0.7697798842179985,0.00043030270181942145,0.0
4983.0,50.986293689011525,29.866076356780972,0.0,0.7701935162307831,0.000396973030872708,0.0
4984.0,51.704246473011516,30.562798699143453,0.0,0.7705738201700856,0.00036364586755245815,0.0
4985.0,52.42195502944753,31.25979098395616,0.0,0.7709207984931611,0.0003303210542899123,0.0
4986.0,53.139441788639225,31.95702853234119,0.0,0.7712344534912061,0.0002969984214315887,0.0
4987.0,53.85672918090621,32.654486665420656,0.0,0.771514787277741,0.00026367778835122743,0.0
4988.0,54.57383963656816,33.35214070431665,0.0,0.7717618017782346,0.00023035896456374033,0.0
4989.0,55.29079558594469,34.04996597015128,0.0,0.7719754987208104,0.00019704175082496664,0.0
4990.0,56.007619459355475,34.74793778404663,0.0,0.7721558796280135,0.00016372594024467922,0.0
4991.0,56.724333687120165,35.446031467124804,0.0,0.7723029458097724,0.00013041131939798913,0.0
4992.0,57.44096069955837,36.144222340507895,0.0,0.7724166983573666,9.709766942511687e-05,0.0
4993.0,58.157522926989756,36.842485725318014,0.0,0.7724971381385501,6.378476714200394e-05,0.0
4994.0,58.874042799733985,37.540796942677254,0.0,0.7725442657938225,3.0472386144342337e-05,0.0
4995.0,59.59054274811068,38.239131313707716,0.0,0.772558081733725,-2.8397020882769197e-06,0.0
4996.0,60.30704520243949,38.9374641595315,0.0,0.7725385861372717,-3.61517270814666e-05,0.0
4997.0,61.02357259304007,39.635770801270695,0.0,0.7724857789515402,-6.943755033116712e-05,0.0
4998.0,61.74014735023205,40.33402656004741,0.0,0.7723996598922664,-0.00010216787609726044,0.0
4999.0,62.4567919043351,41.03220675698373,0.0,0.7722802284456367,-0.00013294870994582216,0.0
5000.0,63.173528685668835,41.73028671320178,0.0,0.7721274838711395,-0.00016046110330970268,0.0
5001.0,63.890380124552905,42.428241749823634,0.0,0.7719417943565968,-0.00018426328070097236,0.0
5002.0,64.6073681536346,43.12604773438245,0.0,0.771730202905589,-0.00020434144959857736,0.0
5003.0,65.32450570674128,43.823690414514694,0.0,0.7715051830261661,-0.0002206955672225238,0.0
5004.0,66.04179789937916,44.52116412185141,0.0,0.77127272661631,-0.000233351927527262,0.0
5005.0,66.75924958694632,45.21846347360501,0.0,0.7710330262976831,-0.00024283994989950292,0.0
5006.0,67.47686562484084,45.91558308698792,0.0,0.77078608174584,-0.00025055372025153554,0.0
5007.0,68.19465086846081,46.61251757921251,0.0,0.7705318926298209,-0.0002578122462530181,0.0
5008.0,68.9126101732043,47.309261567491205,0.0,0.7702704586125337,-0.00026505733007763696,0.0
5009.0,69.63074839446936,48.005809669036424,0.0,0.7700017793510591,-0.0002723027586219292,0.0
5010.0,70.34907038765412,48.70215650106054,0.0,0.7697258544971746,-0.0002795485369948082,0.0
5011.0,71.06758100815665,49.39829668077599,0.0,0.7694426836977593,-0.0002867946698843969,0.0
5012.0,71.78628511137501,50.09422482539517,0.0,0.7691522665951469,-0.0002940411615353236,0.0
5013.0,72.50518755270731,50.78993555213048,0.0,0.7688546028276692,-0.00030128801573616116,0.0
5014.0,73.2242931875516,51.48542347819433,0.0,0.7685496920300644,-0.00030853523582095665,0.0
5015.0,73.94360687130596,52.180683220799125,0.0,0.7682375338339087,-0.00031578282464787637,0.0
5016.0,74.66313345936851,52.875709397157266,0.0,0.7679181278681896,-0.0003230307845872542,0.0
5017.0,75.3828778071373,53.57049662448117,0.0,0.7675914737597378,-0.00033027911751633477,0.0
5018.0,76.1028447700104,54.26503951998323,0.0,0.7672575711337026,-0.00033752782480002603,0.0
5019.0,76.82303920338593,54.95933270087586,0.0,0.7669164196141333,-0.000344776907283874,0.0
5020.0,77.54346596266194,55.653370784371475,0.0,0.7665680188244612,-0.00035202636528575924,0.0
5021.0,78.26412990323652,56.34714838768246,0.0,0.7662123683880436,-0.00035927619857795134,0.0
5022.0,78.98503588050775,57.04066012802123,0.0,0.7658494679287291,-0.0003665264063770054,0.0
5023.0,79.70618874987372,57.733900622600196,0.0,0.7654793170713949,-0.0003737769873354041,0.0
5024.0,80.4275933667325,58.426864488631765,0.0,0.7651019154425318,-0.00038102793952824295,0.0
5025.0,81.14925458648216,59.11954634332833,0.0,0.7647172626708173,-0.0003882792604399784,0.0
5026.0,81.8711772645208,59.811940803902296,0.0,0.7643253583877405,-0.00039553094695619705,0.0
5027.0,82.59336625624648,60.504042487566096,0.0,0.7639262022281583,-0.0004027829953487779,0.0
5028.0,83.31582641705731,61.1958460115321,0.0,0.7635197938309511,-0.00041003540126519474,0.0
5029.0,84.03856260235136,61.887345993012744,0.0,0.7631061328396619,-0.000417288159720332,0.0
5030.0,84.76157966752669,62.57853704922041,0.0,0.7626852189030754,-0.000424541265081608,0.0
5031.0,85.48488246798142,63.269413797367505,0.0,0.7622570516759685,-0.0004317947110569368,0.0
5032.0,86.20847585911358,63.959970854666466,0.0,0.7618216308196679,-0.00043904849068155636,0.0
5033.0,86.9323646963213,64.65020283832966,0.0,0.7613789560028053,-0.00044630259631326226,0.0
5034.0,87.6565538350026,65.34010436556953,0.0,0.7609290269019511,-0.0004535570196179831,0.0
5035.0,88.38104813055566,66.02967005359844,0.0,0.7604718432023613,-0.00046081175155223856,0.0
5036.0,89.10585243837846,66.71889451962882,0.0,0.76000740459871,-0.000468066782359349,0.0
5037.0,89.83097161386912,67.4077723808731,0.0,0.7595357107956416,-0.000475322101553266,0.0
5038.0,90.55641051242574,68.09629825454361,0.0,0.7590567615087505,-0.00048257769790723183,0.0
5039.0,91.28217398944636,68.78446675785285,0.0,0.7585705564651546,-0.0004898335594497118,0.0
5040.0,92.0082669003291,69.47227250801316,0.0,0.7580770954042877,-0.0004970896734413881,0.0
5041.0,92.73469410047203,70.15971012223699,0.0,0.7575763780787229,-0.0005043460263667786,0.0
5042.0,93.4614604452732,70.84677421773668,0.0,0.7570684042548882,-0.0005116026039307861,0.0
5043.0,94.18857079013073,71.5334594117247,0.0,0.7565531737138871,-0.00051885939103755,0.0
5044.0,94.9160299904427,72.21976032141345,0.0,0.7560306862522851,-0.0005261163717832441,0.0
5045.0,95.64384290160716,72.9056715640153,0.0,0.7555009416829721,-0.0005333735294445237,0.0
5046.0,96.3720143790222,73.59118775674268,0.0,0.7549639398359019,-0.000540630846463465,0.0
5047.0,97.10054927808592,74.27630351680799,0.0,0.7544196805590146,-0.0005478883044424279,0.0
5048.0,97.82945245419639,74.96101346142365,0.0,0.7538681637190305,-0.0005551458841289157,0.0
5049.0,98.55872876275168,75.64531220780201,0.0,0.7533093892023572,-0.0005624035654006281,0.0
5050.0,99.2883830591499,76.32919437315556,0.0,0.7527433569159295,-0.0005696613272597184,0.0
5051.0,100.01842019878909,77.01265457469665,0.0,0.7521700667880487,-0.0005769191478204633,0.0
5052.0,100.74884503706737,77.6956874296377,0.0,0.7515895187694037,-0.0005841770042942586,0.0
5053.0,101.47966242938278,78.37828755519112,0.0,0.7510017128338615,-0.0005914348729811336,0.0
5054.0,102.21087723113345,79.06044956856933,0.0,0.750406648979419,-0.0005986927292576026,0.0
5055.0,102.9424942977174,79.74216808698469,0.0,0.7498043272291397,-0.0006059505475651975,0.0
5056.0,103.67451848453278,80.42343772764963,0.0,0.7491947476321285,-0.0006132083013989295,0.0
5057.0,104.40695464697761,81.10425310777657,0.0,0.7485779102644224,-0.0006204659632961399,0.0
5058.0,105.13980764045003,81.78460884457793,0.0,0.7479538152299493,-0.0006277235048248968,0.0
5059.0,105.87308232034805,82.46449955526604,0.0,0.7473224626615903,-0.0006349808965735131,0.0
5060.0,106.6067835420698,83.14391985705339,0.0,0.7466838527220899,-0.000642238108139459,0.0
5061.0,107.34091616101335,83.82286436715236,0.0,0.7460379856050446,-0.0006494951081128678,0.0
5062.0,108.07548503257681,84.50132770277536,0.0,0.7453848615359655,-0.0006567518640737441,0.0
5063.0,108.81049501215819,85.17930448113475,0.0,0.7447244807732735,-0.0006640083425773807,0.0
5064.0,109.54595095515562,85.85678931944297,0.0,0.744056843609325,-0.0006712645091375781,0.0
5065.0,110.28185771696717,86.53377683491243,0.0,0.7433819503714666,-0.0006785203282245267,0.0
5066.0,111.01822015299092,87.21026164475555,0.0,0.7426998014230406,-0.0006857757632494395,0.0
5067.0,111.75504311862497,87.88623836618468,0.0,0.7420103971645563,-0.000693030776549919,0.0
5068.0,112.49233146926737,88.56170161641232,0.0,0.7413137380346522,-0.0007002853293846295,0.0
5069.0,113.23009006031621,89.2366460126508,0.0,0.7406098245112146,-0.0007075393819213864,0.0
5070.0,113.96832374716958,89.91106617211253,0.0,0.7398986571125322,-0.0007147928932233087,0.0
5071.0,114.70703738522556,90.58495671200991,0.0,0.7391802363983674,-0.0007220458212387086,0.0
5072.0,115.44623582988223,91.25831224955542,0.0,0.7384545629710394,-0.0007292981227909889,0.0
5073.0,116.18592393653765,91.93112740196138,0.0,0.7377216374765684,-0.0007365497535683575,0.0
5074.0,116.92610656058993,92.60339678644021,0.0,0.7369814606059022,-0.000743800668112574,0.0
5075.0,117.66678855743714,93.27511502020437,0.0,0.7362340330959644,-0.0007510508198097905,0.0
5076.0,118.40797478247737,93.94627672046623,0.0,0.7354793557308286,-0.0007583001608743112,0.0
5077.0,119.14967009110867,94.61687650443817,0.0,0.7347174293429612,-0.0007655486423402413,0.0
5078.0,119.89187933872915,95.28690898933263,0.0,0.7339482548143623,-0.0007727962140587986,0.0
5079.0,120.63460738073688,95.95636879236203,0.0,0.7331718330777074,-0.0007800428246773786,0.0
5080.0,121.37785907252994,96.62525053073871,0.0,0.73238816511766,-0.0007872884216307591,0.0
5081.0,122.12163926950643,97.29354882167515,0.0,0.7315972519720472,-0.0007945329511369773,0.0
5082.0,122.86595282706439,97.96125828238372,0.0,0.7307990947329962,-0.0008017763581794624,0.0
5083.0,123.61080460060195,98.62837353007683,0.0,0.7299936945483134,-0.0008090185865009457,0.0
5084.0,124.35619944551713,99.29488918196688,0.0,0.7291810526226458,-0.0008162595785957603,0.0
5085.0,125.1021422172081,99.96079985526629,0.0,0.7283611702187601,-0.0008234992756919666,0.0
5086.0,125.84863777107283,100.62610016718746,0.0,0.7275340486587971,-0.0008307376177465464,0.0
5087.0,126.59569096250948,101.29078473494278,0.0,0.7266996893255571,-0.0008379745434342374,0.0
5088.0,127.3433066469161,101.95484817574469,0.0,0.7258580936638095,-0.0008452099901372238,0.0
5089.0,128.0914896796908,102.61828510680556,0.0,0.7250092631815463,-0.0008524438939407274,0.0
5090.0,128.84024491623163,103.28109014533783,0.0,0.7241531994513116,-0.0008596761896141018,0.0
5091.0,129.5895772119367,103.94325790855385,0.0,0.7232899041115682,-0.0008669068106027998,0.0
5092.0,130.33949142220402,104.6047830136661,0.0,0.7224193788679165,-0.0008741691289253981,0.0
5093.0,131.08999240243176,105.26566007788693,0.0,0.7215416254944705,-0.0008834142004281057,0.0
5094.0,131.84108500801796,105.92588371842878,0.0,0.7206566458352862,-0.0009012965649635163,0.0
5095.0,132.59277409436072,106.58544855250402,0.0,0.7197644418056411,-0.0009356438639872883,0.0
5096.0,133.34506451685806,107.24434919732509,0.0,0.7188645472347591,-0.0009897855036299203,0.0
5097.0,134.09796171669427,107.90257953845087,0.0,0.7179301165921054,-0.001063961380856293,0.0
5098.0,134.85150414159628,108.5600922358945,0.0,0.7168948350612853,-0.0011581740761520806,0.0
5099.0,135.6057802051238,109.21677754177817,0.0,0.7157154338223775,-0.0012723928518430278,0.0
5100.0,136.36088248235365,109.87252051044206,0.0,0.7143885734891907,-0.0014046692627325353,0.0
5101.0,137.11690354836264,110.52720619622626,0.0,0.7129142385085779,-0.0015483511980329662,0.0
5102.0,137.87393597822756,111.18071965347097,0.0,0.7112924120662203,-0.0016956130920441346,0.0
5103.0,138.63207234702534,111.83294593651631,0.0,0.7095230770483776,-0.0018431270755298122,0.0
5104.0,139.39140522983274,112.48377009970244,0.0,0.7076062171002314,-0.0019906540502352727,0.0
5105.0,140.15202720172655,113.13307719736949,0.0,0.7055418177806977,-0.002138191283074837,0.0
5106.0,140.9140308377837,113.78075228385761,0.0,0.7033298678143471,-0.0022857347410303553,0.0
5107.0,141.67750871308095,114.42668041350693,0.0,0.7009703604398037,-0.0024332789947136835,0.0
5108.0,142.4425534026951,115.07074664065763,0.0,0.6984632948546712,-0.0025808171221307786,0.0
5109.0,143.20925748170302,115.71283601964984,0.0,0.6958086777570793,-0.0027283406128078636,0.0
5110.0,143.97771352518154,116.35283360482372,0.0,0.6930065249830936,-0.002875839272431378,0.0
5111.0,144.74801410820746,116.99062445051936,0.0,0.6900568632395239,-0.003023301128152245,0.0
5112.0,145.52025180585764,117.62609361107697,0.0,0.6869597319315743,-0.0031707123348090178,0.0
5113.0,146.29451919320886,118.25912614083666,0.0,0.6837151850841604,-0.0033180570822829987,0.0
5114.0,147.070908845338,118.88960709413857,0.0,0.6803232933559511,-0.003465317504240601,0.0
5115.0,147.84951333732187,119.51742152532287,0.0,0.6767841461443923,-0.0036124735885836867,0.0
5116.0,148.63042524423727,120.14245448872971,0.0,0.673097853780032,-0.0037595030899240417,0.0
5117.0,149.41373714116105,120.76459103869921,0.0,0.669264549808179,-0.0039063680279865665,0.0
5118.0,150.19954160317002,121.38371622957152,0.0,0.6652843933550701,-0.004050993698620061,0.0
5119.0,150.98793120534103,121.9997151156868,0.0,0.6611575715758565,-0.004185158276897091,0.0
5120.0,151.77899852275087,122.61247275138518,0.0,0.6568843021809416,-0.004298066193535891,0.0
5121.0,152.57283613047642,123.22187419100683,0.0,0.6524650238673579,-0.004384648192099152,0.0
5122.0,153.36953626082703,123.82780470016061,0.0,0.6479285038523046,-0.004444524460666367,0.0
5123.0,154.1691394130596,124.43018143073216,0.0,0.6433612801955604,-0.0044778312471378855,0.0
5124.0,154.97157956007788,125.02898719338071,0.0,0.638828196683148,-0.0044847217672669415,0.0
5125.0,155.77677754622167,125.6242128907105,0.0,0.6343356717907128,-0.004467387503788952,0.0
5126.0,156.58465421583102,126.21584942532569,0.0,0.6298829506908846,-0.004434168927498364,0.0
5127.0,157.39513041324582,126.80388769983053,0.0,0.6254692856059831,-0.004395982458717156,0.0
5128.0,158.20812698280605,127.38831861682921,0.0,0.6210939357005792,-0.004358020761304561,0.0
5129.0,159.02356476885168,127.96913307892598,0.0,0.616756166966038,-0.004320789975102973,0.0
5130.0,159.8413646157226,128.54632198872505,0.0,0.6124552520968499,-0.004284283477142658,0.0
5131.0,160.66144736775883,129.11987624883056,0.0,0.6081904703598183,-0.00424849477843526,0.0
5132.0,161.48373386930027,129.68978676184682,0.0,0.6039611074557787,-0.004213417531079233,0.0
5133.0,162.3081449646869,130.256044430378,0.0,0.5997664553743771,-0.004179045535073176,0.0
5134.0,163.13460149825863,130.81864015702834,0.0,0.5956058122424934,-0.004145024682249738,0.0
5135.0,163.96302431435544,131.37756484440206,0.0,0.5914784821659753,-0.004096441561850263,0.0
5136.0,164.79333425731727,131.93280939510328,0.0,0.5873837750655326,-0.003985549983878186,0.0
5137.0,165.62545217148406,132.48436471173633,0.0,0.5833210065063308,-0.0037587671295546644,0.0
5138.0,166.4592989011958,133.03222169690537,0.0,0.5792943703988411,-0.0033941917752136376,0.0
5139.0,167.29479238489498,133.57638096772214,0.0,0.5755070255508522,-0.0028902112376036344,0.0
5140.0,168.13173214688817,134.11723900351876,0.0,0.572422837505009,-0.002246695068062251,0.0
5141.0,168.96976065958384,134.65571731311525,0.0,0.5703266902980962,-0.0014640414843599284,0.0
5142.0,169.80850956825392,135.19277360079315,0.0,0.5692389192573816,-0.0005573900591126186,0.0
5143.0,170.64761051817027,135.729365570834,0.0,0.5691603806476755,0.0004250997293255922,0.0
5144.0,171.48669515460486,136.26645092751934,0.0,0.5700906699713164,0.0014292359117319962,0.0
5145.0,172.3253951228296,136.8049873751307,0.0,0.5720281261528165,0.0024323000505603715,0.0
5146.0,173.16334206811635,137.34593261794967,0.0,0.5749698089693002,0.003431638794042053,0.0
5147.0,174.0001676357371,137.89024436025775,0.0,0.5789114502971193,0.00442583935015107,0.0
5148.0,174.83550347096377,138.43888030633647,0.0,0.5838473802702339,0.005413407257296101,0.0
5149.0,175.6689812190682,138.9927981604674,0.0,0.5897704299930892,0.006391445060330966,0.0
5150.0,176.5002325253224,139.5529556269321,0.0,0.5966718130285567,0.007244667348867694,0.0
5151.0,177.32888903499818,140.12031041001208,0.0,0.6045409884925502,0.007556163153939524,0.0
5152.0,178.15458239336752,140.69582021398887,0.0,0.6133655092337281,0.006811458071431456,0.0
5153.0,178.97694424570236,141.28044274314405,0.0,0.6231126567330221,0.004779092674793158,0.0
5154.0,179.79562117047405,141.8751011360371,0.0,0.6321939454175451,0.0014316061263755506,0.0
5155.0,180.61154100843348,142.47775280670356,0.0,0.6363511693049614,-0.0032485314848119035,0.0
5156.0,181.42787798408318,143.08115548798335,0.0,0.632627053958402,-0.009282844313006086,0.0
5157.0,182.24803356811964,143.67754090830513,0.0,0.620722486510348,-0.01657860391531646,0.0
5158.0,183.07540923123946,144.25914079609763,0.0,0.6005328007800166,-0.024729089146992622,0.0
5159.0,183.91340644413924,144.8181868797895,0.0,0.5718942561588951,-0.03320393660557182,0.0
5160.0,184.76542667751553,145.34691088780949,0.0,0.5346240894257699,-0.04169293310060339,0.0
5161.0,185.63487140206487,145.83754454858624,0.0,0.4885820579103669,-0.04992993250508814,0.0
5162.0,186.52514208848385,146.28231959054852,0.0,0.4337558087542429,-0.05762133926845243,0.0
5163.0,187.43964020746907,146.67346774212498,0.0,0.370367302031115,-0.0647203838784812,0.0
5164.0,188.38176722971707,147.00322073174436,0.0,0.29928117502918755,-0.0713974112941245,0.0
5165.0,189.35337432094133,147.2639481370026,0.0,0.22295505718994296,-0.07773883447222914,0.0
5166.0,190.34719268254264,147.44883045947475,0.0,0.14277324999063457,-0.08318011765276752,0.0
5167.0,191.35262963703445,147.55134375157365,0.0,0.05765972129529345,-0.08659710064367515,0.0
5168.0,192.35908768444986,147.56496449451492,0.0,-0.03401733207689966,-0.08744168701850728,0.0
5169.0,193.3559693316727,147.48316918116504,0.0,-0.1319884838696985,-0.08586310583117746,0.0
5170.0,194.33459479133342,147.30269554256853,0.0,-0.2284100524836888,-0.08194490211233074,0.0
5171.0,195.29360613429003,147.03273281523764,0.0,-0.3143008794674606,-0.07558464740766505,0.0
5172.0,196.23339258888598,146.68544144057623,0.0,-0.3876465065725109,-0.06684448865376365,0.0
5173.0,197.15434338346455,146.27298185998796,0.0,-0.44870866788339603,-0.05672100212756769,0.0
5174.0,198.05684774636913,145.80751451487683,0.0,-0.49808699040330634,-0.04697736861492934,0.0
5175.0,198.9412949059431,145.30119984664657,0.0,-0.5364556840856105,-0.03869138606271339,0.0
5176.0,199.8080741614951,144.76619680991814,0.0,-0.5653729730136787,-0.032021793685057316,0.0
5177.0,200.6576917198001,144.21221504882143,0.0,-0.5891195931256563,-0.026901140686902004,0.0
5178.0,201.49100896438347,143.64152295357619,0.0,-0.6112744994345038,-0.023233480976449637,0.0
5179.0,202.30895447995294,143.05498099268132,0.0,-0.6323522914834552,-0.020855293146628307,0.0
5180.0,203.11245685121625,142.45344963463566,0.0,-0.6523079945632542,-0.01934626132544701,0.0
5181.0,203.90244466288118,141.83778934793824,0.0,-0.6711036333400763,-0.01814245892760869,0.0
5182.0,204.67984649965553,141.2088606010879,0.0,-0.6887077748191355,-0.01694960664540843,0.0
5183.0,205.44559094624708,140.5675238625836,0.0,-0.7050949863329501,-0.01573282587195856,0.0
5184.0,206.20060658736352,139.91463960092423,0.0,-0.7202452383626431,-0.014497170485860958,0.0
5185.0,206.94582200771268,139.25106828460872,0.0,-0.7341432791840388,-0.013247109430637125,0.0
5186.0,207.68216579200228,138.57767038213598,0.0,-0.7467780047696383,-0.011986524241096,0.0
5187.0,208.41056652494015,137.89530636200496,0.0,-0.7581418434844909,-0.01071872431975943,0.0
5188.0,209.131952791234,137.20483669271454,0.0,-0.768230171220893,-0.009446476602148986,0.0
5189.0,209.8472531755916,136.50712184276367,0.0,-0.7770407689672385,-0.008172046420867654,0.0
5190.0,210.55739626272072,135.80302228065122,0.0,-0.784573331560191,-0.0068972466944368415,0.0
5191.0,211.26331063732914,135.09339847487618,0.0,-0.7908290336120342,-0.0056234929665403156,0.0
5192.0,211.96592488412466,134.3791108939374,0.0,-0.7958101563647335,-0.004351861160232823,0.0
5193.0,212.66616758781495,133.66102000633384,0.0,-0.7995197774810907,-0.003074406177270957,0.0
5194.0,213.36496733310787,132.9399862805644,0.0,-0.8019615244951542,-0.0017443165859021674,0.0
5195.0,214.06325270471115,132.21687018512804,0.0,-0.803139391741794,-0.00028676926897322095,0.0
5196.0,214.76195228733255,131.49253218852363,0.0,-0.803057604689597,0.0013418156173222806,0.0
5197.0,215.46199467678545,130.76783279212714,0.0,-0.801598182319626,0.0031499582610744164,0.0
5198.0,216.1643973215091,130.04389553615343,0.0,-0.7982246150552296,0.005140824671104493,0.0
5199.0,216.87048131875272,129.3227428811323,0.0,-0.7924293446871632,0.007318330337326325,0.0
5200.0,217.5816325759178,128.60658915122283,0.0,-0.7841151705161491,0.009678059688653618,0.0
5201.0,218.2992370004061,127.89764867058395,0.0,-0.773266715805054,0.01217694680407371,0.0
5202.0,219.0246804996192,127.19813576337472,0.0,-0.7598626550364314,0.014743574543750254,0.0
5203.0,219.75934898095878,126.51026475375416,0.0,-0.7438777166723911,0.017336788632751166,0.0
5204.0,220.50462835182637,125.83624996588124,0.0,-0.7252852346956812,0.019948789804743794,0.0
5205.0,221.26190451962378,125.17830572391502,0.0,-0.7040603074221424,0.02257463202502911,0.0
5206.0,222.0325633917525,124.53864635201448,0.0,-0.6801836087077467,0.025205273731041936,0.0
5207.0,222.8179908756142,123.91948617433867,0.0,-0.6536458656370492,0.027826823011107272,0.0
5208.0,223.6195728786106,123.32303951504659,0.0,-0.6244529634177408,0.030404438648941257,0.0
5209.0,224.4386953081432,122.75152069829726,0.0,-0.592631559073337,0.03286653719940658,0.0
5210.0,225.27674407161376,122.20714404824969,0.0,-0.5582349804008984,0.035151120391223915,0.0
5211.0,226.13510507642386,121.69212388906287,0.0,-0.5213524488116721,0.0372548719351817,0.0
5212.0,227.01514707001564,121.2086765689521,0.0,-0.4823309522209739,0.03920849213064371,0.0
5213.0,227.91699957511776,120.75916460550572,0.0,-0.44178144311722306,0.0410471841586506,0.0
5214.0,228.83873997270382,120.34619257109883,0.0,-0.39993234575043796,0.042808733121408475,0.0
5215.0,229.77825281860396,119.9723877822708,0.0,-0.35659827621180823,0.04454921888269026,0.0
5216.0,230.73342266864805,119.64037755556093,0.0,-0.3115673564502576,0.0463582397638279,0.0
5217.0,231.70213407866612,119.3527892075086,0.0,-0.26463860480286927,0.04830123264865338,0.0
5218.0,232.68227160448816,119.11225005465306,0.0,-0.21562656070998246,0.050265370043671216,0.0
5219.0,233.6717198019442,118.92138741353372,0.0,-0.16436777596499982,0.051949414272028475,0.0
5220.0,234.66836322686413,118.78282860068987,0.0,-0.11072926267960657,0.05310936407615454,0.0
5221.0,235.67008643507802,118.69920093266087,0.0,-0.05476726910690713,0.05367314665054733,0.0
5222.0,236.6747495440226,118.67283430506043,0.0,0.0019518277560579866,0.05363692944083694,0.0
5223.0,237.67997153142167,118.70312388716007,0.0,0.05717433939027488,0.053005272058475404,0.0
5224.0,238.68323403344905,118.78779336964938,0.0,0.11015079642276182,0.05180133594626406,0.0
5225.0,239.68201709270875,118.92454704910469,0.0,0.16100809117204906,0.05017179575388026,0.0
5226.0,240.67380075180495,119.1110892221024,0.0,0.20991458432468593,0.04841475959855982,0.0
5227.0,241.65606505334162,119.34512418521885,0.0,0.2570621858493634,0.04671817512307381,0.0
5228.0,242.62629003992285,119.6243562350304,0.0,0.3026599856118197,0.045032512191306315,0.0
5229.0,243.58195575415277,119.94648966811341,0.0,0.34692971359165486,0.0432563205076385,0.0
5230.0,244.52054223863541,120.30922878104423,0.0,0.39000308793451566,0.04133656524253715,0.0
5231.0,245.4399502302981,120.71023413665289,0.0,0.43137649960155433,0.03923726701401666,0.0
5232.0,246.34046648792037,121.14691825621374,0.0,0.4702375586715449,0.036924919677741974,0.0
5233.0,247.22321793570134,121.61660632067031,0.0,0.5062736039321292,0.034374994037806306,0.0
5234.0,248.08933243474513,122.11662341356923,0.0,0.5394150796374404,0.03161715874506417,0.0
5235.0,248.93993784615586,122.64429461845705,0.0,0.5696288300199761,0.02874995694717108,0.0
5236.0,249.77616203103761,123.19694501888036,0.0,0.5969097446718861,0.025858911182181837,0.0
5237.0,250.5991328504945,123.77189969838574,0.0,0.6212729733835728,0.022976414632560296,0.0
5238.0,251.40997816563063,124.36648374051977,0.0,0.6427468365833956,0.020117194218777452,0.0
5239.0,252.2098258375501,124.97802222882903,0.0,0.6613666189500987,0.017334055575177285,0.0
5240.0,252.99980372735706,125.60384024686009,0.0,0.677169300204121,0.014742639743923449,0.0
5241.0,253.78103969615555,126.24126287815956,0.0,0.6901891882212927,0.01244155961097182,0.0
5242.0,254.55466160504974,126.88761520627399,0.0,0.7004954404990081,0.010457199126541963,0.0
5243.0,255.32177203060493,127.54030925913283,0.0,0.708719912245336,0.008784609193650761,0.0
5244.0,256.0831204872368,128.19797111768895,0.0,0.7158597622250511,0.0074182850104334095,0.0
5245.0,256.8391970720989,128.86011890502286,0.0,0.7223418822955228,0.006350482179591895,0.0
5246.0,257.59048588626695,129.5262913625589,0.0,0.7281723610095591,0.00553082463665881,0.0
5247.0,258.33747103081623,130.1960272317214,0.0,0.7333480868557714,0.00484269332888393,0.0
5248.0,259.08063660682245,130.8688652539347,0.0,0.7378663917157101,0.004184145906699386,0.0
5249.0,259.82046671536096,131.5443441706231,0.0,0.7417249875188773,0.003524062019117852,0.0
5250.0,260.5574454575074,132.22200272321098,0.0,0.7449219101386902,0.0028620631074796382,0.0
5251.0,261.29205693433715,132.90137965312266,0.0,0.7474554709360719,0.002198420570657127,0.0
5252.0,262.02478524692594,133.58201370178247,0.0,0.7493242162782934,0.001533369925446329,0.0
5253.0,262.7561144963491,134.2634436106147,0.0,0.7505268952944384,0.0008671190478713055,0.0
5254.0,263.4865287836822,134.94520812104378,0.0,0.751062436075607,0.00019985661778438543,0.0
5255.0,264.21651221000076,135.62684597449393,0.0,0.7509299304850743,-0.000468239278388611,0.0
5256.0,264.94654887638023,136.30789591238954,0.0,0.7501286277057617,-0.0011369924261890397,0.0
5257.0,265.6771228838963,136.98789667615497,0.0,0.7486579366220041,-0.0018062196793576233,0.0
5258.0,266.4087183336243,137.66638700721455,0.0,0.7465174371017395,-0.0024757221099517834,0.0
5259.0,267.1418193266398,138.34290564699256,0.0,0.7437069002151853,-0.0031452761509709482,0.0
5260.0,267.87690996401835,139.01699133691335,0.0,0.7402263173909,-0.00381462477555089,0.0
5261.0,268.6144743468355,139.68818281840126,0.0,0.7360759384681387,-0.004480458573577848,0.0
5262.0,269.35499657616657,140.35601883288066,0.0,0.7312563185532176,-0.00512227895171659,0.0
5263.0,270.09896075308734,141.02003812177583,0.0,0.7257683735240251,-0.005704390767705523,0.0
5264.0,270.8468509786732,141.67977942651115,0.0,0.7196134439460282,-0.006204303733580624,0.0
5265.0,271.5991513539997,142.3347814885109,0.0,0.7128355097476254,-0.0066179634104645635,0.0
5266.0,272.3562779098438,142.98463535403002,0.0,0.705676922245267,-0.006945530294032474,0.0
5267.0,273.11832608901017,143.62917840729955,0.0,0.6983948246129409,-0.007187218318255877,0.0
5268.0,273.8852970419127,144.2683204862883,0.0,0.691047178975969,-0.007346314024631436,0.0
5269.0,274.6571919060433,144.90197143889347,0.0,0.6836335902988834,-0.007443315449047098,0.0
5270.0,275.43401181889453,145.53004111301235,0.0,0.6761536776619047,-0.0075139428478770654,0.0
5271.0,276.2157579179587,146.1524393565423,0.0,0.6686070833525664,-0.007580741925986908,0.0
5272.0,277.00243134072815,146.76907601738057,0.0,0.6609934739962472,-0.007647858734742362,0.0
5273.0,277.79403322469506,147.37986094342443,0.0,0.6533125417099859,-0.007715267723459461,0.0
5274.0,278.5905647073519,147.98470398257126,0.0,0.6455640052779431,-0.0077829415889399955,0.0
5275.0,279.39202692619097,148.58351498271827,0.0,0.6377476113471501,-0.007850851827009944,0.0
5276.0,280.1984210187046,149.17620379176284,0.0,0.6298631356413092,-0.007918968715574348,0.0
5277.0,281.009748122385,149.76268025760217,0.0,0.6219103841910464,-0.007987261299764872,0.0
5278.0,281.8260093747246,150.34285422813363,0.0,0.6138891945782647,-0.008055697379355138,0.0
5279.0,282.64720591321577,150.9166355512545,0.0,0.6057994371924096,-0.008124243498637296,0.0
5280.0,283.4733388753507,151.48393407486208,0.0,0.5976410164957826,-0.008192864938961065,0.0
5281.0,284.3044093986218,152.04465964685363,0.0,0.5894138722954382,-0.008261525714139135,0.0
5282.0,285.1404186205213,152.59872211512646,0.0,0.5811179810186831,-0.00833018856889471,0.0
5283.0,285.9813676785417,153.14603132757787,0.0,0.5727533569888541,-0.008398814980573899,0.0
5284.0,286.82725771017516,153.68649713210522,0.0,0.5643200536980466,-0.00846780332791044,0.0
5285.0,287.678089852914,154.2200293766057,0.0,0.5558181650733166,-0.008542739875655443,0.0
5286.0,288.53386524425076,154.74653790897668,0.0,0.5472478267328318,-0.008636567451174455,0.0
5287.0,289.3945850216775,155.2659325771154,0.0,0.5386092172273258,-0.008760296409988377,0.0
5288.0,290.26025032268666,155.77812322891924,0.0,0.5298964249731488,-0.008917549976950481,0.0
5289.0,291.13085913650855,156.28300356254385,0.0,0.5210370700817962,-0.009109071573527411,0.0
5290.0,292.0063756486823,156.78029387226067,0.0,0.5119223236092986,-0.009335581038978148,0.0
5291.0,292.88674349361287,157.26960903052137,0.0,0.5025069373377649,-0.009597373889326723,0.0
5292.0,293.77190601550257,157.75056242111924,0.0,0.4927855817562916,-0.009889566763566733,0.0
5293.0,294.6618065585541,158.22276742784743,0.0,0.482753408020473,-0.01019992483666259,0.0
5294.0,295.5563884669699,158.68583743449923,0.0,0.4724055013939905,-0.010518146576800707,0.0
5295.0,296.45559508495273,159.13938582486784,0.0,0.46173690635590997,-0.010841313735923857,0.0
5296.0,297.3593697567051,159.58302598274645,0.0,0.4507426540091008,-0.01116937894080966,0.0
5297.0,298.26765582642963,160.01637129192827,0.0,0.4394177919687177,-0.011502303957174834,0.0
5298.0,299.18039663832883,160.43903513620654,0.0,0.4277574169031358,-0.011840016303074725,0.0
5299.0,300.09753553660533,160.85063089937447,0.0,0.4157567098879867,-0.012182406401754655,0.0
5300.0,301.01901586546165,161.25077196522534,0.0,0.4034109747174427,-0.012529324612005045,0.0
5301.0,301.9447809691005,161.63907171755227,0.0,0.39071567929657314,-0.012880578161839072,0.0
5302.0,302.87477419172444,162.0151435401485,0.0,0.3776665002102812,-0.013235928017873964,0.0
5303.0,303.808938877536,162.37860081680728,0.0,0.3642593705301644,-0.013595085729866573,0.0
5304.0,304.74721837073764,162.72905693132185,0.0,0.3504905308795835,-0.01395771029757446,0.0
5305.0,305.6895560155322,163.06612526748535,0.0,0.336356583726523,-0.014323405115502435,0.0
5306.0,306.63589515612216,163.38941920909105,0.0,0.321854550814364,-0.014691715059755538,0.0
5307.0,307.58617913671,163.69855213993216,0.0,0.30698193357293335,-0.015059277093227146,0.0
5308.0,308.54035130149845,163.99313744380188,0.0,0.29173677627504,-0.01539925502540407,0.0
5309.0,309.49835499469003,164.27278850449346,0.0,0.2761177316147802,-0.015657884230336084,0.0
5310.0,310.4601335604873,164.53711870580008,0.0,0.2601241282890878,-0.015795523726622164,0.0
5311.0,311.42563034309296,164.78574143151496,0.0,0.24379589381547997,-0.015802106785492678,0.0
5312.0,312.3947787183209,165.01834945896235,0.0,0.2274616504349695,-0.015676857060913443,0.0
5313.0,313.3674402890388,165.23520720326073,0.0,0.21153910488121228,-0.015419301595051307,0.0
5314.0,314.3434452178655,165.43682948633707,0.0,0.19616004733337478,-0.015032070614821463,0.0
5315.0,315.32262353407816,165.62373219212193,0.0,0.1813291675177011,-0.014541452061060502,0.0
5316.0,316.30480526695413,165.796431204546,0.0,0.1670493415193309,-0.014000837080256736,0.0
5317.0,317.28982044577043,165.95544240753978,0.0,0.1533222960538188,-0.013449659215847202,0.0
5318.0,318.2774990998044,166.10128168503388,0.0,0.1401487374432485,-0.012897936226697966,0.0
5319.0,319.2676712583332,166.23446492095889,0.0,0.12752847795235395,-0.012346547587461619,0.0
5320.0,320.260166950634,166.35550799924542,0.0,0.1154605582402335,-0.011796216323644871,0.0
5321.0,321.2548162059841,166.4649268038241,0.0,0.10394336495249272,-0.011247551929025042,0.0
5322.0,322.25144905366056,166.56323721862546,0.0,0.09297474272481161,-0.010701055799183772,0.0
5323.0,323.2498955229408,166.6509551275801,0.0,0.08255210008775771,-0.010157127133752797,0.0
5324.0,324.2499856431018,166.72859641461866,0.0,0.07267250895436381,-0.009616069129199168,0.0
5325.0,325.2515494434209,166.79667696367173,0.0,0.06333279753635289,-0.009078095309748761,0.0
5326.0,326.2544169531753,166.85571265866986,0.0,0.05452963667067675,-0.00854333586903307,0.0
5327.0,327.25841820164214,166.9062193835437,0.0,0.04625961964937153,-0.008011843918582227,0.0
5328.0,328.2633832180987,166.94871302222373,0.0,0.03851933573456633,-0.007483601561191199,0.0
5329.0,329.269142031822,166.9837094586407,0.0,0.03130543760625536,-0.006958525726809321,0.0
5330.0,330.27552467208955,167.0117245767251,0.0,0.02461470303985096,-0.006436473726071019,0.0
5331.0,331.2823611681783,167.03327426040755,0.0,0.018444091142119378,-0.005917248492040836,0.0
5332.0,332.2894815493656,167.0488743936187,0.0,0.012790793491920523,-0.005400603493913464,0.0
5333.0,333.29671584492854,167.05904086028903,0.0,0.007652280539778601,-0.004889857038833106,0.0
5334.0,334.3038940841445,167.0642895443492,0.0,0.003026343615275403,-0.0044073447445730244,0.0
5335.0,335.31084629629044,167.06513632972982,0.0,-0.0010888671199092423,-0.00399134387950562,0.0
5336.0,336.3174025106438,167.06209710036146,0.0,-0.004694808454057575,-0.003665205571613031,0.0
5337.0,337.3233927564816,167.05568774017473,0.0,-0.0078430494434996,-0.0034327296365189285,0.0
5338.0,338.32867628872924,167.04632225721932,0.0,-0.010800982798552404,-0.0032936265272365192,0.0
5339.0,339.3332374575108,167.0339785979195,0.0,-0.01384294688048637,-0.0032476552094951087,0.0
5340.0,340.3370940764269,167.01851806043445,0.0,-0.017026857090396943,-0.0032910178257156467,0.0
5341.0,341.34026395943835,166.99980194166858,0.0,-0.020352733665814058,-0.003400915333087323,0.0
5342.0,342.3427649205055,166.9776915385266,0.0,-0.02382056122013105,-0.003538630512543099,0.0
5343.0,343.3446147735889,166.952048147913,0.0,-0.02743028728676729,-0.0036804023975878395,0.0
5344.0,344.34583133264914,166.92273306673235,0.0,-0.031181820170808946,-0.0038220574239639146,0.0
5345.0,345.34643241164684,166.88960759188922,0.0,-0.03507502673446558,-0.003963552847326016,0.0
5346.0,346.34643582454254,166.85253302028815,0.0,-0.03910973012017658,-0.0041048436729268925,0.0
5347.0,347.34585938529665,166.81137064883376,0.0,-0.04328570741693649,-0.00424588255795291,0.0
5348.0,348.34472090786994,166.76598177443054,0.0,-0.047602687274769316,-0.004386619764092699,0.0
5349.0,349.3430382062229,166.71622769398311,0.0,-0.05206034747374002,-0.0045270031165141516,0.0
5350.0,350.340829094316,166.66196970439603,0.0,-0.05665831245413482,-0.004666977969814982,0.0
5351.0,351.3381113861098,166.6030691025738,0.0,-0.061396150814782155,-0.004806487181557345,0.0
5352.0,352.334902895565,166.53938718542105,0.0,-0.06627337278779016,-0.004945471094042678,0.0
5353.0,353.33122143664207,166.47078524984232,0.0,-0.07128942769805012,-0.005083867524899529,0.0
5354.0,354.3270848233015,166.39712459274216,0.0,-0.0764437014164727,-0.005221611767153776,0.0
5355.0,355.3225108695039,166.31826651102514,0.0,-0.08173551381703593,-0.0053586365994114675,0.0
5356.0,356.31751738920985,166.23407230159586,0.0,-0.0871641162480709,-0.005494872306708851,0.0
5357.0,357.3121221963799,166.14440326135878,0.0,-0.09272868902839736,-0.0056298613955337515,0.0
5358.0,358.30634310497464,166.0491206872186,0.0,-0.09842833898067249,-0.005760941544250214,0.0
5359.0,359.3001979289546,165.94808587607977,0.0,-0.10426209701366038,-0.005883551751621521,0.0
5360.0,360.2937044822803,165.84116012484688,0.0,-0.11022891576610383,-0.005994941991730197,0.0
5361.0,361.2868805789123,165.72820473042455,0.0,-0.11632227288589153,-0.006094812654436594,0.0
5362.0,362.27972979606335,165.6090935131386,0.0,-0.12251012396712012,-0.006183428530588177,0.0
5363.0,363.2721873949498,165.48376038779762,0.0,-0.128759230620688,-0.00626106514756839,0.0
5364.0,364.2641681699994,165.35215727291597,0.0,-0.13506276254000302,-0.006328394252253278,0.0
5365.0,365.2555869118286,165.21423609036034,0.0,-0.14142164263117915,-0.006388301155554933,0.0
5366.0,366.2463584110539,165.06994876199752,0.0,-0.1478367927913882,-0.006445578872071415,0.0
5367.0,367.23639745829206,164.91924720969422,0.0,-0.15430913205433347,-0.006503218744901555,0.0
5368.0,368.2256188441595,164.7620833553172,0.0,-0.1608395761292078,-0.006561771274655223,0.0
5369.0,369.21393735927285,164.59840912073312,0.0,-0.16742903690157293,-0.00662123239160543,0.0
5370.0,370.2012677942486,164.42817642780878,0.0,-0.174078421895235,-0.006681597363504391,0.0
5371.0,371.18752493970345,164.2513371984109,0.0,-0.1807886336940778,-0.006742860857073118,0.0
5372.0,372.1726235862538,164.06784335440616,0.0,-0.1875605693222775,-0.00680501689629788,0.0
5373.0,373.15647852451644,163.8776468176614,0.0,-0.19439511958276587,-0.006868058819678363,0.0
5374.0,374.13900454510764,163.68069951004324,0.0,-0.20129316835201727,-0.006931979236434297,0.0
5375.0,375.12011643864423,163.47695335341848,0.0,-0.20825559183054765,-0.00699676998176371,0.0
5376.0,376.09972899574257,163.26636026965386,0.0,-0.2152832577484034,-0.007062422071125551,0.0
5377.0,377.07775700701944,163.04887218061603,0.0,-0.22237702452390162,-0.007128925653582593,0.0
5378.0,378.05411526309115,162.8244410081718,0.0,-0.22953774037549135,-0.007196269964304538,0.0
5379.0,379.0287185545745,162.59301867418787,0.0,-0.23676624238555588,-0.0072644432762386715,0.0
5380.0,380.00148167208584,162.35455710053103,0.0,-0.2440633555152452,-0.007333432851047979,0.0
5381.0,380.972319406242,162.10900820906792,0.0,-0.25142989156969425,-0.007403224889397891,0.0
5382.0,381.9411465476593,161.85632392166534,0.0,-0.2588666481131342,-0.0074738043825238985,0.0
5383.0,382.90787788695445,161.59645616018997,0.0,-0.26637440733315826,-0.007542985763882838,0.0
5384.0,383.8724282147439,161.32935684650863,0.0,-0.27395393485381847,-0.007598614926081875,0.0
5385.0,384.83471232164436,161.05497790248796,0.0,-0.28160597849714497,-0.007621102878729025,0.0
5386.0,385.7946449982723,160.7732712499947,0.0,-0.28933126561923683,-0.0075989766214253985,0.0
5387.0,386.7521410366144,160.48418881335508,0.0,-0.29710013297592397,-0.007530265978062524,0.0
5388.0,387.7071454633291,160.18773678712301,0.0,-0.30477372307416173,-0.007414763224747504,0.0
5389.0,388.65971156630053,159.8841156911451,0.0,-0.31221825691087307,-0.007252283586287317,0.0
5390.0,389.60991685538806,159.57356952290627,0.0,-0.31940847123537497,-0.007044832856344956,0.0
5391.0,390.5578388404513,159.2563422798914,0.0,-0.3263435946444771,-0.006804403709406944,0.0
5392.0,391.50355503134955,158.9326779595854,0.0,-0.3330230038529514,-0.006550440434918021,0.0
5393.0,392.4471429379424,158.60282055947317,0.0,-0.33944621047145285,-0.006294286524364494,0.0
5394.0,393.3886800700891,158.26701407703956,0.0,-0.34561284811253734,-0.006037796369292692,0.0
5395.0,394.3282439376491,157.9255025097695,0.0,-0.3515226598692456,-0.005781074241335762,0.0
5396.0,395.26591205048203,157.5785298551479,0.0,-0.3571754862046415,-0.005524212580060385,0.0
5397.0,396.20176191844706,157.22634011065963,0.0,-0.36257125328270945,-0.005267292436833683,0.0
5398.0,397.1358710514039,156.86917727378957,0.0,-0.3677099617672403,-0.005010383942892132,0.0
5399.0,398.06831695921176,156.50728534202264,0.0,-0.3725916761088889,-0.004753546796651326,0.0
5400.0,398.99917715173024,156.14090831284378,0.0,-0.3772165143363608,-0.004496830765817924,0.0
5401.0,399.92852913881865,155.77029018373779,0.0,-0.381584638363301,-0.0042402762003826144,0.0
5402.0,400.85645043033645,155.3956749521896,0.0,-0.3856962448189718,-0.003983914553027839,0.0
5403.0,401.7830185361432,155.01730661568413,0.0,-0.38955155640803385,-0.0037277689039700895,0.0
5404.0,402.7083109660981,154.63542917170625,0.0,-0.39315081380076805,-0.0034718544877344964,0.0
5405.0,403.6324052300609,154.25028661774087,0.0,-0.3964942680545383,-0.0032161792197474004,0.0
5406.0,404.5553788378907,153.86212295127288,0.0,-0.3995821735639806,-0.0029607442210161966,0.0
5407.0,405.47730929944726,153.47118216978717,0.0,-0.4024147815368503,-0.0027055443396044715,0.0
5408.0,406.39827412458976,153.07770827076865,0.0,-0.4049923339910944,-0.002450568667897033,0.0
5409.0,407.31835082317775,152.68194525170222,0.0,-0.40731505826764197,-0.002195801054968277,0.0
5410.0,408.2376169050707,152.28413711007272,0.0,-0.40938316205359043,-0.0019427232506612569,0.0
5411.0,409.15614988012794,151.88452784336513,0.0,-0.4111968289096741,-0.0017052344585535878,0.0
5412.0,410.074027258209,151.48336144906426,0.0,-0.41275621429619075,-0.0015114716501467168,0.0
5413.0,410.99132654917327,151.08088192465507,0.0,-0.41406144209188406,-0.0013819987877096824,0.0
5414.0,411.9081252628802,150.67733326762243,0.0,-0.41513363851820445,-0.0013216676153039533,0.0
5415.0,412.82448487362103,150.27292048771758,0.0,-0.4161467594294905,-0.0013304931265317335,0.0
5416.0,413.74035033931165,149.86756530510837,0.0,-0.41732123593129994,-0.0014084751160196624,0.0
5417.0,414.6556151660144,149.46106434360618,0.0,-0.418724967417868,-0.0015541168491648755,0.0
5418.0,415.5701726331694,149.05321367602852,0.0,-0.42035837015965183,-0.0017535059586967694,0.0
5419.0,416.48391602021667,148.64380937519297,0.0,-0.42222157681765726,-0.001978494452818736,0.0
5420.0,417.3967386065961,148.23264751391704,0.0,-0.4243147311946928,-0.0022085096878831367,0.0
5421.0,418.30853367174774,147.81952416501818,0.0,-0.42663798530370395,-0.0024386936466197057,0.0
5422.0,419.2191944951116,147.40423540131403,0.0,-0.42919149606574575,-0.002669027413983298,0.0
5423.0,420.1286143561276,146.98657729562206,0.0,-0.431975421634507,-0.002899509444210821,0.0
5424.0,421.0366865342359,146.56634592075972,0.0,-0.4349899173450249,-0.003130133948318724,0.0
5425.0,421.9433043088763,146.14333734954465,0.0,-0.43823513128517083,-0.0033608905169448373,0.0
5426.0,422.84836095948896,145.7173476547943,0.0,-0.44171119948790444,-0.0035917637423766653,0.0
5427.0,423.75174976551375,145.28817290932622,0.0,-0.44541824074339714,-0.0038227328406278955,0.0
5428.0,424.65336400639063,144.85560918595797,0.0,-0.44935635103146176,-0.004053771274543276,0.0
5429.0,425.5530969615598,144.419452557507,0.0,-0.45352559757521566,-0.004284846379147325,0.0
5430.0,426.450841910461,143.97949909679087,0.0,-0.4579260125183104,-0.004515918990755085,0.0
5431.0,427.3464921325345,143.53554487662709,0.0,-0.46255758623001203,-0.0047469430815309755,0.0
5432.0,428.23994090722005,143.0873859698332,0.0,-0.4674202602437896,-0.004977865401465363,0.0
5433.0,429.1310815139577,142.63481844922674,0.0,-0.47251391983734825,-0.0052086251300301,0.0
5434.0,430.0198072321876,142.1776383876252,0.0,-0.4778383862645245,-0.005437861496678758,0.0
5435.0,430.90601134134954,141.7156418578461,0.0,-0.48339340865176805,-0.005656235557154098,0.0
5436.0,431.7895871208837,141.248624932707,0.0,-0.48917865557542445,-0.005846893273997265,0.0
5437.0,432.6704278502299,140.77638368502542,0.0,-0.495193706338523,-0.005998856958827558,0.0
5438.0,433.5484268088282,140.29871418761883,0.0,-0.501419953363302,-0.006110023280495951,0.0
5439.0,434.42349031941296,139.81544660212253,0.0,-0.507745190910657,-0.0061804616905557375,0.0
5440.0,435.2955922420892,139.32658759995982,0.0,-0.5140454950064426,-0.006210256704290559,0.0
5441.0,436.16472823061895,138.83220081055725,0.0,-0.520290808519016,-0.006200800061780253,0.0
5442.0,437.0308939494952,138.3323498913875,0.0,-0.5264813123242199,-0.006161469849481294,0.0
5443.0,437.8940850632114,137.82709849992312,0.0,-0.5326172155707529,-0.006109168371112123,0.0
5444.0,438.7542972362605,137.3165102936368,0.0,-0.5386987402032624,-0.006054931708978607,0.0
5445.0,439.61152613313584,136.80064893000107,0.0,-0.5447261203634862,-0.006000932770002179,0.0
5446.0,440.4657674183305,136.2795780664885,0.0,-0.5506996018032109,-0.0059471839630356495,0.0
5447.0,441.31701675633764,135.75336136057183,0.0,-0.5566194413094584,-0.005893696066734622,0.0
5448.0,442.1652698116505,135.22206246972354,0.0,-0.5624859061417007,-0.005840479303851874,0.0
5449.0,443.01052224876213,134.68574505141626,0.0,-0.5682992734815657,-0.005787543353899186,0.0
5450.0,443.8527697321659,134.14447276312265,0.0,-0.5740598298959062,-0.005734897365978074,0.0
5451.0,444.6920079263548,133.59830926231524,0.0,-0.5797678708123938,-0.00568254997175921,0.0
5452.0,445.52823249582207,133.04731820646666,0.0,-0.585423700008281,-0.005630509298670022,0.0
5453.0,446.36143910506104,132.49156325304955,0.0,-0.5910276291130047,-0.0055787829831174,0.0
5454.0,447.1916234185646,131.93110805953648,0.0,-0.5965799771233576,-0.005527378183756109,0.0
5455.0,448.01878110082606,131.36601628340009,0.0,-0.6020810699324304,-0.005476301594853398,0.0
5456.0,448.8429078163387,130.79635158211292,0.0,-0.6075312398722164,-0.005425559459586107,0.0
5457.0,449.66399922959545,130.22217761314764,0.0,-0.6129308252688992,-0.0053751575833150345,0.0
5458.0,450.48205100508966,129.6435580339768,0.0,-0.6182801700119863,-0.00532510134683586,0.0
5459.0,451.2970588073145,129.06055650207304,0.0,-0.6235796231366361,-0.005275395719502252,0.0
5460.0,452.1090183007631,128.47323667490895,0.0,-0.6288295384188551,-0.005226045272275912,0.0
5461.0,452.9179251499287,127.88166220995713,0.0,-0.6340302739839176,-0.005177054190643482,0.0
5462.0,453.7237750193043,127.28589676469021,0.0,-0.6391821919275724,-0.005128426287363184,0.0
5463.0,454.52656357338327,126.68600399658077,0.0,-0.6442856579501058,-0.005080165015085617,0.0
5464.0,455.3262864766587,126.08204756310141,0.0,-0.6493410410028725,-0.005032273478779166,0.0
5465.0,456.1229393936237,125.47409112172475,0.0,-0.6543487129470218,-0.0049847544479686735,0.0
5466.0,456.91651798877155,124.8621983299234,0.0,-0.6593090482246852,-0.004937608700173147,0.0
5467.0,457.70701792659537,124.24643284516996,0.0,-0.6642224235420047,-0.004890650103782598,0.0
5468.0,458.49443487158834,123.626858324937,0.0,-0.6690892175636765,-0.00484314807794773,0.0
5469.0,459.2787644882437,123.00353842669719,0.0,-0.673909810619375,-0.004794139123227672,0.0
5470.0,460.06000244105456,122.37653680792306,0.0,-0.6786845610607273,-0.00474313054648657,0.0
5471.0,460.83814450800105,121.74591709468247,0.0,-0.6834112393452074,-0.004690013540894846,0.0
5472.0,461.61319890224456,121.1117394719054,0.0,-0.6880825876959551,-0.00463471958649479,0.0
5473.0,462.3851973200963,120.47405762612392,0.0,-0.6926931212009393,-0.0045771833326488775,0.0
5474.0,463.1541740650076,119.83292452240678,0.0,-0.6972421782165625,-0.004517527495706782,0.0
5475.0,463.9201634404296,119.18839312582267,0.0,-0.7017296524616464,-0.004456420378309368,0.0
5476.0,464.6831997498136,118.5405164014403,0.0,-0.7061554499323321,-0.004394764316677996,0.0
5477.0,465.44331729661064,117.88934731432842,0.0,-0.7105194884048545,-0.004332991932485374,0.0
5478.0,466.20055038427216,117.23493882955572,0.0,-0.7148216969409752,-0.004271153028585779,0.0
5479.0,466.95493331624914,116.5773439121909,0.0,-0.7190620153965185,-0.004209258163218217,0.0
5480.0,467.7065003959931,115.9166155273027,0.0,-0.7232403939338679,-0.0041473174100584865,0.0
5481.0,468.4552859269549,115.25280663995983,0.0,-0.7273567925384292,-0.004085340362634502,0.0
5482.0,469.20132421258614,114.58597021523099,0.0,-0.7314111805399807,-0.0040233361391800605,0.0
5483.0,469.94464955633765,113.91615921818489,0.0,-0.735403536139053,-0.0039613133879121765,0.0
5484.0,470.685296261661,113.24342661389028,0.0,-0.7393338459389525,-0.0038992802926970855,0.0
5485.0,471.4232986320071,112.56782536741585,0.0,-0.7432021044837602,-0.003837244579054528,0.0
5486.0,472.1586909708274,111.88940844383033,0.0,-0.7470083138022543,-0.003775213520509912,0.0
5487.0,472.8915075815731,111.20822880820242,0.0,-0.7507524829589025,-0.003713193945220571,0.0
5488.0,473.62178276769527,110.52433942560084,0.0,-0.7544346276111538,-0.0036511922428424533,0.0
5489.0,474.34955083264515,109.83779326109429,0.0,-0.7580547695740195,-0.003589214371664182,0.0
5490.0,475.07484607987413,109.1486432797515,0.0,-0.7616129363921529,-0.0035272658659109236,0.0
5491.0,475.79770281283317,108.4569424466412,0.0,-0.7651091609189405,-0.0034653518432398796,0.0
5492.0,476.51815533497376,107.76274372683208,0.0,-0.7685434809035665,-0.003403477012402289,0.0
5493.0,477.2362379497469,107.06610008539286,0.0,-0.7719159385857466,-0.003341645680995145,0.0
5494.0,477.95198496060397,106.36706448739227,0.0,-0.7752265802981632,-0.0032798617633471184,0.0
5495.0,478.6654306709961,105.665689897899,0.0,-0.7784754560772514,-0.0032181287884940108,0.0
5496.0,479.3766093843745,104.96202928198177,0.0,-0.7816626192815539,-0.003156449908198014,0.0
5497.0,480.08555540419036,104.25613560470933,0.0,-0.7847881262185505,-0.00309482790501721,0.0
5498.0,480.79230303389494,103.54806183115035,0.0,-0.7878520357794025,-0.0030332652004021465,0.0
5499.0,481.4968865769396,102.83786092637357,0.0,-0.7908544090820206,-0.00297176385599652,0.0
5500.0,482.1993403367753,102.12558585544768,0.0,-0.7937953091220646,-0.0029103186595854725,0.0
5501.0,482.8996986168534,101.41128958344143,0.0,-0.796674800432086,-0.002848895105058837,0.0
5502.0,483.5979957206251,100.69502507542349,0.0,-0.7994929487489586,-0.0027874352166082994,0.0
5503.0,484.2942659515416,99.97684529646263,0.0,-0.802249820593798,-0.0027258982082746554,0.0
5504.0,484.98854361564594,99.25680320922177,0.0,-0.804945386140503,-0.0026642655229713874,0.0
5505.0,485.68086552342334,98.5349494516743,0.0,-0.8075793073282738,-0.002602522616866728,0.0
5506.0,486.37127566325796,97.81132799907726,0.0,-0.8101512305656656,-0.002540655441339087,0.0
5507.0,487.05981930138876,97.08598164054963,0.0,-0.8126610625542648,-0.0024786573712994387,0.0
5508.0,487.7465417040543,96.35895316521031,0.0,-0.8151087643214853,-0.0024165512392033046,0.0
5509.0,488.43148813749315,95.6302853621782,0.0,-0.8174943014956936,-0.002354383524625882,0.0
5510.0,489.1147038679442,94.90002102057227,0.0,-0.8198176440258103,-0.0022921837082821744,0.0
5511.0,489.7962341616458,94.16820292951142,0.0,-0.8220787659066829,-0.002229959246400935,0.0
5512.0,490.47612428483694,93.43487387811456,0.0,-0.8242776449109401,-0.0021677137995309726,0.0
5513.0,491.154419503756,92.70007665550062,0.0,-0.8264142623277616,-0.0021054507704171594,0.0
5514.0,491.8311650846418,91.96385405078856,0.0,-0.8284886027081193,-0.0020431733107627342,0.0
5515.0,492.506406293733,91.22624885309727,0.0,-0.8305006536172439,-0.0019808843280803724,0.0
5516.0,493.1801883972681,90.48730385154568,0.0,-0.8324504053933686,-0.001918586492619881,0.0
5517.0,493.852556661486,89.74706183525271,0.0,-0.8343378509139755,-0.0018562822443894,0.0
5518.0,494.5235563526253,89.0055655933373,0.0,-0.836162985369196,-0.0017939738001929875,0.0
5519.0,495.1932327369244,88.26285791491836,0.0,-0.8379258060415523,-0.001731663160755578,0.0
5520.0,495.8616310806224,87.51898158911483,0.0,-0.8396263120938278,-0.0016693521179048179,0.0
5521.0,496.52879664995754,86.7739794050456,0.0,-0.8412645043635048,-0.0016070422617489033,0.0
5522.0,497.1947747111688,86.02789415182963,0.0,-0.8428403851645603,-0.0015447349879058442,0.0
5523.0,497.8596105304946,85.28076861858582,0.0,-0.8443539580966303,-0.0014824315047675196,0.0
5524.0,498.52334937417385,84.53264559443313,0.0,-0.8458052278613812,-0.0014201328407804398,0.0
5525.0,499.186036508445,83.78356786849045,0.0,-0.8471942000862749,-0.0013578398517224421,0.0
5526.0,499.8477171995467,83.03357822987671,0.0,-0.8485208811551552,-0.0012955532279947707,0.0
5527.0,500.5084367137178,82.28271946771083,0.0,-0.8497852780469701,-0.0012332735019458608,0.0
5528.0,501.1682403171969,81.53103437111177,0.0,-0.8509873981812885,-0.0011710010551573835,0.0
5529.0,501.8271732762225,80.7785657291984,0.0,-0.8521272492708907,-0.0011087361257536685,0.0
5530.0,502.48528085703344,80.02535633108968,0.0,-0.8532048391822267,-0.0010464788157199135,0.0
5531.0,503.14260832586837,79.27144896590454,0.0,-0.8542201758030269,-0.0009842290981760577,0.0
5532.0,503.79920094896585,78.51688642276187,0.0,-0.8551732669168326,-0.0009219868246614517,0.0
5533.0,504.45510399256455,77.76171149078063,0.0,-0.8560641200851489,-0.0008597517324345056,0.0
5534.0,505.1103627229033,77.00596695907973,0.0,-0.8568927425370553,-0.000797523451736805,0.0
5535.0,505.76502240622057,76.24969561677808,0.0,-0.8576591410656682,-0.0007353015130357624,0.0
5536.0,506.419128308755,75.49294025299463,0.0,-0.8583633219317713,-0.0006730853542918675,0.0
5537.0,507.07272569674547,74.73574365684827,0.0,-0.8590052907754291,-0.0006110468652955931,0.0
5538.0,507.72585983643046,73.97814861745796,0.0,-0.8595850525341397,-0.0005508757959466164,0.0
5539.0,508.3785759940487,73.2201979239426,0.0,-0.8601026113682204,-0.0004960663273035508,0.0
5540.0,509.03091943583877,72.46193436542114,0.0,-0.8605579705938472,-0.00044922995908740806,0.0
5541.0,509.68293542803946,71.70340073101247,0.0,-0.8609535481424953,-0.00041100484407175745,0.0
5542.0,510.3346657308391,70.94463647555335,0.0,-0.8613105966034809,-0.0003813939453954838,0.0
5543.0,510.9861247649131,70.1856550537824,0.0,-0.8616567949762084,-0.00036039669539232404,0.0
5544.0,511.6373141154764,69.42645771381166,0.0,-0.8620010371582157,-0.0003478401146766294,0.0
5545.0,512.2882352936319,68.66704563327168,0.0,-0.8623433739683577,-0.00034203341917316,0.0
5546.0,512.9388898104826,67.9074199897931,0.0,-0.8626838051695392,-0.0003394814633267407,0.0
5547.0,513.5892791771307,67.14758196100648,0.0,-0.8630223305280209,-0.0003375718657776765,0.0
5548.0,514.2394049046795,66.38753272454247,0.0,-0.8633589498137944,-0.00033566568712820434,0.0
5549.0,514.8892685042316,65.62727345803157,0.0,-0.863693662800606,-0.0003337592838174427,0.0
5550.0,515.5388714868898,64.86680533910447,0.0,-0.8640264692656576,-0.00033185265940661416,0.0
5551.0,516.1882153637566,64.1061295453917,0.0,-0.864357368989654,-0.00032994581741406314,0.0
5552.0,516.8373016459351,63.345247254523876,0.0,-0.8646863617567143,-0.0003280387612994984,0.0
5553.0,517.486131844528,62.58415964413159,0.0,-0.8650134473546268,-0.00032613149450668886,0.0
5554.0,518.1347074706381,61.822867891845426,0.0,-0.8653386255746259,-0.00032422402044700907,0.0
5555.0,518.7830300353678,61.06137317529598,0.0,-0.8656618962109862,-0.0003223163424982887,0.0
5556.0,519.4311010498204,60.299676672113854,0.0,-0.8659832590616071,-0.0003204084639947099,0.0
5557.0,520.0789220250983,59.53777955992963,0.0,-0.8663027139277502,-0.0003185003882277984,0.0
5558.0,520.7264944723046,58.77568301637391,0.0,-0.8666202606138196,-0.00031659211847201435,0.0
5559.0,521.3738199025416,58.013388219077285,0.0,-0.8669358989275248,-0.00031468365796096957,0.0
5560.0,522.0208998269126,57.25089634567034,0.0,-0.8672496286797423,-0.00031277500989274065,0.0
5561.0,522.66773575652,56.48820857378367,0.0,-0.8675614496846996,-0.00031086617743538076,0.0
5562.0,523.3143292024665,55.72532608104788,0.0,-0.8678713617595207,-0.00030895716371797424,0.0
5563.0,523.9606816758552,54.96225004509355,0.0,-0.8681793647245262,-0.00030704797184111227,0.0
5564.0,524.6067946877888,54.19898164355127,0.0,-0.8684854584033295,-0.00030513860485981934,0.0
5565.0,525.2526697493698,53.435522054051646,0.0,-0.8687896426223356,-0.000303229065805734,0.0
5566.0,525.8983083717013,52.67187245422527,0.0,-0.8690919172110604,-0.0003013193576923423,0.0
5567.0,526.5437120658858,51.90803402170272,0.0,-0.8693922820019823,-0.00029940948347621587,0.0
5568.0,527.1888823430262,51.14400793411461,0.0,-0.8696907368304971,-0.0002974994460873998,0.0
5569.0,527.8338207142252,50.37979536909151,0.0,-0.8699872815350035,-0.0002955892484287308,0.0
5570.0,528.4785286905858,49.61539750426404,0.0,-0.8702819159567362,-0.00029367889336904895,0.0
5571.0,529.1230077832105,48.85081551726276,0.0,-0.8705746399397865,-0.00029176838374828887,0.0
5572.0,529.7672595032022,48.08605058571829,0.0,-0.8708654533311022,-0.0002898577223637844,0.0
5573.0,530.4112853616635,47.32110388726121,0.0,-0.871154355980296,-0.0002879469119982619,0.0
5574.0,531.0550868696976,46.555976599522126,0.0,-0.8714413477399133,-0.0002860359553871285,0.0
5575.0,531.6986655384065,45.790669900131604,0.0,-0.8717264284650421,-0.0002841248552311366,0.0
5576.0,532.3420228788939,45.02518496672027,0.0,-0.8720095980135515,-0.0002822136142253604,0.0
5577.0,532.9851604022618,44.259522976918696,0.0,-0.8722908562461639,-0.0002803022350080072,0.0
5578.0,533.6280796196133,43.493685108357475,0.0,-0.8725702030257786,-0.0002783907201939851,0.0
5579.0,534.2707820420513,42.727672538667214,0.0,-0.872847638218346,-0.0002764790723867514,0.0
5580.0,534.9132691806783,41.961486445478485,0.0,-0.8731231616922073,-0.00027456729413334797,0.0
5581.0,535.5555425465972,41.1951280064219,0.0,-0.8733967733181142,-0.00027265538795776374,0.0
5582.0,536.1976036509108,40.42859839912805,0.0,-0.8736684729695571,-0.00027074335636329786,0.0
5583.0,536.8394540047218,39.661898801227515,0.0,-0.873938260522451,-0.0002688312018109976,0.0
5584.0,537.481095119133,38.895030390350904,0.0,-0.8742061358551312,-0.0002669189267424099,0.0
5585.0,538.122528505247,38.127994344128794,0.0,-0.87447209884822,-0.000265006533575093,0.0
5586.0,538.763755674167,37.36079184019179,0.0,-0.8747361493849908,-0.0002630940246731082,0.0
5587.0,539.4047781369952,36.59342405617048,0.0,-0.8749982873509164,-0.0002611814023814686,0.0
5588.0,540.0455974048349,35.82589216969545,0.0,-0.8752585126337987,-0.0002592686690467892,0.0
5589.0,540.6862149887885,35.05819735839731,0.0,-0.8755168251239238,-0.0002573558269531793,0.0
5590.0,541.3266323999588,34.29034079990664,0.0,-0.8757732247135078,-0.00025544287835386044,0.0
5591.0,541.966851149449,33.52232367185404,0.0,-0.876027711297415,-0.00025352982550172086,0.0
5592.0,542.6068727483613,32.754147151870086,0.0,-0.8762802847725912,-0.0002516166705937889,0.0
5593.0,543.2466987077987,31.985812417585397,0.0,-0.876530945037964,-0.0002497034158210263,0.0
5594.0,543.8863305388641,31.217320646630547,0.0,-0.8767796919948972,-0.0002477900633435543,0.0
5595.0,544.52576975266,30.44867301663614,0.0,-0.877026525546842,-0.00024587661526698223,0.0
5596.0,545.1650178602894,29.67987070523276,0.0,-0.8772714455991936,-0.0002439630737071414,0.0
5597.0,545.8040763728551,28.910914890051,0.0,-0.8775144520597324,-0.00024204944073688163,0.0
5598.0,546.4429468014595,28.141806748721464,0.0,-0.8777555448380001,-0.00024013571839642808,0.0
5599.0,547.0816306572059,27.372547458874735,0.0,-0.8779947238457438,-0.00023822190871507814,0.0
5600.0,547.7201294511965,26.60313819814141,0.0,-0.8782319889967114,-0.0002363080136743102,0.0
5601.0,548.3584446945346,25.833580144152084,0.0,-0.8784673402064662,-0.00023439403524802162,0.0
5602.0,548.9965778983226,25.06387447453734,0.0,-0.878700777392823,-0.00023247997538408273,0.0
5603.0,549.6345305736634,24.294022366927784,0.0,-0.8789323004752236,-0.0002305658359833064,0.0
5604.0,550.2723042316597,23.524024998953994,0.0,-0.8791619093751427,-0.00022865161894882903,0.0
5605.0,550.9099003834145,22.753883548246577,0.0,-0.8793896040160621,-0.00022673732614314487,0.0
5606.0,551.5473205400302,21.983599192436117,0.0,-0.879615384323059,-0.00022482295940356997,0.0
5607.0,552.18456621261,21.21317310915321,0.0,-0.8798392502231626,-0.00022290852056128238,0.0
5608.0,552.8216389122563,20.442606476028452,0.0,-0.8800612016452987,-0.0002209940113890545,0.0
5609.0,553.458540150072,19.67190047069243,0.0,-0.8802812385199946,-0.0002190794336503329,0.0
5610.0,554.09527143716,18.90105627077574,0.0,-0.880499360779702,-0.00021716478910626432,0.0
5611.0,554.7318342846229,18.130075053908982,0.0,-0.8807155683585223,-0.0002152500794688523,0.0
5612.0,555.3682302035634,17.358957997722737,0.0,-0.8809298611921293,-0.00021333530642628614,0.0
5613.0,556.0044607050845,16.587706279847605,0.0,-0.8811422392180964,-0.0002114204716469931,0.0
5614.0,556.6405273002888,15.816321077914171,0.0,-0.8813527023756128,-0.0002095055767848567,0.0
5615.0,557.2764315002792,15.044803569553036,0.0,-0.8815612506054123,-0.00020759062347334788,0.0
5616.0,557.9121748161582,14.273154932394792,0.0,-0.8817678838498489,-0.00020567561330140212,0.0
5617.0,558.547758759029,13.50137634407003,0.0,-0.8819726020529056,-0.00020376054784461615,0.0
5618.0,559.183184839994,12.729468982209342,0.0,-0.8821754051603067,-0.00020184542866587472,0.0
5619.0,559.8184545701561,11.957434024443323,0.0,-0.8823762931189718,-0.00019993025730535057,0.0
5620.0,560.453569460618,11.185272648402565,0.0,-0.8825752658774736,-0.00019801503527416036,0.0
5621.0,561.0885310224827,10.412986031717663,0.0,-0.8827723233860603,-0.000196099764049662,0.0
5622.0,561.7233407668527,9.640575352019212,0.0,-0.8829674655962871,-0.00019418444509653306,0.0
5623.0,562.358000204831,8.868041786937797,0.0,-0.8831606924612491,-0.00019226907987345595,0.0
5624.0,562.9925108475201,8.095386514104014,0.0,-0.8833520039353437,-0.00019035366981594897,0.0
5625.0,563.626874206023,7.322610711148457,0.0,-0.8835413999745638,-0.00018843821631195752,0.0
5626.0,564.2610917914421,6.549715555701712,0.0,-0.8837288805360661,-0.00018652272073753956,0.0
5627.0,564.8951651148809,5.776702225394392,0.0,-0.8839144455786077,-0.00018460718446818212,0.0
5628.0,565.5290956874414,5.003571897857078,0.0,-0.8840980950623495,-0.00018269160883942003,0.0
5629.0,566.1628850202268,4.230325750720347,0.0,-0.8842798289483653,-0.00018077599518249006,0.0
5630.0,566.7965346243398,3.456964961614821,0.0,-0.8844596471994964,-0.0001788603447960676,0.0
5631.0,567.430046010883,2.6834907081710644,0.0,-0.8846375497796509,-0.00017694465894522803,0.0
5632.0,568.0634206909593,1.9099041680196982,0.0,-0.8848135366540085,-0.00017502893891409494,0.0
5633.0,568.6966601756716,1.1362065187912875,0.0,-0.8849876077891763,-0.00017311318593637198,0.0
5634.0,569.3297659761223,0.3623989381164534,0.0,-0.8851597631526424,-0.00017119740123160737,0.0
5635.0,569.9627396034148,-0.4115173963742398,0.0,-0.8853300027135479,-0.00016928158601413928,0.0
5636.0,570.595582568651,-1.1855413070501704,0.0,-0.8854983264419642,-0.00016736574145055042,0.0
5637.0,571.2282963829344,-1.9596716162807741,0.0,-0.8856647343090067,-0.0001654498687290015,0.0
5638.0,571.8608825573675,-2.7339071464354294,0.0,-0.8858292262873831,-0.00016353396899510778,0.0
5639.0,572.493342603053,-3.508246719883558,0.0,-0.8859918023504743,-0.00016161804336026604,0.0
5640.0,573.1256780310938,-4.282689158994581,0.0,-0.8861524624730183,-0.0001597020929586325,0.0
5641.0,573.7578903525927,-5.057233286137876,0.0,-0.8863112066310065,-0.00015778611886923293,0.0
5642.0,574.3899810786521,-5.831877923682879,0.0,-0.8864680348011154,-0.00015587012216520098,0.0
5643.0,575.0219517203753,-6.6066218939989705,0.0,-0.8866229469614405,-0.00015395410393118488,0.0
5644.0,575.6538037888646,-7.381464019455584,0.0,-0.8867759430909513,-0.00015203806519448987,0.0
5645.0,576.2855387952231,-8.156403122422098,0.0,-0.8869270231696078,-0.00015012200697037522,0.0
5646.0,576.9171582505535,-8.93143802526795,0.0,-0.8870761871785624,-0.0001482059302775261,0.0
5647.0,577.5486636659587,-9.706567550362516,0.0,-0.8872234350999667,-0.000146289836111424,0.0
5648.0,578.1800565525409,-10.481790520075233,0.0,-0.8873687669167809,-0.0001443737254504053,0.0
5649.0,578.8113384214035,-11.25710575677548,0.0,-0.8875121826129262,-0.00014245759924799307,0.0
5650.0,579.442510783649,-12.032512082832676,0.0,-0.887653682173515,-0.00014054145844495856,0.0
5651.0,580.0735751503803,-12.808008320616246,0.0,-0.8877932655844367,-0.00013862530396636333,0.0
5652.0,580.7045330326998,-13.583593292495566,0.0,-0.8879309328324281,-0.0001367091367315276,0.0
5653.0,581.3353859417108,-14.359265820840074,0.0,-0.888066683905214,-0.0001347929576465837,0.0
5654.0,581.9661353885157,-15.135024728019143,0.0,-0.8882005187915445,-0.00013287676758080448,0.0
5655.0,582.5967828842173,-15.910868836402216,0.0,-0.8883324374807322,-0.00013096056740006086,0.0
5656.0,583.2273299399186,-16.686796968358664,0.0,-0.8884624399632163,-0.00012904435796318961,0.0
5657.0,583.8577780667222,-17.462807946257932,0.0,-0.8885905262302771,-0.00012712814011101026,0.0
5658.0,584.4881287757307,-18.238900592469385,0.0,-0.8887166962738059,-0.0001252119146744533,0.0
5659.0,585.1183835780472,-19.01507372936246,0.0,-0.8888409500866598,-0.00012329568245100786,0.0
5660.0,585.7485439847743,-19.791326179306566,0.0,-0.888963287662467,-0.00012137944422767926,0.0
5661.0,586.378611507015,-20.56765676467109,0.0,-0.8890837089958457,-0.000119463200803503,0.0
5662.0,587.0085876558715,-21.34406430782546,0.0,-0.8892022140818734,-0.00011754695295343849,0.0
5663.0,587.638473942447,-22.12054763113906,0.0,-0.8893188029163892,-0.0001156307014244914,0.0
5664.0,588.2682718778443,-22.897105556981323,0.0,-0.8894334754962917,-0.00011371444695118527,0.0
5665.0,588.8979829731661,-23.67373690772163,0.0,-0.8895462318190404,-0.00011179819027278588,0.0
5666.0,589.527608739515,-24.45044050572941,0.0,-0.8896570718827734,-0.00010988193212062887,0.0
5667.0,590.157150687994,-25.227215173374052,0.0,-0.8897659956862962,-0.00010796567318168058,0.0
5668.0,590.7866103297058,-26.004059733024985,0.0,-0.889873003229333,-0.00010604941414587328,0.0
5669.0,591.4159891757531,-26.78097300705159,0.0,-0.889978094512205,-0.00010413315571064905,0.0
5670.0,592.0452887372386,-27.557953817823286,0.0,-0.8900812695357464,-0.00010221689854620986,0.0
5671.0,592.6745105252652,-28.335000987709492,0.0,-0.890182528301478,-0.00010030064330513693,0.0
5672.0,593.3036560509358,-29.112113339079595,0.0,-0.8902818708118962,-9.83843906251899e-05,0.0
5673.0,593.9327268253529,-29.889289694303024,0.0,-0.8903792970698666,-9.646814114536559e-05,0.0
5674.0,594.5617243596195,-30.666528875749155,0.0,-0.89047480707885,-9.45518955101643e-05,0.0
5675.0,595.1906501648381,-31.443829705787433,0.0,-0.8905684008430512,-9.263565433128722e-05,0.0
5676.0,595.8195057521117,-32.22119100678723,0.0,-0.8906600783672395,-9.071941819056254e-05,0.0
5677.0,596.4482926325429,-32.99861160111798,0.0,-0.890749839656747,-8.880318768922367e-05,0.0
5678.0,597.0770123172348,-33.77609031114907,0.0,-0.8908376847176197,-8.688696342712408e-05,0.0
5679.0,597.7056663172897,-34.55362595924993,0.0,-0.8909236135563926,-8.497074597188117e-05,0.0
5680.0,598.3342561438106,-35.33121736778993,0.0,-0.8910076261800381,-8.30545358819133e-05,0.0
5681.0,598.9627833079004,-36.1088633591385,0.0,-0.8910897225963276,-8.113833371236373e-05,0.0
5682.0,599.5912493206617,-36.88656275566507,0.0,-0.8911699028135533,-7.922214000985868e-05,0.0
5683.0,600.2196556931972,-37.664314379739004,0.0,-0.8912481668403437,-7.730595531855813e-05,0.0
5684.0,600.8480039366099,-38.442117053729746,0.0,-0.8913245146859896,-7.538978016919622e-05,0.0
5685.0,601.4762955620023,-39.21996960000667,0.0,-0.8913989463603502,-7.347361507213459e-05,0.0
5686.0,602.1045320804775,-39.997870840939214,0.0,-0.8914714618738001,-7.155746053354766e-05,0.0
5687.0,602.7327150031379,-40.77581959889675,0.0,-0.8915420612370905,-6.964131706888033e-05,0.0
5688.0,603.3608458410866,-41.55381469624873,0.0,-0.891610744461644,-6.77251851809446e-05,0.0
5689.0,603.988926105426,-42.33185495536451,0.0,-0.8916775115592468,-6.580906534543145e-05,0.0
5690.0,604.6169573072593,-43.10993919861355,0.0,-0.8917423625421199,-6.389295804508961e-05,0.0
5691.0,605.244940957689,-43.88806624836521,0.0,-0.8918052974231777,-6.197686375635543e-05,0.0
5692.0,605.872878567818,-44.66623492698892,0.0,-0.8918663162156953,-6.006078293331012e-05,0.0
5693.0,606.5007716487488,-45.444444056854095,0.0,-0.891925418933291,-5.814471604799674e-05,0.0
5694.0,607.1286217115846,-46.22269246033012,0.0,-0.8919826055902308,-5.622866355301356e-05,0.0
5695.0,607.7564302674276,-47.00097895978643,0.0,-0.8920378762010926,-5.4312625884908196e-05,0.0
5696.0,608.3841988273812,-47.779302377592394,0.0,-0.8920912307808645,-5.2396603496635794e-05,0.0
5697.0,609.0119289025477,-48.55766153611747,0.0,-0.8921426693451742,-5.0480596819668655e-05,0.0
5698.0,609.6396220040301,-49.33605525773101,0.0,-0.8921921919098657,-4.8564606269261924e-05,0.0
5699.0,610.2672796429312,-50.11448236480246,0.0,-0.8922397984913961,-4.6648632277998145e-05,0.0
5700.0,610.8949033303536,-50.8929416797012,0.0,-0.8922854891065432,-4.4732675269474965e-05,0.0
5701.0,611.5224945774,-51.67143202479667,0.0,-0.892329263772454,-4.2816735652825445e-05,0.0
5702.0,612.1500548951734,-52.44995222245824,0.0,-0.8923711225066391,-4.090081382939521e-05,0.0
5703.0,612.7775857947765,-53.22850109505534,0.0,-0.89241106532721,-3.898491019815082e-05,0.0
5704.0,613.4050887873121,-54.00707746495739,0.0,-0.8924490922526013,-3.7069025166520344e-05,0.0
5705.0,614.0325653838829,-54.78568015453376,0.0,-0.8924852033015781,-3.515315912845849e-05,0.0
5706.0,614.6600170955917,-55.564307986153885,0.0,-0.8925193984932952,-3.323731247113968e-05,0.0
5707.0,615.2874454335413,-56.34295978218716,0.0,-0.8925516778474182,-3.132148557705954e-05,0.0
5708.0,615.9148519088343,-57.121634365003004,0.0,-0.8925820413839103,-2.9405678830236272e-05,0.0
5709.0,616.5422380325736,-57.9003305569708,0.0,-0.8926104891229812,-2.7489892613149648e-05,0.0
5710.0,617.169605315862,-58.67904718045997,0.0,-0.8926370210854638,-2.557412729601939e-05,0.0
5711.0,617.7969552698022,-59.457783057839954,0.0,-0.8926616372924263,-2.3658383251230166e-05,0.0
5712.0,618.4242894054971,-60.236537011480095,0.0,-0.8926843377653764,-2.1742660853854962e-05,0.0
5713.0,619.0516092340492,-61.01530786374983,0.0,-0.892705122526081,-1.982696047224992e-05,0.0
5714.0,619.6789162665617,-61.79409443701857,0.0,-0.8927239915967766,-1.7911282466198664e-05,0.0
5715.0,620.3062120141369,-62.572895553655734,0.0,-0.8927409450000691,-1.5995627190932916e-05,0.0
5716.0,620.9334979878779,-63.351710036030724,0.0,-0.8927559827587764,-1.4079995017544723e-05,0.0
5717.0,621.5607756988873,-64.13053670651291,0.0,-0.8927691048962801,-1.2164386305690831e-05,0.0
5718.0,622.1880466582678,-64.90937438747174,0.0,-0.8927803114361368,-1.0248801400190655e-05,0.0
5719.0,622.8153123771224,-65.6882219012766,0.0,-0.892789602402339,-8.333240665102182e-06,0.0
5720.0,623.4425743665538,-66.46707807029694,0.0,-0.8927969778193641,-6.4177044561963825e-06,0.0
5721.0,624.0698341376645,-67.24594171690211,0.0,-0.8928024377117733,-4.50219312480333e-06,0.0
5722.0,624.6970932015578,-68.02481166346153,0.0,-0.8928059821046751,-2.5867070250445193e-06,0.0
5723.0,625.3243530693359,-68.80368673234462,0.0,-0.8928076110234818,-6.712465110017947e-07,0.0
5724.0,625.951615252102,-69.58256574592077,0.0,-0.8928073244939615,1.2441880693888787e-06,0.0
5725.0,626.5788812609585,-70.36144752655945,0.0,-0.8928051225422027,3.159596374932175e-06,0.0
5726.0,627.2061526070086,-71.14033089662998,0.0,-0.8928010051946237,5.074978036819936e-06,0.0
5727.0,627.8334308013547,-71.9192146785018,0.0,-0.8927949724782334,6.990332692532622e-06,0.0
5728.0,628.4607173550995,-72.69809769454433,0.0,-0.8927870244199325,8.905660012175393e-06,0.0
5729.0,629.0880137793463,-73.476978767127,0.0,-0.8927771610472668,1.0820959642070843e-05,0.0
5730.0,629.7153215851976,-74.25585671861914,0.0,-0.8927653823883747,1.2736231217463127e-05,0.0
5731.0,630.3426422837558,-75.03473037139021,0.0,-0.8927516884713732,1.465147437965505e-05,0.0
5732.0,630.969977386124,-75.81359854780962,0.0,-0.8927360793246205,1.656668876573056e-05,0.0
5733.0,631.5973284034052,-76.59246007024679,0.0,-0.8927185549772169,1.8481874034264362e-05,0.0
5734.0,632.2246968467018,-77.37131376107108,0.0,-0.8926991154585957,2.0397029830984282e-05,0.0
5735.0,632.8520842271166,-78.15015844265191,0.0,-0.892677760798255,2.2312155773347122e-05,0.0
5736.0,633.4794920557525,-78.9289929373587,0.0,-0.8926544910262241,2.4227251496470154e-05,0.0
5737.0,634.1069218437123,-79.70781606756087,0.0,-0.8926293061729377,2.6142316643797325e-05,0.0
5738.0,634.7343751020986,-80.48662665562783,0.0,-0.8926022062691764,2.8057350840985217e-05,0.0
5739.0,635.3618533420142,-81.26542352392894,0.0,-0.8925731913459904,2.9972353710811763e-05,0.0
5740.0,635.9893580745621,-82.04420549483365,0.0,-0.8925422614348963,3.188732488624517e-05,0.0
5741.0,636.6168908108449,-82.82297139071134,0.0,-0.8925094165679031,3.380226399287859e-05,0.0
5742.0,637.2444530619653,-83.60172003393146,0.0,-0.8924746567771739,3.571717063132513e-05,0.0
5743.0,637.872046339026,-84.38045024686336,0.0,-0.8924379820953539,3.763204441019154e-05,0.0
5744.0,638.49967215313,-85.15916085187648,0.0,-0.8923993925554005,3.954688496359588e-05,0.0
5745.0,639.12733201538,-85.93785067134023,0.0,-0.8923588881908133,4.146169189906639e-05,0.0
5746.0,639.7550274368788,-86.71651852762399,0.0,-0.892316469035515,4.337646479955571e-05,0.0
5747.0,640.382759928729,-87.49516324309722,0.0,-0.8922721351236291,4.5291203253956204e-05,0.0
5748.0,641.0105310020334,-88.27378364012928,0.0,-0.8922258864896799,4.720590686219899e-05,0.0
5749.0,641.6383421678951,-89.05237854108958,0.0,-0.89217772316881,4.912057523282736e-05,0.0
5750.0,642.2661949374165,-89.83094676834753,0.0,-0.8921276451965239,5.10352079376283e-05,0.0
5751.0,642.8940908217005,-90.60948714427258,0.0,-0.892075652608675,5.294980452907883e-05,0.0
5752.0,643.5220313318497,-91.38799849123407,0.0,-0.892021745441468,5.486436459200312e-05,0.0
5753.0,644.1500179789672,-92.16647963160145,0.0,-0.8919659237316008,5.677888770705408e-05,0.0
5754.0,644.7780522741556,-92.9449293877441,0.0,-0.8919081875164165,5.869337342543991e-05,0.0
5755.0,645.4061357285176,-93.72334658203145,0.0,-0.8918485368334854,6.0607821294332365e-05,0.0
5756.0,646.0342698531559,-94.50173003683292,0.0,-0.8917869717207165,6.252223085547102e-05,0.0
5757.0,646.6624561591736,-95.28007857451789,0.0,-0.8917234922167186,6.443660165377546e-05,0.0
5758.0,647.2906961576732,-96.05839101745576,0.0,-0.8916580983605241,6.635093323043018e-05,0.0
5759.0,647.9189913597576,-96.83666618801595,0.0,-0.8915907901914982,6.826522510343974e-05,0.0
5760.0,648.5473432765294,-97.6149029085679,0.0,-0.8915215677495939,7.01794767889452e-05,0.0
5761.0,649.1757534190916,-98.39310000148095,0.0,-0.8914504310752706,7.209368780319858e-05,0.0
5762.0,649.8042232985467,-99.17125628912454,0.0,-0.8913773802094054,7.400785765252334e-05,0.0
5763.0,650.4327544259977,-99.9493705938681,0.0,-0.8913024151933484,7.592198582777916e-05,0.0
5764.0,651.0613483125472,-100.72744173808103,0.0,-0.8912255360690415,7.783607181202237e-05,0.0
5765.0,651.6900064692982,-101.5054685441327,0.0,-0.8911467428789565,7.975011509549409e-05,0.0
5766.0,652.3187304073531,-102.28344983439253,0.0,-0.8910660356659306,8.166411514257517e-05,0.0
5767.0,652.9475216378152,-103.06138443122994,0.0,-0.8909834144735727,8.357807140977969e-05,0.0
5768.0,653.5763816717866,-103.83927115701432,0.0,-0.8908988793459235,8.549198336171847e-05,0.0
5769.0,654.2053120203707,-104.61710883411514,0.0,-0.8908124303274155,8.740585042964011e-05,0.0
5770.0,654.8343141946699,-105.39489628490175,0.0,-0.8907240674633422,8.931967205088359e-05,0.0
5771.0,655.463389705787,-106.17263233174353,0.0,-0.8906337907993108,9.12334476638743e-05,0.0
5772.0,656.0925400648249,-106.95031579700994,0.0,-0.8905416003816231,9.314717667425436e-05,0.0
5773.0,656.7217667828863,-107.7279455030704,0.0,-0.890447496257249,9.506085849123444e-05,0.0
5774.0,657.3510713710739,-108.50552027229425,0.0,-0.8903514784735419,9.697449250059949e-05,0.0
5775.0,657.9804553404906,-109.28303892705094,0.0,-0.89025354707866,9.888807807968096e-05,0.0
5776.0,658.609920202239,-110.06050028970988,0.0,-0.8901537021212395,0.00010080161462726929,0.0
5777.0,659.2394674674222,-110.83790318264045,0.0,-0.890051943650641,0.00010271510149912583,0.0
5778.0,659.8690986471427,-111.61524642821212,0.0,-0.8899482717170036,0.00010462853803002079,0.0
5779.0,660.4988152525032,-112.39252884879421,0.0,-0.8898426863708148,0.00010654192356803125,0.0
5780.0,661.1286187946065,-113.16974926675617,0.0,-0.8897351876632755,0.00010845525745005271,0.0
5781.0,661.7585107845557,-113.94690650446742,0.0,-0.8896257756465276,0.00011036853899600218,0.0
5782.0,662.3884927334532,-114.72399938429737,0.0,-0.889514450373254,0.00011228176751106244,0.0
5783.0,663.0185661524018,-115.50102672861539,0.0,-0.889401211896693,0.00011419494227956787,0.0
5784.0,663.6487325525044,-116.2779873597909,0.0,-0.8892860602708867,0.00011610806258017485,0.0
5785.0,664.2789934448639,-117.05488010019332,0.0,-0.8891689955508139,0.00011802112769789975,0.0
5786.0,664.9093503405826,-117.83170377219209,0.0,-0.8890500177918497,0.00011993413688113748,0.0
5787.0,665.5398047507639,-118.60845719815653,0.0,-0.8889291270503267,0.00012184708936603869,0.0
5788.0,666.1703581865099,-119.38513920045611,0.0,-0.888806323383354,0.0001237599843926716,0.0
5789.0,666.801012158924,-120.1617486014602,0.0,-0.888681606848657,0.0001256728211754424,0.0
5790.0,667.4317681791084,-120.93828422353825,0.0,-0.888554977504954,0.00012758559891987546,0.0
5791.0,668.0626277581663,-121.71474488905967,0.0,-0.8884264354115011,0.00012949831681222497,0.0
5792.0,668.6935924072003,-122.49112942039383,0.0,-0.8882959806287021,0.0001314109740226229,0.0
5793.0,669.324663637313,-123.26743663991014,0.0,-0.8881636132175053,0.00013332356972327913,0.0
5794.0,669.9558429596076,-124.04366536997802,0.0,-0.8880293332397928,0.00013523610305916329,0.0
5795.0,670.5871318851866,-124.81981443296692,0.0,-0.8878931407585167,0.00013714857315817134,0.0
5796.0,671.2185319251527,-125.59588265124616,0.0,-0.8877550358371776,0.00013906097913973792,0.0
5797.0,671.8500445906087,-126.37186884718517,0.0,-0.8876150185403076,0.00014097332010493916,0.0
5798.0,672.4816713926574,-127.1477718431534,0.0,-0.8874730889333193,0.00014288559515148892,0.0
5799.0,673.1134138424018,-127.9235904615202,0.0,-0.8873292470826695,0.00014479780334684743,0.0
5800.0,673.7452734509442,-128.69932352465509,0.0,-0.8871834930555815,0.0001467099437326702,0.0
5801.0,674.3772517293878,-129.47496985492734,0.0,-0.8870358269202474,0.00014862201536463323,0.0
5802.0,675.0093501888351,-130.25052827470643,0.0,-0.8868862487459412,0.00015053401727760374,0.0
5803.0,675.6415703403892,-131.02599760636173,0.0,-0.8867347586028972,0.00015244594846385611,0.0
5804.0,676.2739136951524,-131.8013766722627,0.0,-0.8865813565623306,0.00015435780790675914,0.0
5805.0,676.9063817642276,-132.57666429477868,0.0,-0.8864260426961914,0.00015626959459635878,0.0
5806.0,677.5389760587179,-133.35185929627914,0.0,-0.8862688170779109,0.00015818130750676934,0.0
5807.0,678.1716980897259,-134.12696049913347,0.0,-0.8861096797818461,0.00015410224522281545,0.0
5808.0,678.8045493683542,-134.9019667257111,0.0,-0.8859486308832882,0.00014389588592613904,0.0
5809.0,679.4375314057055,-135.67687679838136,0.0,-0.8857856704585514,0.000133523878138943,0.0
5810.0,680.070645712883,-136.4516895395137,0.0,-0.8856207985851923,0.00012880570527929694,0.0
5811.0,680.7038938009892,-137.2264037714775,0.0,-0.8855378851469161,0.00012964311677242973,0.0
